profile,component,cycles:u,instructions:u,mem_inst_retired.all_loads:u,mem_inst_retired.all_stores:u,ipc
1152-exp017,gt_forward,1222.0380859375,3069.000732421875,808.00048828125,213.0,2.511378955973747
1152-exp017,h4_exact_egress,1758.444580078125,4723.002685546875,1687.001708984375,126.0,2.6858979458636334
1152-exp017,official_forward,1213.97900390625,3420.99951171875,372.001220703125,287.0,2.818005501504487
1152-exp017,official_tail,1412.756103515625,4835.000244140625,661.001708984375,355.0,3.4223885015317155
1152-exp017,serializer_v2,451.78662109375,1158.998046875,125.000244140625,51.0,2.5653660218382095
1152-exp017,serializer_v2_hash_g,18295.88623046875,43212.013916015625,5732.010009765625,564.0,2.3618431690973907
1152-official-caller-building-blocks,hash_f,15538.621826171875,36354.009765625,4915.008056640625,449.0,2.3395903557156874
1152-official-caller-building-blocks,hash_g,17851.7734375,42079.01025390625,5639.0087890625,565.0,2.357133334748342
1152-official-caller-building-blocks,hash_h,4750.612060546875,11225.003173828125,1474.00244140625,166.0,2.3628540976961903
1152-official-caller-building-blocks,poly_add,-22.283203125,-45.0,94.0,64.0,2.0194583223770706
1152-official-caller-building-blocks,poly_sub,-17.222900390625,-9.00146484375,100.0,65.0,0.5226451201360833
1152-official-caller-building-blocks,sotp_decode,133.92431640625,486.998046875,125.0,47.0,3.636367613762729
1152-official-caller-building-blocks,sotp_encode,70.576171875,315.99951171875,-19.999755859375,74.0,4.477424934274249
1152-official-v3,baseinv,1243.070556640625,3342.99267578125,326.998779296875,430.0,2.6893024357488002
1152-official-v3,basemul,626.14111328125,2124.9912109375,265.998291015625,128.0,3.393789620045277
1152-official-v3,basemul_scale,492.095703125,1655.99072265625,197.998046875,57.0,3.365180212182431
1152-official-v3,forward_small,1056.9033203125,2973.990234375,293.998291015625,274.0,2.813871597541831
1152-official-v3,inverse,1136.864013671875,3558.99169921875,322.99853515625,278.0,3.1305342208201488
1152-official-v3,poly_frombytes,82.553466796875,341.98974609375,-11.001953125,60.0,4.142645480113208
1152-official-v3,poly_tobytes,200.926513671875,650.9931640625,4.998291015625,43.0,3.2399565003432587
768-gt32-clean,baseinv_j1,940.30419921875,1997.99951171875,208.00146484375,190.0,2.1248437616026647
768-gt32-clean,basemul_general_m,461.568115234375,1484.003173828125,323.001220703125,80.0,3.215133638671246
768-gt32-clean,basemul_scale_m,391.14111328125,1270.00048828125,209.0009765625,45.0,3.246911268486512
768-gt32-clean,forward_m_full,605.53125,1613.0009765625,401.001220703125,90.0,2.6637782551478555
768-gt32-clean,forward_p_full,627.7314453125,1627.998779296875,419.001220703125,91.0,2.593463799613253
768-gt32-clean,inverse_m_full,724.266845703125,1921.001220703125,433.00146484375,95.0,2.6523390268378213
768-gt32-clean,q24_pack_m,167.755859375,601.0,142.000244140625,97.0,3.5825872326553423
768-gt32-clean,q24_unpack_m,148.700927734375,546.000244140625,140.000732421875,49.0,3.671801194918886
768-official-caller-building-blocks,hash_f,10700.1416015625,25138.00634765625,3391.00537109375,317.0,2.3493152972840514
768-official-caller-building-blocks,hash_g,11926.998291015625,28088.0048828125,3767.005859375,393.0,2.3549936201441937
768-official-caller-building-blocks,hash_h,2395.998779296875,5780.999267578125,783.0009765625,124.0,2.41277220903869
768-official-caller-building-blocks,poly_add,-52.632080078125,-137.001708984375,45.999755859375,40.0,2.6030076862061127
768-official-caller-building-blocks,poly_sub,-44.62353515625,-101.00244140625,51.999755859375,41.0,2.263434330171027
768-official-caller-building-blocks,sotp_decode,55.99609375,205.9970703125,46.0,21.0,3.678775723753052
768-official-caller-building-blocks,sotp_encode,0.005126953125,92.99951171875,-25.999755859375,42.0,18139.333333333332
768-official-v3,baseinv,915.464599609375,2295.997802734375,232.00048828125,325.0,2.5080137492089456
768-official-v3,basemul,363.930419921875,1239.99951171875,146.000244140625,80.0,3.4072433735683347
768-official-v3,basemul_scale,273.762939453125,932.998291015625,102.0,33.0,3.4080518454375284
768-official-v3,forward_small,594.0068359375,1740.000244140625,207.000244140625,224.0,2.9292596294694895
768-official-v3,inverse,639.3056640625,2162.99951171875,234.000244140625,228.0,3.3833573411095106
768-official-v3,poly_frombytes,13.20556640625,83.99755859375,-32.0,36.0,6.36076908855611
768-official-v3,poly_tobytes,87.570068359375,296.998046875,-18.999755859375,25.0,3.391547505206489
864-d3-mr32-v2,d3_baseline,31.924560546875,81.997802734375,30.000244140625,8.0,2.568486498474339
864-d3-mr32-v2,d3_mr32,47.02685546875,124.9990234375,63.000244140625,3.0,2.658034907746779
864-official-caller-building-blocks,hash_f,11904.181396484375,27939.005859375,3771.00634765625,349.0,2.346990937791501
864-official-caller-building-blocks,hash_g,13155.2529296875,30920.00927734375,4153.006591796875,432.0,2.3503926106632638
864-official-caller-building-blocks,hash_h,3542.15478515625,8484.003173828125,1124.001708984375,143.0,2.3951531450238086
864-official-caller-building-blocks,poly_add,-41.020751953125,-113.998291015625,58.00048828125,46.0,2.779039524821302
864-official-caller-building-blocks,poly_sub,-40.624267578125,-77.996337890625,64.0,47.0,1.919944470152707
864-official-caller-building-blocks,sotp_decode,102.955322265625,349.00146484375,92.0,36.0,3.3898341257514137
864-official-caller-building-blocks,sotp_encode,37.717041015625,201.004150390625,-23.0,58.0,5.329266161344821
864-official-v3,baseinv,824.7998046875,2362.001953125,291.0009765625,394.0,2.863727585410759
864-official-v3,basemul,307.39599609375,1094.9990234375,121.000732421875,92.0,3.562177248084734
864-official-v3,basemul_scale,206.482421875,738.00048828125,71.000244140625,39.0,3.574156490318675
864-official-v3,forward_small,725.88134765625,2309.001708984375,275.00048828125,256.0,3.180962999586306
864-official-v3,inverse,831.95849609375,2783.00146484375,302.000732421875,260.0,3.345120553381722
864-official-v3,poly_frombytes,315.213623046875,1004.998046875,40.000732421875,102.0,3.18830778048431
864-official-v3,poly_tobytes,348.462158203125,1226.001708984375,51.00048828125,91.0,3.518320942814445
