target_coefficient,packet,packet_lane,block,source_vector,source_word,message_word,degree,lane,branch,k3,q4,physical_Q,logical_k32,representative,next_operation
0,0,0,0,0,7,7,0,7,0,0,0,13,22,B3_general_R2_final_e0 + message_M_e0,signed-int16-v9-reduce-then-canonical-Q24-pack
1,0,1,0,1,23,23,1,7,0,0,0,13,22,B3_general_R2_final_e0 + message_M_e0,signed-int16-v9-reduce-then-canonical-Q24-pack
2,0,2,0,2,39,39,2,7,0,0,0,13,22,B3_general_R2_final_e0 + message_M_e0,signed-int16-v9-reduce-then-canonical-Q24-pack
3,0,3,0,3,55,55,3,7,0,0,0,13,22,B3_general_R2_final_e0 + message_M_e0,signed-int16-v9-reduce-then-canonical-Q24-pack
4,0,4,0,0,3,3,0,3,0,0,0,12,6,B3_general_R2_final_e0 + message_M_e0,signed-int16-v9-reduce-then-canonical-Q24-pack
5,0,5,0,1,19,19,1,3,0,0,0,12,6,B3_general_R2_final_e0 + message_M_e0,signed-int16-v9-reduce-then-canonical-Q24-pack
6,0,6,0,2,35,35,2,3,0,0,0,12,6,B3_general_R2_final_e0 + message_M_e0,signed-int16-v9-reduce-then-canonical-Q24-pack
7,0,7,0,3,51,51,3,3,0,0,0,12,6,B3_general_R2_final_e0 + message_M_e0,signed-int16-v9-reduce-then-canonical-Q24-pack
8,0,8,0,0,15,15,0,15,0,0,0,15,30,B3_general_R2_final_e0 + message_M_e0,signed-int16-v9-reduce-then-canonical-Q24-pack
9,0,9,0,1,31,31,1,15,0,0,0,15,30,B3_general_R2_final_e0 + message_M_e0,signed-int16-v9-reduce-then-canonical-Q24-pack
10,0,10,0,2,47,47,2,15,0,0,0,15,30,B3_general_R2_final_e0 + message_M_e0,signed-int16-v9-reduce-then-canonical-Q24-pack
11,0,11,0,3,63,63,3,15,0,0,0,15,30,B3_general_R2_final_e0 + message_M_e0,signed-int16-v9-reduce-then-canonical-Q24-pack
12,0,12,0,0,11,11,0,11,0,0,0,14,14,B3_general_R2_final_e0 + message_M_e0,signed-int16-v9-reduce-then-canonical-Q24-pack
13,0,13,0,1,27,27,1,11,0,0,0,14,14,B3_general_R2_final_e0 + message_M_e0,signed-int16-v9-reduce-then-canonical-Q24-pack
14,0,14,0,2,43,43,2,11,0,0,0,14,14,B3_general_R2_final_e0 + message_M_e0,signed-int16-v9-reduce-then-canonical-Q24-pack
15,0,15,0,3,59,59,3,11,0,0,0,14,14,B3_general_R2_final_e0 + message_M_e0,signed-int16-v9-reduce-then-canonical-Q24-pack
16,1,0,0,0,14,14,0,14,0,0,0,11,26,B3_general_R2_final_e0 + message_M_e0,signed-int16-v9-reduce-then-canonical-Q24-pack
17,1,1,0,1,30,30,1,14,0,0,0,11,26,B3_general_R2_final_e0 + message_M_e0,signed-int16-v9-reduce-then-canonical-Q24-pack
18,1,2,0,2,46,46,2,14,0,0,0,11,26,B3_general_R2_final_e0 + message_M_e0,signed-int16-v9-reduce-then-canonical-Q24-pack
19,1,3,0,3,62,62,3,14,0,0,0,11,26,B3_general_R2_final_e0 + message_M_e0,signed-int16-v9-reduce-then-canonical-Q24-pack
20,1,4,0,0,10,10,0,10,0,0,0,10,10,B3_general_R2_final_e0 + message_M_e0,signed-int16-v9-reduce-then-canonical-Q24-pack
21,1,5,0,1,26,26,1,10,0,0,0,10,10,B3_general_R2_final_e0 + message_M_e0,signed-int16-v9-reduce-then-canonical-Q24-pack
22,1,6,0,2,42,42,2,10,0,0,0,10,10,B3_general_R2_final_e0 + message_M_e0,signed-int16-v9-reduce-then-canonical-Q24-pack
23,1,7,0,3,58,58,3,10,0,0,0,10,10,B3_general_R2_final_e0 + message_M_e0,signed-int16-v9-reduce-then-canonical-Q24-pack
24,1,8,0,0,2,2,0,2,0,0,0,8,2,B3_general_R2_final_e0 + message_M_e0,signed-int16-v9-reduce-then-canonical-Q24-pack
25,1,9,0,1,18,18,1,2,0,0,0,8,2,B3_general_R2_final_e0 + message_M_e0,signed-int16-v9-reduce-then-canonical-Q24-pack
26,1,10,0,2,34,34,2,2,0,0,0,8,2,B3_general_R2_final_e0 + message_M_e0,signed-int16-v9-reduce-then-canonical-Q24-pack
27,1,11,0,3,50,50,3,2,0,0,0,8,2,B3_general_R2_final_e0 + message_M_e0,signed-int16-v9-reduce-then-canonical-Q24-pack
28,1,12,0,0,6,6,0,6,0,0,0,9,18,B3_general_R2_final_e0 + message_M_e0,signed-int16-v9-reduce-then-canonical-Q24-pack
29,1,13,0,1,22,22,1,6,0,0,0,9,18,B3_general_R2_final_e0 + message_M_e0,signed-int16-v9-reduce-then-canonical-Q24-pack
30,1,14,0,2,38,38,2,6,0,0,0,9,18,B3_general_R2_final_e0 + message_M_e0,signed-int16-v9-reduce-then-canonical-Q24-pack
31,1,15,0,3,54,54,3,6,0,0,0,9,18,B3_general_R2_final_e0 + message_M_e0,signed-int16-v9-reduce-then-canonical-Q24-pack
32,2,0,0,0,12,12,0,12,0,0,0,3,24,B3_general_R2_final_e0 + message_M_e0,signed-int16-v9-reduce-then-canonical-Q24-pack
33,2,1,0,1,28,28,1,12,0,0,0,3,24,B3_general_R2_final_e0 + message_M_e0,signed-int16-v9-reduce-then-canonical-Q24-pack
34,2,2,0,2,44,44,2,12,0,0,0,3,24,B3_general_R2_final_e0 + message_M_e0,signed-int16-v9-reduce-then-canonical-Q24-pack
35,2,3,0,3,60,60,3,12,0,0,0,3,24,B3_general_R2_final_e0 + message_M_e0,signed-int16-v9-reduce-then-canonical-Q24-pack
36,2,4,0,0,8,8,0,8,0,0,0,2,8,B3_general_R2_final_e0 + message_M_e0,signed-int16-v9-reduce-then-canonical-Q24-pack
37,2,5,0,1,24,24,1,8,0,0,0,2,8,B3_general_R2_final_e0 + message_M_e0,signed-int16-v9-reduce-then-canonical-Q24-pack
38,2,6,0,2,40,40,2,8,0,0,0,2,8,B3_general_R2_final_e0 + message_M_e0,signed-int16-v9-reduce-then-canonical-Q24-pack
39,2,7,0,3,56,56,3,8,0,0,0,2,8,B3_general_R2_final_e0 + message_M_e0,signed-int16-v9-reduce-then-canonical-Q24-pack
40,2,8,0,0,0,0,0,0,0,0,0,0,0,B3_general_R2_final_e0 + message_M_e0,signed-int16-v9-reduce-then-canonical-Q24-pack
41,2,9,0,1,16,16,1,0,0,0,0,0,0,B3_general_R2_final_e0 + message_M_e0,signed-int16-v9-reduce-then-canonical-Q24-pack
42,2,10,0,2,32,32,2,0,0,0,0,0,0,B3_general_R2_final_e0 + message_M_e0,signed-int16-v9-reduce-then-canonical-Q24-pack
43,2,11,0,3,48,48,3,0,0,0,0,0,0,B3_general_R2_final_e0 + message_M_e0,signed-int16-v9-reduce-then-canonical-Q24-pack
44,2,12,0,0,4,4,0,4,0,0,0,1,16,B3_general_R2_final_e0 + message_M_e0,signed-int16-v9-reduce-then-canonical-Q24-pack
45,2,13,0,1,20,20,1,4,0,0,0,1,16,B3_general_R2_final_e0 + message_M_e0,signed-int16-v9-reduce-then-canonical-Q24-pack
46,2,14,0,2,36,36,2,4,0,0,0,1,16,B3_general_R2_final_e0 + message_M_e0,signed-int16-v9-reduce-then-canonical-Q24-pack
47,2,15,0,3,52,52,3,4,0,0,0,1,16,B3_general_R2_final_e0 + message_M_e0,signed-int16-v9-reduce-then-canonical-Q24-pack
48,3,0,0,0,13,13,0,13,0,0,0,7,28,B3_general_R2_final_e0 + message_M_e0,signed-int16-v9-reduce-then-canonical-Q24-pack
49,3,1,0,1,29,29,1,13,0,0,0,7,28,B3_general_R2_final_e0 + message_M_e0,signed-int16-v9-reduce-then-canonical-Q24-pack
50,3,2,0,2,45,45,2,13,0,0,0,7,28,B3_general_R2_final_e0 + message_M_e0,signed-int16-v9-reduce-then-canonical-Q24-pack
51,3,3,0,3,61,61,3,13,0,0,0,7,28,B3_general_R2_final_e0 + message_M_e0,signed-int16-v9-reduce-then-canonical-Q24-pack
52,3,4,0,0,9,9,0,9,0,0,0,6,12,B3_general_R2_final_e0 + message_M_e0,signed-int16-v9-reduce-then-canonical-Q24-pack
53,3,5,0,1,25,25,1,9,0,0,0,6,12,B3_general_R2_final_e0 + message_M_e0,signed-int16-v9-reduce-then-canonical-Q24-pack
54,3,6,0,2,41,41,2,9,0,0,0,6,12,B3_general_R2_final_e0 + message_M_e0,signed-int16-v9-reduce-then-canonical-Q24-pack
55,3,7,0,3,57,57,3,9,0,0,0,6,12,B3_general_R2_final_e0 + message_M_e0,signed-int16-v9-reduce-then-canonical-Q24-pack
56,3,8,0,0,1,1,0,1,0,0,0,4,4,B3_general_R2_final_e0 + message_M_e0,signed-int16-v9-reduce-then-canonical-Q24-pack
57,3,9,0,1,17,17,1,1,0,0,0,4,4,B3_general_R2_final_e0 + message_M_e0,signed-int16-v9-reduce-then-canonical-Q24-pack
58,3,10,0,2,33,33,2,1,0,0,0,4,4,B3_general_R2_final_e0 + message_M_e0,signed-int16-v9-reduce-then-canonical-Q24-pack
59,3,11,0,3,49,49,3,1,0,0,0,4,4,B3_general_R2_final_e0 + message_M_e0,signed-int16-v9-reduce-then-canonical-Q24-pack
60,3,12,0,0,5,5,0,5,0,0,0,5,20,B3_general_R2_final_e0 + message_M_e0,signed-int16-v9-reduce-then-canonical-Q24-pack
61,3,13,0,1,21,21,1,5,0,0,0,5,20,B3_general_R2_final_e0 + message_M_e0,signed-int16-v9-reduce-then-canonical-Q24-pack
62,3,14,0,2,37,37,2,5,0,0,0,5,20,B3_general_R2_final_e0 + message_M_e0,signed-int16-v9-reduce-then-canonical-Q24-pack
63,3,15,0,3,53,53,3,5,0,0,0,5,20,B3_general_R2_final_e0 + message_M_e0,signed-int16-v9-reduce-then-canonical-Q24-pack
64,4,0,1,4,71,71,0,7,0,0,1,29,23,B3_general_R2_final_e0 + message_M_e0,signed-int16-v9-reduce-then-canonical-Q24-pack
65,4,1,1,5,87,87,1,7,0,0,1,29,23,B3_general_R2_final_e0 + message_M_e0,signed-int16-v9-reduce-then-canonical-Q24-pack
66,4,2,1,6,103,103,2,7,0,0,1,29,23,B3_general_R2_final_e0 + message_M_e0,signed-int16-v9-reduce-then-canonical-Q24-pack
67,4,3,1,7,119,119,3,7,0,0,1,29,23,B3_general_R2_final_e0 + message_M_e0,signed-int16-v9-reduce-then-canonical-Q24-pack
68,4,4,1,4,67,67,0,3,0,0,1,28,7,B3_general_R2_final_e0 + message_M_e0,signed-int16-v9-reduce-then-canonical-Q24-pack
69,4,5,1,5,83,83,1,3,0,0,1,28,7,B3_general_R2_final_e0 + message_M_e0,signed-int16-v9-reduce-then-canonical-Q24-pack
70,4,6,1,6,99,99,2,3,0,0,1,28,7,B3_general_R2_final_e0 + message_M_e0,signed-int16-v9-reduce-then-canonical-Q24-pack
71,4,7,1,7,115,115,3,3,0,0,1,28,7,B3_general_R2_final_e0 + message_M_e0,signed-int16-v9-reduce-then-canonical-Q24-pack
72,4,8,1,4,79,79,0,15,0,0,1,31,31,B3_general_R2_final_e0 + message_M_e0,signed-int16-v9-reduce-then-canonical-Q24-pack
73,4,9,1,5,95,95,1,15,0,0,1,31,31,B3_general_R2_final_e0 + message_M_e0,signed-int16-v9-reduce-then-canonical-Q24-pack
74,4,10,1,6,111,111,2,15,0,0,1,31,31,B3_general_R2_final_e0 + message_M_e0,signed-int16-v9-reduce-then-canonical-Q24-pack
75,4,11,1,7,127,127,3,15,0,0,1,31,31,B3_general_R2_final_e0 + message_M_e0,signed-int16-v9-reduce-then-canonical-Q24-pack
76,4,12,1,4,75,75,0,11,0,0,1,30,15,B3_general_R2_final_e0 + message_M_e0,signed-int16-v9-reduce-then-canonical-Q24-pack
77,4,13,1,5,91,91,1,11,0,0,1,30,15,B3_general_R2_final_e0 + message_M_e0,signed-int16-v9-reduce-then-canonical-Q24-pack
78,4,14,1,6,107,107,2,11,0,0,1,30,15,B3_general_R2_final_e0 + message_M_e0,signed-int16-v9-reduce-then-canonical-Q24-pack
79,4,15,1,7,123,123,3,11,0,0,1,30,15,B3_general_R2_final_e0 + message_M_e0,signed-int16-v9-reduce-then-canonical-Q24-pack
80,5,0,1,4,78,78,0,14,0,0,1,27,27,B3_general_R2_final_e0 + message_M_e0,signed-int16-v9-reduce-then-canonical-Q24-pack
81,5,1,1,5,94,94,1,14,0,0,1,27,27,B3_general_R2_final_e0 + message_M_e0,signed-int16-v9-reduce-then-canonical-Q24-pack
82,5,2,1,6,110,110,2,14,0,0,1,27,27,B3_general_R2_final_e0 + message_M_e0,signed-int16-v9-reduce-then-canonical-Q24-pack
83,5,3,1,7,126,126,3,14,0,0,1,27,27,B3_general_R2_final_e0 + message_M_e0,signed-int16-v9-reduce-then-canonical-Q24-pack
84,5,4,1,4,74,74,0,10,0,0,1,26,11,B3_general_R2_final_e0 + message_M_e0,signed-int16-v9-reduce-then-canonical-Q24-pack
85,5,5,1,5,90,90,1,10,0,0,1,26,11,B3_general_R2_final_e0 + message_M_e0,signed-int16-v9-reduce-then-canonical-Q24-pack
86,5,6,1,6,106,106,2,10,0,0,1,26,11,B3_general_R2_final_e0 + message_M_e0,signed-int16-v9-reduce-then-canonical-Q24-pack
87,5,7,1,7,122,122,3,10,0,0,1,26,11,B3_general_R2_final_e0 + message_M_e0,signed-int16-v9-reduce-then-canonical-Q24-pack
88,5,8,1,4,66,66,0,2,0,0,1,24,3,B3_general_R2_final_e0 + message_M_e0,signed-int16-v9-reduce-then-canonical-Q24-pack
89,5,9,1,5,82,82,1,2,0,0,1,24,3,B3_general_R2_final_e0 + message_M_e0,signed-int16-v9-reduce-then-canonical-Q24-pack
90,5,10,1,6,98,98,2,2,0,0,1,24,3,B3_general_R2_final_e0 + message_M_e0,signed-int16-v9-reduce-then-canonical-Q24-pack
91,5,11,1,7,114,114,3,2,0,0,1,24,3,B3_general_R2_final_e0 + message_M_e0,signed-int16-v9-reduce-then-canonical-Q24-pack
92,5,12,1,4,70,70,0,6,0,0,1,25,19,B3_general_R2_final_e0 + message_M_e0,signed-int16-v9-reduce-then-canonical-Q24-pack
93,5,13,1,5,86,86,1,6,0,0,1,25,19,B3_general_R2_final_e0 + message_M_e0,signed-int16-v9-reduce-then-canonical-Q24-pack
94,5,14,1,6,102,102,2,6,0,0,1,25,19,B3_general_R2_final_e0 + message_M_e0,signed-int16-v9-reduce-then-canonical-Q24-pack
95,5,15,1,7,118,118,3,6,0,0,1,25,19,B3_general_R2_final_e0 + message_M_e0,signed-int16-v9-reduce-then-canonical-Q24-pack
96,6,0,1,4,76,76,0,12,0,0,1,19,25,B3_general_R2_final_e0 + message_M_e0,signed-int16-v9-reduce-then-canonical-Q24-pack
97,6,1,1,5,92,92,1,12,0,0,1,19,25,B3_general_R2_final_e0 + message_M_e0,signed-int16-v9-reduce-then-canonical-Q24-pack
98,6,2,1,6,108,108,2,12,0,0,1,19,25,B3_general_R2_final_e0 + message_M_e0,signed-int16-v9-reduce-then-canonical-Q24-pack
99,6,3,1,7,124,124,3,12,0,0,1,19,25,B3_general_R2_final_e0 + message_M_e0,signed-int16-v9-reduce-then-canonical-Q24-pack
100,6,4,1,4,72,72,0,8,0,0,1,18,9,B3_general_R2_final_e0 + message_M_e0,signed-int16-v9-reduce-then-canonical-Q24-pack
101,6,5,1,5,88,88,1,8,0,0,1,18,9,B3_general_R2_final_e0 + message_M_e0,signed-int16-v9-reduce-then-canonical-Q24-pack
102,6,6,1,6,104,104,2,8,0,0,1,18,9,B3_general_R2_final_e0 + message_M_e0,signed-int16-v9-reduce-then-canonical-Q24-pack
103,6,7,1,7,120,120,3,8,0,0,1,18,9,B3_general_R2_final_e0 + message_M_e0,signed-int16-v9-reduce-then-canonical-Q24-pack
104,6,8,1,4,64,64,0,0,0,0,1,16,1,B3_general_R2_final_e0 + message_M_e0,signed-int16-v9-reduce-then-canonical-Q24-pack
105,6,9,1,5,80,80,1,0,0,0,1,16,1,B3_general_R2_final_e0 + message_M_e0,signed-int16-v9-reduce-then-canonical-Q24-pack
106,6,10,1,6,96,96,2,0,0,0,1,16,1,B3_general_R2_final_e0 + message_M_e0,signed-int16-v9-reduce-then-canonical-Q24-pack
107,6,11,1,7,112,112,3,0,0,0,1,16,1,B3_general_R2_final_e0 + message_M_e0,signed-int16-v9-reduce-then-canonical-Q24-pack
108,6,12,1,4,68,68,0,4,0,0,1,17,17,B3_general_R2_final_e0 + message_M_e0,signed-int16-v9-reduce-then-canonical-Q24-pack
109,6,13,1,5,84,84,1,4,0,0,1,17,17,B3_general_R2_final_e0 + message_M_e0,signed-int16-v9-reduce-then-canonical-Q24-pack
110,6,14,1,6,100,100,2,4,0,0,1,17,17,B3_general_R2_final_e0 + message_M_e0,signed-int16-v9-reduce-then-canonical-Q24-pack
111,6,15,1,7,116,116,3,4,0,0,1,17,17,B3_general_R2_final_e0 + message_M_e0,signed-int16-v9-reduce-then-canonical-Q24-pack
112,7,0,1,4,77,77,0,13,0,0,1,23,29,B3_general_R2_final_e0 + message_M_e0,signed-int16-v9-reduce-then-canonical-Q24-pack
113,7,1,1,5,93,93,1,13,0,0,1,23,29,B3_general_R2_final_e0 + message_M_e0,signed-int16-v9-reduce-then-canonical-Q24-pack
114,7,2,1,6,109,109,2,13,0,0,1,23,29,B3_general_R2_final_e0 + message_M_e0,signed-int16-v9-reduce-then-canonical-Q24-pack
115,7,3,1,7,125,125,3,13,0,0,1,23,29,B3_general_R2_final_e0 + message_M_e0,signed-int16-v9-reduce-then-canonical-Q24-pack
116,7,4,1,4,73,73,0,9,0,0,1,22,13,B3_general_R2_final_e0 + message_M_e0,signed-int16-v9-reduce-then-canonical-Q24-pack
117,7,5,1,5,89,89,1,9,0,0,1,22,13,B3_general_R2_final_e0 + message_M_e0,signed-int16-v9-reduce-then-canonical-Q24-pack
118,7,6,1,6,105,105,2,9,0,0,1,22,13,B3_general_R2_final_e0 + message_M_e0,signed-int16-v9-reduce-then-canonical-Q24-pack
119,7,7,1,7,121,121,3,9,0,0,1,22,13,B3_general_R2_final_e0 + message_M_e0,signed-int16-v9-reduce-then-canonical-Q24-pack
120,7,8,1,4,65,65,0,1,0,0,1,20,5,B3_general_R2_final_e0 + message_M_e0,signed-int16-v9-reduce-then-canonical-Q24-pack
121,7,9,1,5,81,81,1,1,0,0,1,20,5,B3_general_R2_final_e0 + message_M_e0,signed-int16-v9-reduce-then-canonical-Q24-pack
122,7,10,1,6,97,97,2,1,0,0,1,20,5,B3_general_R2_final_e0 + message_M_e0,signed-int16-v9-reduce-then-canonical-Q24-pack
123,7,11,1,7,113,113,3,1,0,0,1,20,5,B3_general_R2_final_e0 + message_M_e0,signed-int16-v9-reduce-then-canonical-Q24-pack
124,7,12,1,4,69,69,0,5,0,0,1,21,21,B3_general_R2_final_e0 + message_M_e0,signed-int16-v9-reduce-then-canonical-Q24-pack
125,7,13,1,5,85,85,1,5,0,0,1,21,21,B3_general_R2_final_e0 + message_M_e0,signed-int16-v9-reduce-then-canonical-Q24-pack
126,7,14,1,6,101,101,2,5,0,0,1,21,21,B3_general_R2_final_e0 + message_M_e0,signed-int16-v9-reduce-then-canonical-Q24-pack
127,7,15,1,7,117,117,3,5,0,0,1,21,21,B3_general_R2_final_e0 + message_M_e0,signed-int16-v9-reduce-then-canonical-Q24-pack
128,8,0,9,36,576,576,0,0,0,2,1,16,1,B3_general_R2_final_e0 + message_M_e0,signed-int16-v9-reduce-then-canonical-Q24-pack
129,8,1,9,37,592,592,1,0,0,2,1,16,1,B3_general_R2_final_e0 + message_M_e0,signed-int16-v9-reduce-then-canonical-Q24-pack
130,8,2,9,38,608,608,2,0,0,2,1,16,1,B3_general_R2_final_e0 + message_M_e0,signed-int16-v9-reduce-then-canonical-Q24-pack
131,8,3,9,39,624,624,3,0,0,2,1,16,1,B3_general_R2_final_e0 + message_M_e0,signed-int16-v9-reduce-then-canonical-Q24-pack
132,8,4,9,36,580,580,0,4,0,2,1,17,17,B3_general_R2_final_e0 + message_M_e0,signed-int16-v9-reduce-then-canonical-Q24-pack
133,8,5,9,37,596,596,1,4,0,2,1,17,17,B3_general_R2_final_e0 + message_M_e0,signed-int16-v9-reduce-then-canonical-Q24-pack
134,8,6,9,38,612,612,2,4,0,2,1,17,17,B3_general_R2_final_e0 + message_M_e0,signed-int16-v9-reduce-then-canonical-Q24-pack
135,8,7,9,39,628,628,3,4,0,2,1,17,17,B3_general_R2_final_e0 + message_M_e0,signed-int16-v9-reduce-then-canonical-Q24-pack
136,8,8,9,36,584,584,0,8,0,2,1,18,9,B3_general_R2_final_e0 + message_M_e0,signed-int16-v9-reduce-then-canonical-Q24-pack
137,8,9,9,37,600,600,1,8,0,2,1,18,9,B3_general_R2_final_e0 + message_M_e0,signed-int16-v9-reduce-then-canonical-Q24-pack
138,8,10,9,38,616,616,2,8,0,2,1,18,9,B3_general_R2_final_e0 + message_M_e0,signed-int16-v9-reduce-then-canonical-Q24-pack
139,8,11,9,39,632,632,3,8,0,2,1,18,9,B3_general_R2_final_e0 + message_M_e0,signed-int16-v9-reduce-then-canonical-Q24-pack
140,8,12,9,36,588,588,0,12,0,2,1,19,25,B3_general_R2_final_e0 + message_M_e0,signed-int16-v9-reduce-then-canonical-Q24-pack
141,8,13,9,37,604,604,1,12,0,2,1,19,25,B3_general_R2_final_e0 + message_M_e0,signed-int16-v9-reduce-then-canonical-Q24-pack
142,8,14,9,38,620,620,2,12,0,2,1,19,25,B3_general_R2_final_e0 + message_M_e0,signed-int16-v9-reduce-then-canonical-Q24-pack
143,8,15,9,39,636,636,3,12,0,2,1,19,25,B3_general_R2_final_e0 + message_M_e0,signed-int16-v9-reduce-then-canonical-Q24-pack
144,9,0,9,36,577,577,0,1,0,2,1,20,5,B3_general_R2_final_e0 + message_M_e0,signed-int16-v9-reduce-then-canonical-Q24-pack
145,9,1,9,37,593,593,1,1,0,2,1,20,5,B3_general_R2_final_e0 + message_M_e0,signed-int16-v9-reduce-then-canonical-Q24-pack
146,9,2,9,38,609,609,2,1,0,2,1,20,5,B3_general_R2_final_e0 + message_M_e0,signed-int16-v9-reduce-then-canonical-Q24-pack
147,9,3,9,39,625,625,3,1,0,2,1,20,5,B3_general_R2_final_e0 + message_M_e0,signed-int16-v9-reduce-then-canonical-Q24-pack
148,9,4,9,36,581,581,0,5,0,2,1,21,21,B3_general_R2_final_e0 + message_M_e0,signed-int16-v9-reduce-then-canonical-Q24-pack
149,9,5,9,37,597,597,1,5,0,2,1,21,21,B3_general_R2_final_e0 + message_M_e0,signed-int16-v9-reduce-then-canonical-Q24-pack
150,9,6,9,38,613,613,2,5,0,2,1,21,21,B3_general_R2_final_e0 + message_M_e0,signed-int16-v9-reduce-then-canonical-Q24-pack
151,9,7,9,39,629,629,3,5,0,2,1,21,21,B3_general_R2_final_e0 + message_M_e0,signed-int16-v9-reduce-then-canonical-Q24-pack
152,9,8,9,36,585,585,0,9,0,2,1,22,13,B3_general_R2_final_e0 + message_M_e0,signed-int16-v9-reduce-then-canonical-Q24-pack
153,9,9,9,37,601,601,1,9,0,2,1,22,13,B3_general_R2_final_e0 + message_M_e0,signed-int16-v9-reduce-then-canonical-Q24-pack
154,9,10,9,38,617,617,2,9,0,2,1,22,13,B3_general_R2_final_e0 + message_M_e0,signed-int16-v9-reduce-then-canonical-Q24-pack
155,9,11,9,39,633,633,3,9,0,2,1,22,13,B3_general_R2_final_e0 + message_M_e0,signed-int16-v9-reduce-then-canonical-Q24-pack
156,9,12,9,36,589,589,0,13,0,2,1,23,29,B3_general_R2_final_e0 + message_M_e0,signed-int16-v9-reduce-then-canonical-Q24-pack
157,9,13,9,37,605,605,1,13,0,2,1,23,29,B3_general_R2_final_e0 + message_M_e0,signed-int16-v9-reduce-then-canonical-Q24-pack
158,9,14,9,38,621,621,2,13,0,2,1,23,29,B3_general_R2_final_e0 + message_M_e0,signed-int16-v9-reduce-then-canonical-Q24-pack
159,9,15,9,39,637,637,3,13,0,2,1,23,29,B3_general_R2_final_e0 + message_M_e0,signed-int16-v9-reduce-then-canonical-Q24-pack
160,10,0,9,36,578,578,0,2,0,2,1,24,3,B3_general_R2_final_e0 + message_M_e0,signed-int16-v9-reduce-then-canonical-Q24-pack
161,10,1,9,37,594,594,1,2,0,2,1,24,3,B3_general_R2_final_e0 + message_M_e0,signed-int16-v9-reduce-then-canonical-Q24-pack
162,10,2,9,38,610,610,2,2,0,2,1,24,3,B3_general_R2_final_e0 + message_M_e0,signed-int16-v9-reduce-then-canonical-Q24-pack
163,10,3,9,39,626,626,3,2,0,2,1,24,3,B3_general_R2_final_e0 + message_M_e0,signed-int16-v9-reduce-then-canonical-Q24-pack
164,10,4,9,36,582,582,0,6,0,2,1,25,19,B3_general_R2_final_e0 + message_M_e0,signed-int16-v9-reduce-then-canonical-Q24-pack
165,10,5,9,37,598,598,1,6,0,2,1,25,19,B3_general_R2_final_e0 + message_M_e0,signed-int16-v9-reduce-then-canonical-Q24-pack
166,10,6,9,38,614,614,2,6,0,2,1,25,19,B3_general_R2_final_e0 + message_M_e0,signed-int16-v9-reduce-then-canonical-Q24-pack
167,10,7,9,39,630,630,3,6,0,2,1,25,19,B3_general_R2_final_e0 + message_M_e0,signed-int16-v9-reduce-then-canonical-Q24-pack
168,10,8,9,36,586,586,0,10,0,2,1,26,11,B3_general_R2_final_e0 + message_M_e0,signed-int16-v9-reduce-then-canonical-Q24-pack
169,10,9,9,37,602,602,1,10,0,2,1,26,11,B3_general_R2_final_e0 + message_M_e0,signed-int16-v9-reduce-then-canonical-Q24-pack
170,10,10,9,38,618,618,2,10,0,2,1,26,11,B3_general_R2_final_e0 + message_M_e0,signed-int16-v9-reduce-then-canonical-Q24-pack
171,10,11,9,39,634,634,3,10,0,2,1,26,11,B3_general_R2_final_e0 + message_M_e0,signed-int16-v9-reduce-then-canonical-Q24-pack
172,10,12,9,36,590,590,0,14,0,2,1,27,27,B3_general_R2_final_e0 + message_M_e0,signed-int16-v9-reduce-then-canonical-Q24-pack
173,10,13,9,37,606,606,1,14,0,2,1,27,27,B3_general_R2_final_e0 + message_M_e0,signed-int16-v9-reduce-then-canonical-Q24-pack
174,10,14,9,38,622,622,2,14,0,2,1,27,27,B3_general_R2_final_e0 + message_M_e0,signed-int16-v9-reduce-then-canonical-Q24-pack
175,10,15,9,39,638,638,3,14,0,2,1,27,27,B3_general_R2_final_e0 + message_M_e0,signed-int16-v9-reduce-then-canonical-Q24-pack
176,11,0,9,36,579,579,0,3,0,2,1,28,7,B3_general_R2_final_e0 + message_M_e0,signed-int16-v9-reduce-then-canonical-Q24-pack
177,11,1,9,37,595,595,1,3,0,2,1,28,7,B3_general_R2_final_e0 + message_M_e0,signed-int16-v9-reduce-then-canonical-Q24-pack
178,11,2,9,38,611,611,2,3,0,2,1,28,7,B3_general_R2_final_e0 + message_M_e0,signed-int16-v9-reduce-then-canonical-Q24-pack
179,11,3,9,39,627,627,3,3,0,2,1,28,7,B3_general_R2_final_e0 + message_M_e0,signed-int16-v9-reduce-then-canonical-Q24-pack
180,11,4,9,36,583,583,0,7,0,2,1,29,23,B3_general_R2_final_e0 + message_M_e0,signed-int16-v9-reduce-then-canonical-Q24-pack
181,11,5,9,37,599,599,1,7,0,2,1,29,23,B3_general_R2_final_e0 + message_M_e0,signed-int16-v9-reduce-then-canonical-Q24-pack
182,11,6,9,38,615,615,2,7,0,2,1,29,23,B3_general_R2_final_e0 + message_M_e0,signed-int16-v9-reduce-then-canonical-Q24-pack
183,11,7,9,39,631,631,3,7,0,2,1,29,23,B3_general_R2_final_e0 + message_M_e0,signed-int16-v9-reduce-then-canonical-Q24-pack
184,11,8,9,36,587,587,0,11,0,2,1,30,15,B3_general_R2_final_e0 + message_M_e0,signed-int16-v9-reduce-then-canonical-Q24-pack
185,11,9,9,37,603,603,1,11,0,2,1,30,15,B3_general_R2_final_e0 + message_M_e0,signed-int16-v9-reduce-then-canonical-Q24-pack
186,11,10,9,38,619,619,2,11,0,2,1,30,15,B3_general_R2_final_e0 + message_M_e0,signed-int16-v9-reduce-then-canonical-Q24-pack
187,11,11,9,39,635,635,3,11,0,2,1,30,15,B3_general_R2_final_e0 + message_M_e0,signed-int16-v9-reduce-then-canonical-Q24-pack
188,11,12,9,36,591,591,0,15,0,2,1,31,31,B3_general_R2_final_e0 + message_M_e0,signed-int16-v9-reduce-then-canonical-Q24-pack
189,11,13,9,37,607,607,1,15,0,2,1,31,31,B3_general_R2_final_e0 + message_M_e0,signed-int16-v9-reduce-then-canonical-Q24-pack
190,11,14,9,38,623,623,2,15,0,2,1,31,31,B3_general_R2_final_e0 + message_M_e0,signed-int16-v9-reduce-then-canonical-Q24-pack
191,11,15,9,39,639,639,3,15,0,2,1,31,31,B3_general_R2_final_e0 + message_M_e0,signed-int16-v9-reduce-then-canonical-Q24-pack
192,12,0,8,32,514,514,0,2,0,2,0,8,2,B3_general_R2_final_e0 + message_M_e0,signed-int16-v9-reduce-then-canonical-Q24-pack
193,12,1,8,33,530,530,1,2,0,2,0,8,2,B3_general_R2_final_e0 + message_M_e0,signed-int16-v9-reduce-then-canonical-Q24-pack
194,12,2,8,34,546,546,2,2,0,2,0,8,2,B3_general_R2_final_e0 + message_M_e0,signed-int16-v9-reduce-then-canonical-Q24-pack
195,12,3,8,35,562,562,3,2,0,2,0,8,2,B3_general_R2_final_e0 + message_M_e0,signed-int16-v9-reduce-then-canonical-Q24-pack
196,12,4,8,32,518,518,0,6,0,2,0,9,18,B3_general_R2_final_e0 + message_M_e0,signed-int16-v9-reduce-then-canonical-Q24-pack
197,12,5,8,33,534,534,1,6,0,2,0,9,18,B3_general_R2_final_e0 + message_M_e0,signed-int16-v9-reduce-then-canonical-Q24-pack
198,12,6,8,34,550,550,2,6,0,2,0,9,18,B3_general_R2_final_e0 + message_M_e0,signed-int16-v9-reduce-then-canonical-Q24-pack
199,12,7,8,35,566,566,3,6,0,2,0,9,18,B3_general_R2_final_e0 + message_M_e0,signed-int16-v9-reduce-then-canonical-Q24-pack
200,12,8,8,32,522,522,0,10,0,2,0,10,10,B3_general_R2_final_e0 + message_M_e0,signed-int16-v9-reduce-then-canonical-Q24-pack
201,12,9,8,33,538,538,1,10,0,2,0,10,10,B3_general_R2_final_e0 + message_M_e0,signed-int16-v9-reduce-then-canonical-Q24-pack
202,12,10,8,34,554,554,2,10,0,2,0,10,10,B3_general_R2_final_e0 + message_M_e0,signed-int16-v9-reduce-then-canonical-Q24-pack
203,12,11,8,35,570,570,3,10,0,2,0,10,10,B3_general_R2_final_e0 + message_M_e0,signed-int16-v9-reduce-then-canonical-Q24-pack
204,12,12,8,32,526,526,0,14,0,2,0,11,26,B3_general_R2_final_e0 + message_M_e0,signed-int16-v9-reduce-then-canonical-Q24-pack
205,12,13,8,33,542,542,1,14,0,2,0,11,26,B3_general_R2_final_e0 + message_M_e0,signed-int16-v9-reduce-then-canonical-Q24-pack
206,12,14,8,34,558,558,2,14,0,2,0,11,26,B3_general_R2_final_e0 + message_M_e0,signed-int16-v9-reduce-then-canonical-Q24-pack
207,12,15,8,35,574,574,3,14,0,2,0,11,26,B3_general_R2_final_e0 + message_M_e0,signed-int16-v9-reduce-then-canonical-Q24-pack
208,13,0,8,32,515,515,0,3,0,2,0,12,6,B3_general_R2_final_e0 + message_M_e0,signed-int16-v9-reduce-then-canonical-Q24-pack
209,13,1,8,33,531,531,1,3,0,2,0,12,6,B3_general_R2_final_e0 + message_M_e0,signed-int16-v9-reduce-then-canonical-Q24-pack
210,13,2,8,34,547,547,2,3,0,2,0,12,6,B3_general_R2_final_e0 + message_M_e0,signed-int16-v9-reduce-then-canonical-Q24-pack
211,13,3,8,35,563,563,3,3,0,2,0,12,6,B3_general_R2_final_e0 + message_M_e0,signed-int16-v9-reduce-then-canonical-Q24-pack
212,13,4,8,32,519,519,0,7,0,2,0,13,22,B3_general_R2_final_e0 + message_M_e0,signed-int16-v9-reduce-then-canonical-Q24-pack
213,13,5,8,33,535,535,1,7,0,2,0,13,22,B3_general_R2_final_e0 + message_M_e0,signed-int16-v9-reduce-then-canonical-Q24-pack
214,13,6,8,34,551,551,2,7,0,2,0,13,22,B3_general_R2_final_e0 + message_M_e0,signed-int16-v9-reduce-then-canonical-Q24-pack
215,13,7,8,35,567,567,3,7,0,2,0,13,22,B3_general_R2_final_e0 + message_M_e0,signed-int16-v9-reduce-then-canonical-Q24-pack
216,13,8,8,32,523,523,0,11,0,2,0,14,14,B3_general_R2_final_e0 + message_M_e0,signed-int16-v9-reduce-then-canonical-Q24-pack
217,13,9,8,33,539,539,1,11,0,2,0,14,14,B3_general_R2_final_e0 + message_M_e0,signed-int16-v9-reduce-then-canonical-Q24-pack
218,13,10,8,34,555,555,2,11,0,2,0,14,14,B3_general_R2_final_e0 + message_M_e0,signed-int16-v9-reduce-then-canonical-Q24-pack
219,13,11,8,35,571,571,3,11,0,2,0,14,14,B3_general_R2_final_e0 + message_M_e0,signed-int16-v9-reduce-then-canonical-Q24-pack
220,13,12,8,32,527,527,0,15,0,2,0,15,30,B3_general_R2_final_e0 + message_M_e0,signed-int16-v9-reduce-then-canonical-Q24-pack
221,13,13,8,33,543,543,1,15,0,2,0,15,30,B3_general_R2_final_e0 + message_M_e0,signed-int16-v9-reduce-then-canonical-Q24-pack
222,13,14,8,34,559,559,2,15,0,2,0,15,30,B3_general_R2_final_e0 + message_M_e0,signed-int16-v9-reduce-then-canonical-Q24-pack
223,13,15,8,35,575,575,3,15,0,2,0,15,30,B3_general_R2_final_e0 + message_M_e0,signed-int16-v9-reduce-then-canonical-Q24-pack
224,14,0,8,32,513,513,0,1,0,2,0,4,4,B3_general_R2_final_e0 + message_M_e0,signed-int16-v9-reduce-then-canonical-Q24-pack
225,14,1,8,33,529,529,1,1,0,2,0,4,4,B3_general_R2_final_e0 + message_M_e0,signed-int16-v9-reduce-then-canonical-Q24-pack
226,14,2,8,34,545,545,2,1,0,2,0,4,4,B3_general_R2_final_e0 + message_M_e0,signed-int16-v9-reduce-then-canonical-Q24-pack
227,14,3,8,35,561,561,3,1,0,2,0,4,4,B3_general_R2_final_e0 + message_M_e0,signed-int16-v9-reduce-then-canonical-Q24-pack
228,14,4,8,32,517,517,0,5,0,2,0,5,20,B3_general_R2_final_e0 + message_M_e0,signed-int16-v9-reduce-then-canonical-Q24-pack
229,14,5,8,33,533,533,1,5,0,2,0,5,20,B3_general_R2_final_e0 + message_M_e0,signed-int16-v9-reduce-then-canonical-Q24-pack
230,14,6,8,34,549,549,2,5,0,2,0,5,20,B3_general_R2_final_e0 + message_M_e0,signed-int16-v9-reduce-then-canonical-Q24-pack
231,14,7,8,35,565,565,3,5,0,2,0,5,20,B3_general_R2_final_e0 + message_M_e0,signed-int16-v9-reduce-then-canonical-Q24-pack
232,14,8,8,32,521,521,0,9,0,2,0,6,12,B3_general_R2_final_e0 + message_M_e0,signed-int16-v9-reduce-then-canonical-Q24-pack
233,14,9,8,33,537,537,1,9,0,2,0,6,12,B3_general_R2_final_e0 + message_M_e0,signed-int16-v9-reduce-then-canonical-Q24-pack
234,14,10,8,34,553,553,2,9,0,2,0,6,12,B3_general_R2_final_e0 + message_M_e0,signed-int16-v9-reduce-then-canonical-Q24-pack
235,14,11,8,35,569,569,3,9,0,2,0,6,12,B3_general_R2_final_e0 + message_M_e0,signed-int16-v9-reduce-then-canonical-Q24-pack
236,14,12,8,32,525,525,0,13,0,2,0,7,28,B3_general_R2_final_e0 + message_M_e0,signed-int16-v9-reduce-then-canonical-Q24-pack
237,14,13,8,33,541,541,1,13,0,2,0,7,28,B3_general_R2_final_e0 + message_M_e0,signed-int16-v9-reduce-then-canonical-Q24-pack
238,14,14,8,34,557,557,2,13,0,2,0,7,28,B3_general_R2_final_e0 + message_M_e0,signed-int16-v9-reduce-then-canonical-Q24-pack
239,14,15,8,35,573,573,3,13,0,2,0,7,28,B3_general_R2_final_e0 + message_M_e0,signed-int16-v9-reduce-then-canonical-Q24-pack
240,15,0,8,32,520,520,0,8,0,2,0,2,8,B3_general_R2_final_e0 + message_M_e0,signed-int16-v9-reduce-then-canonical-Q24-pack
241,15,1,8,33,536,536,1,8,0,2,0,2,8,B3_general_R2_final_e0 + message_M_e0,signed-int16-v9-reduce-then-canonical-Q24-pack
242,15,2,8,34,552,552,2,8,0,2,0,2,8,B3_general_R2_final_e0 + message_M_e0,signed-int16-v9-reduce-then-canonical-Q24-pack
243,15,3,8,35,568,568,3,8,0,2,0,2,8,B3_general_R2_final_e0 + message_M_e0,signed-int16-v9-reduce-then-canonical-Q24-pack
244,15,4,8,32,524,524,0,12,0,2,0,3,24,B3_general_R2_final_e0 + message_M_e0,signed-int16-v9-reduce-then-canonical-Q24-pack
245,15,5,8,33,540,540,1,12,0,2,0,3,24,B3_general_R2_final_e0 + message_M_e0,signed-int16-v9-reduce-then-canonical-Q24-pack
246,15,6,8,34,556,556,2,12,0,2,0,3,24,B3_general_R2_final_e0 + message_M_e0,signed-int16-v9-reduce-then-canonical-Q24-pack
247,15,7,8,35,572,572,3,12,0,2,0,3,24,B3_general_R2_final_e0 + message_M_e0,signed-int16-v9-reduce-then-canonical-Q24-pack
248,15,8,8,32,516,516,0,4,0,2,0,1,16,B3_general_R2_final_e0 + message_M_e0,signed-int16-v9-reduce-then-canonical-Q24-pack
249,15,9,8,33,532,532,1,4,0,2,0,1,16,B3_general_R2_final_e0 + message_M_e0,signed-int16-v9-reduce-then-canonical-Q24-pack
250,15,10,8,34,548,548,2,4,0,2,0,1,16,B3_general_R2_final_e0 + message_M_e0,signed-int16-v9-reduce-then-canonical-Q24-pack
251,15,11,8,35,564,564,3,4,0,2,0,1,16,B3_general_R2_final_e0 + message_M_e0,signed-int16-v9-reduce-then-canonical-Q24-pack
252,15,12,8,32,512,512,0,0,0,2,0,0,0,B3_general_R2_final_e0 + message_M_e0,signed-int16-v9-reduce-then-canonical-Q24-pack
253,15,13,8,33,528,528,1,0,0,2,0,0,0,B3_general_R2_final_e0 + message_M_e0,signed-int16-v9-reduce-then-canonical-Q24-pack
254,15,14,8,34,544,544,2,0,0,2,0,0,0,B3_general_R2_final_e0 + message_M_e0,signed-int16-v9-reduce-then-canonical-Q24-pack
255,15,15,8,35,560,560,3,0,0,2,0,0,0,B3_general_R2_final_e0 + message_M_e0,signed-int16-v9-reduce-then-canonical-Q24-pack
256,16,0,4,16,265,265,0,9,0,1,0,6,12,B3_general_R2_final_e0 + message_M_e0,signed-int16-v9-reduce-then-canonical-Q24-pack
257,16,1,4,17,281,281,1,9,0,1,0,6,12,B3_general_R2_final_e0 + message_M_e0,signed-int16-v9-reduce-then-canonical-Q24-pack
258,16,2,4,18,297,297,2,9,0,1,0,6,12,B3_general_R2_final_e0 + message_M_e0,signed-int16-v9-reduce-then-canonical-Q24-pack
259,16,3,4,19,313,313,3,9,0,1,0,6,12,B3_general_R2_final_e0 + message_M_e0,signed-int16-v9-reduce-then-canonical-Q24-pack
260,16,4,4,16,269,269,0,13,0,1,0,7,28,B3_general_R2_final_e0 + message_M_e0,signed-int16-v9-reduce-then-canonical-Q24-pack
261,16,5,4,17,285,285,1,13,0,1,0,7,28,B3_general_R2_final_e0 + message_M_e0,signed-int16-v9-reduce-then-canonical-Q24-pack
262,16,6,4,18,301,301,2,13,0,1,0,7,28,B3_general_R2_final_e0 + message_M_e0,signed-int16-v9-reduce-then-canonical-Q24-pack
263,16,7,4,19,317,317,3,13,0,1,0,7,28,B3_general_R2_final_e0 + message_M_e0,signed-int16-v9-reduce-then-canonical-Q24-pack
264,16,8,4,16,261,261,0,5,0,1,0,5,20,B3_general_R2_final_e0 + message_M_e0,signed-int16-v9-reduce-then-canonical-Q24-pack
265,16,9,4,17,277,277,1,5,0,1,0,5,20,B3_general_R2_final_e0 + message_M_e0,signed-int16-v9-reduce-then-canonical-Q24-pack
266,16,10,4,18,293,293,2,5,0,1,0,5,20,B3_general_R2_final_e0 + message_M_e0,signed-int16-v9-reduce-then-canonical-Q24-pack
267,16,11,4,19,309,309,3,5,0,1,0,5,20,B3_general_R2_final_e0 + message_M_e0,signed-int16-v9-reduce-then-canonical-Q24-pack
268,16,12,4,16,257,257,0,1,0,1,0,4,4,B3_general_R2_final_e0 + message_M_e0,signed-int16-v9-reduce-then-canonical-Q24-pack
269,16,13,4,17,273,273,1,1,0,1,0,4,4,B3_general_R2_final_e0 + message_M_e0,signed-int16-v9-reduce-then-canonical-Q24-pack
270,16,14,4,18,289,289,2,1,0,1,0,4,4,B3_general_R2_final_e0 + message_M_e0,signed-int16-v9-reduce-then-canonical-Q24-pack
271,16,15,4,19,305,305,3,1,0,1,0,4,4,B3_general_R2_final_e0 + message_M_e0,signed-int16-v9-reduce-then-canonical-Q24-pack
272,17,0,4,16,260,260,0,4,0,1,0,1,16,B3_general_R2_final_e0 + message_M_e0,signed-int16-v9-reduce-then-canonical-Q24-pack
273,17,1,4,17,276,276,1,4,0,1,0,1,16,B3_general_R2_final_e0 + message_M_e0,signed-int16-v9-reduce-then-canonical-Q24-pack
274,17,2,4,18,292,292,2,4,0,1,0,1,16,B3_general_R2_final_e0 + message_M_e0,signed-int16-v9-reduce-then-canonical-Q24-pack
275,17,3,4,19,308,308,3,4,0,1,0,1,16,B3_general_R2_final_e0 + message_M_e0,signed-int16-v9-reduce-then-canonical-Q24-pack
276,17,4,4,16,256,256,0,0,0,1,0,0,0,B3_general_R2_final_e0 + message_M_e0,signed-int16-v9-reduce-then-canonical-Q24-pack
277,17,5,4,17,272,272,1,0,0,1,0,0,0,B3_general_R2_final_e0 + message_M_e0,signed-int16-v9-reduce-then-canonical-Q24-pack
278,17,6,4,18,288,288,2,0,0,1,0,0,0,B3_general_R2_final_e0 + message_M_e0,signed-int16-v9-reduce-then-canonical-Q24-pack
279,17,7,4,19,304,304,3,0,0,1,0,0,0,B3_general_R2_final_e0 + message_M_e0,signed-int16-v9-reduce-then-canonical-Q24-pack
280,17,8,4,16,268,268,0,12,0,1,0,3,24,B3_general_R2_final_e0 + message_M_e0,signed-int16-v9-reduce-then-canonical-Q24-pack
281,17,9,4,17,284,284,1,12,0,1,0,3,24,B3_general_R2_final_e0 + message_M_e0,signed-int16-v9-reduce-then-canonical-Q24-pack
282,17,10,4,18,300,300,2,12,0,1,0,3,24,B3_general_R2_final_e0 + message_M_e0,signed-int16-v9-reduce-then-canonical-Q24-pack
283,17,11,4,19,316,316,3,12,0,1,0,3,24,B3_general_R2_final_e0 + message_M_e0,signed-int16-v9-reduce-then-canonical-Q24-pack
284,17,12,4,16,264,264,0,8,0,1,0,2,8,B3_general_R2_final_e0 + message_M_e0,signed-int16-v9-reduce-then-canonical-Q24-pack
285,17,13,4,17,280,280,1,8,0,1,0,2,8,B3_general_R2_final_e0 + message_M_e0,signed-int16-v9-reduce-then-canonical-Q24-pack
286,17,14,4,18,296,296,2,8,0,1,0,2,8,B3_general_R2_final_e0 + message_M_e0,signed-int16-v9-reduce-then-canonical-Q24-pack
287,17,15,4,19,312,312,3,8,0,1,0,2,8,B3_general_R2_final_e0 + message_M_e0,signed-int16-v9-reduce-then-canonical-Q24-pack
288,18,0,4,16,267,267,0,11,0,1,0,14,14,B3_general_R2_final_e0 + message_M_e0,signed-int16-v9-reduce-then-canonical-Q24-pack
289,18,1,4,17,283,283,1,11,0,1,0,14,14,B3_general_R2_final_e0 + message_M_e0,signed-int16-v9-reduce-then-canonical-Q24-pack
290,18,2,4,18,299,299,2,11,0,1,0,14,14,B3_general_R2_final_e0 + message_M_e0,signed-int16-v9-reduce-then-canonical-Q24-pack
291,18,3,4,19,315,315,3,11,0,1,0,14,14,B3_general_R2_final_e0 + message_M_e0,signed-int16-v9-reduce-then-canonical-Q24-pack
292,18,4,4,16,271,271,0,15,0,1,0,15,30,B3_general_R2_final_e0 + message_M_e0,signed-int16-v9-reduce-then-canonical-Q24-pack
293,18,5,4,17,287,287,1,15,0,1,0,15,30,B3_general_R2_final_e0 + message_M_e0,signed-int16-v9-reduce-then-canonical-Q24-pack
294,18,6,4,18,303,303,2,15,0,1,0,15,30,B3_general_R2_final_e0 + message_M_e0,signed-int16-v9-reduce-then-canonical-Q24-pack
295,18,7,4,19,319,319,3,15,0,1,0,15,30,B3_general_R2_final_e0 + message_M_e0,signed-int16-v9-reduce-then-canonical-Q24-pack
296,18,8,4,16,263,263,0,7,0,1,0,13,22,B3_general_R2_final_e0 + message_M_e0,signed-int16-v9-reduce-then-canonical-Q24-pack
297,18,9,4,17,279,279,1,7,0,1,0,13,22,B3_general_R2_final_e0 + message_M_e0,signed-int16-v9-reduce-then-canonical-Q24-pack
298,18,10,4,18,295,295,2,7,0,1,0,13,22,B3_general_R2_final_e0 + message_M_e0,signed-int16-v9-reduce-then-canonical-Q24-pack
299,18,11,4,19,311,311,3,7,0,1,0,13,22,B3_general_R2_final_e0 + message_M_e0,signed-int16-v9-reduce-then-canonical-Q24-pack
300,18,12,4,16,259,259,0,3,0,1,0,12,6,B3_general_R2_final_e0 + message_M_e0,signed-int16-v9-reduce-then-canonical-Q24-pack
301,18,13,4,17,275,275,1,3,0,1,0,12,6,B3_general_R2_final_e0 + message_M_e0,signed-int16-v9-reduce-then-canonical-Q24-pack
302,18,14,4,18,291,291,2,3,0,1,0,12,6,B3_general_R2_final_e0 + message_M_e0,signed-int16-v9-reduce-then-canonical-Q24-pack
303,18,15,4,19,307,307,3,3,0,1,0,12,6,B3_general_R2_final_e0 + message_M_e0,signed-int16-v9-reduce-then-canonical-Q24-pack
304,19,0,4,16,262,262,0,6,0,1,0,9,18,B3_general_R2_final_e0 + message_M_e0,signed-int16-v9-reduce-then-canonical-Q24-pack
305,19,1,4,17,278,278,1,6,0,1,0,9,18,B3_general_R2_final_e0 + message_M_e0,signed-int16-v9-reduce-then-canonical-Q24-pack
306,19,2,4,18,294,294,2,6,0,1,0,9,18,B3_general_R2_final_e0 + message_M_e0,signed-int16-v9-reduce-then-canonical-Q24-pack
307,19,3,4,19,310,310,3,6,0,1,0,9,18,B3_general_R2_final_e0 + message_M_e0,signed-int16-v9-reduce-then-canonical-Q24-pack
308,19,4,4,16,258,258,0,2,0,1,0,8,2,B3_general_R2_final_e0 + message_M_e0,signed-int16-v9-reduce-then-canonical-Q24-pack
309,19,5,4,17,274,274,1,2,0,1,0,8,2,B3_general_R2_final_e0 + message_M_e0,signed-int16-v9-reduce-then-canonical-Q24-pack
310,19,6,4,18,290,290,2,2,0,1,0,8,2,B3_general_R2_final_e0 + message_M_e0,signed-int16-v9-reduce-then-canonical-Q24-pack
311,19,7,4,19,306,306,3,2,0,1,0,8,2,B3_general_R2_final_e0 + message_M_e0,signed-int16-v9-reduce-then-canonical-Q24-pack
312,19,8,4,16,270,270,0,14,0,1,0,11,26,B3_general_R2_final_e0 + message_M_e0,signed-int16-v9-reduce-then-canonical-Q24-pack
313,19,9,4,17,286,286,1,14,0,1,0,11,26,B3_general_R2_final_e0 + message_M_e0,signed-int16-v9-reduce-then-canonical-Q24-pack
314,19,10,4,18,302,302,2,14,0,1,0,11,26,B3_general_R2_final_e0 + message_M_e0,signed-int16-v9-reduce-then-canonical-Q24-pack
315,19,11,4,19,318,318,3,14,0,1,0,11,26,B3_general_R2_final_e0 + message_M_e0,signed-int16-v9-reduce-then-canonical-Q24-pack
316,19,12,4,16,266,266,0,10,0,1,0,10,10,B3_general_R2_final_e0 + message_M_e0,signed-int16-v9-reduce-then-canonical-Q24-pack
317,19,13,4,17,282,282,1,10,0,1,0,10,10,B3_general_R2_final_e0 + message_M_e0,signed-int16-v9-reduce-then-canonical-Q24-pack
318,19,14,4,18,298,298,2,10,0,1,0,10,10,B3_general_R2_final_e0 + message_M_e0,signed-int16-v9-reduce-then-canonical-Q24-pack
319,19,15,4,19,314,314,3,10,0,1,0,10,10,B3_general_R2_final_e0 + message_M_e0,signed-int16-v9-reduce-then-canonical-Q24-pack
320,20,0,5,20,329,329,0,9,0,1,1,22,13,B3_general_R2_final_e0 + message_M_e0,signed-int16-v9-reduce-then-canonical-Q24-pack
321,20,1,5,21,345,345,1,9,0,1,1,22,13,B3_general_R2_final_e0 + message_M_e0,signed-int16-v9-reduce-then-canonical-Q24-pack
322,20,2,5,22,361,361,2,9,0,1,1,22,13,B3_general_R2_final_e0 + message_M_e0,signed-int16-v9-reduce-then-canonical-Q24-pack
323,20,3,5,23,377,377,3,9,0,1,1,22,13,B3_general_R2_final_e0 + message_M_e0,signed-int16-v9-reduce-then-canonical-Q24-pack
324,20,4,5,20,333,333,0,13,0,1,1,23,29,B3_general_R2_final_e0 + message_M_e0,signed-int16-v9-reduce-then-canonical-Q24-pack
325,20,5,5,21,349,349,1,13,0,1,1,23,29,B3_general_R2_final_e0 + message_M_e0,signed-int16-v9-reduce-then-canonical-Q24-pack
326,20,6,5,22,365,365,2,13,0,1,1,23,29,B3_general_R2_final_e0 + message_M_e0,signed-int16-v9-reduce-then-canonical-Q24-pack
327,20,7,5,23,381,381,3,13,0,1,1,23,29,B3_general_R2_final_e0 + message_M_e0,signed-int16-v9-reduce-then-canonical-Q24-pack
328,20,8,5,20,325,325,0,5,0,1,1,21,21,B3_general_R2_final_e0 + message_M_e0,signed-int16-v9-reduce-then-canonical-Q24-pack
329,20,9,5,21,341,341,1,5,0,1,1,21,21,B3_general_R2_final_e0 + message_M_e0,signed-int16-v9-reduce-then-canonical-Q24-pack
330,20,10,5,22,357,357,2,5,0,1,1,21,21,B3_general_R2_final_e0 + message_M_e0,signed-int16-v9-reduce-then-canonical-Q24-pack
331,20,11,5,23,373,373,3,5,0,1,1,21,21,B3_general_R2_final_e0 + message_M_e0,signed-int16-v9-reduce-then-canonical-Q24-pack
332,20,12,5,20,321,321,0,1,0,1,1,20,5,B3_general_R2_final_e0 + message_M_e0,signed-int16-v9-reduce-then-canonical-Q24-pack
333,20,13,5,21,337,337,1,1,0,1,1,20,5,B3_general_R2_final_e0 + message_M_e0,signed-int16-v9-reduce-then-canonical-Q24-pack
334,20,14,5,22,353,353,2,1,0,1,1,20,5,B3_general_R2_final_e0 + message_M_e0,signed-int16-v9-reduce-then-canonical-Q24-pack
335,20,15,5,23,369,369,3,1,0,1,1,20,5,B3_general_R2_final_e0 + message_M_e0,signed-int16-v9-reduce-then-canonical-Q24-pack
336,21,0,5,20,324,324,0,4,0,1,1,17,17,B3_general_R2_final_e0 + message_M_e0,signed-int16-v9-reduce-then-canonical-Q24-pack
337,21,1,5,21,340,340,1,4,0,1,1,17,17,B3_general_R2_final_e0 + message_M_e0,signed-int16-v9-reduce-then-canonical-Q24-pack
338,21,2,5,22,356,356,2,4,0,1,1,17,17,B3_general_R2_final_e0 + message_M_e0,signed-int16-v9-reduce-then-canonical-Q24-pack
339,21,3,5,23,372,372,3,4,0,1,1,17,17,B3_general_R2_final_e0 + message_M_e0,signed-int16-v9-reduce-then-canonical-Q24-pack
340,21,4,5,20,320,320,0,0,0,1,1,16,1,B3_general_R2_final_e0 + message_M_e0,signed-int16-v9-reduce-then-canonical-Q24-pack
341,21,5,5,21,336,336,1,0,0,1,1,16,1,B3_general_R2_final_e0 + message_M_e0,signed-int16-v9-reduce-then-canonical-Q24-pack
342,21,6,5,22,352,352,2,0,0,1,1,16,1,B3_general_R2_final_e0 + message_M_e0,signed-int16-v9-reduce-then-canonical-Q24-pack
343,21,7,5,23,368,368,3,0,0,1,1,16,1,B3_general_R2_final_e0 + message_M_e0,signed-int16-v9-reduce-then-canonical-Q24-pack
344,21,8,5,20,332,332,0,12,0,1,1,19,25,B3_general_R2_final_e0 + message_M_e0,signed-int16-v9-reduce-then-canonical-Q24-pack
345,21,9,5,21,348,348,1,12,0,1,1,19,25,B3_general_R2_final_e0 + message_M_e0,signed-int16-v9-reduce-then-canonical-Q24-pack
346,21,10,5,22,364,364,2,12,0,1,1,19,25,B3_general_R2_final_e0 + message_M_e0,signed-int16-v9-reduce-then-canonical-Q24-pack
347,21,11,5,23,380,380,3,12,0,1,1,19,25,B3_general_R2_final_e0 + message_M_e0,signed-int16-v9-reduce-then-canonical-Q24-pack
348,21,12,5,20,328,328,0,8,0,1,1,18,9,B3_general_R2_final_e0 + message_M_e0,signed-int16-v9-reduce-then-canonical-Q24-pack
349,21,13,5,21,344,344,1,8,0,1,1,18,9,B3_general_R2_final_e0 + message_M_e0,signed-int16-v9-reduce-then-canonical-Q24-pack
350,21,14,5,22,360,360,2,8,0,1,1,18,9,B3_general_R2_final_e0 + message_M_e0,signed-int16-v9-reduce-then-canonical-Q24-pack
351,21,15,5,23,376,376,3,8,0,1,1,18,9,B3_general_R2_final_e0 + message_M_e0,signed-int16-v9-reduce-then-canonical-Q24-pack
352,22,0,5,20,331,331,0,11,0,1,1,30,15,B3_general_R2_final_e0 + message_M_e0,signed-int16-v9-reduce-then-canonical-Q24-pack
353,22,1,5,21,347,347,1,11,0,1,1,30,15,B3_general_R2_final_e0 + message_M_e0,signed-int16-v9-reduce-then-canonical-Q24-pack
354,22,2,5,22,363,363,2,11,0,1,1,30,15,B3_general_R2_final_e0 + message_M_e0,signed-int16-v9-reduce-then-canonical-Q24-pack
355,22,3,5,23,379,379,3,11,0,1,1,30,15,B3_general_R2_final_e0 + message_M_e0,signed-int16-v9-reduce-then-canonical-Q24-pack
356,22,4,5,20,335,335,0,15,0,1,1,31,31,B3_general_R2_final_e0 + message_M_e0,signed-int16-v9-reduce-then-canonical-Q24-pack
357,22,5,5,21,351,351,1,15,0,1,1,31,31,B3_general_R2_final_e0 + message_M_e0,signed-int16-v9-reduce-then-canonical-Q24-pack
358,22,6,5,22,367,367,2,15,0,1,1,31,31,B3_general_R2_final_e0 + message_M_e0,signed-int16-v9-reduce-then-canonical-Q24-pack
359,22,7,5,23,383,383,3,15,0,1,1,31,31,B3_general_R2_final_e0 + message_M_e0,signed-int16-v9-reduce-then-canonical-Q24-pack
360,22,8,5,20,327,327,0,7,0,1,1,29,23,B3_general_R2_final_e0 + message_M_e0,signed-int16-v9-reduce-then-canonical-Q24-pack
361,22,9,5,21,343,343,1,7,0,1,1,29,23,B3_general_R2_final_e0 + message_M_e0,signed-int16-v9-reduce-then-canonical-Q24-pack
362,22,10,5,22,359,359,2,7,0,1,1,29,23,B3_general_R2_final_e0 + message_M_e0,signed-int16-v9-reduce-then-canonical-Q24-pack
363,22,11,5,23,375,375,3,7,0,1,1,29,23,B3_general_R2_final_e0 + message_M_e0,signed-int16-v9-reduce-then-canonical-Q24-pack
364,22,12,5,20,323,323,0,3,0,1,1,28,7,B3_general_R2_final_e0 + message_M_e0,signed-int16-v9-reduce-then-canonical-Q24-pack
365,22,13,5,21,339,339,1,3,0,1,1,28,7,B3_general_R2_final_e0 + message_M_e0,signed-int16-v9-reduce-then-canonical-Q24-pack
366,22,14,5,22,355,355,2,3,0,1,1,28,7,B3_general_R2_final_e0 + message_M_e0,signed-int16-v9-reduce-then-canonical-Q24-pack
367,22,15,5,23,371,371,3,3,0,1,1,28,7,B3_general_R2_final_e0 + message_M_e0,signed-int16-v9-reduce-then-canonical-Q24-pack
368,23,0,5,20,326,326,0,6,0,1,1,25,19,B3_general_R2_final_e0 + message_M_e0,signed-int16-v9-reduce-then-canonical-Q24-pack
369,23,1,5,21,342,342,1,6,0,1,1,25,19,B3_general_R2_final_e0 + message_M_e0,signed-int16-v9-reduce-then-canonical-Q24-pack
370,23,2,5,22,358,358,2,6,0,1,1,25,19,B3_general_R2_final_e0 + message_M_e0,signed-int16-v9-reduce-then-canonical-Q24-pack
371,23,3,5,23,374,374,3,6,0,1,1,25,19,B3_general_R2_final_e0 + message_M_e0,signed-int16-v9-reduce-then-canonical-Q24-pack
372,23,4,5,20,322,322,0,2,0,1,1,24,3,B3_general_R2_final_e0 + message_M_e0,signed-int16-v9-reduce-then-canonical-Q24-pack
373,23,5,5,21,338,338,1,2,0,1,1,24,3,B3_general_R2_final_e0 + message_M_e0,signed-int16-v9-reduce-then-canonical-Q24-pack
374,23,6,5,22,354,354,2,2,0,1,1,24,3,B3_general_R2_final_e0 + message_M_e0,signed-int16-v9-reduce-then-canonical-Q24-pack
375,23,7,5,23,370,370,3,2,0,1,1,24,3,B3_general_R2_final_e0 + message_M_e0,signed-int16-v9-reduce-then-canonical-Q24-pack
376,23,8,5,20,334,334,0,14,0,1,1,27,27,B3_general_R2_final_e0 + message_M_e0,signed-int16-v9-reduce-then-canonical-Q24-pack
377,23,9,5,21,350,350,1,14,0,1,1,27,27,B3_general_R2_final_e0 + message_M_e0,signed-int16-v9-reduce-then-canonical-Q24-pack
378,23,10,5,22,366,366,2,14,0,1,1,27,27,B3_general_R2_final_e0 + message_M_e0,signed-int16-v9-reduce-then-canonical-Q24-pack
379,23,11,5,23,382,382,3,14,0,1,1,27,27,B3_general_R2_final_e0 + message_M_e0,signed-int16-v9-reduce-then-canonical-Q24-pack
380,23,12,5,20,330,330,0,10,0,1,1,26,11,B3_general_R2_final_e0 + message_M_e0,signed-int16-v9-reduce-then-canonical-Q24-pack
381,23,13,5,21,346,346,1,10,0,1,1,26,11,B3_general_R2_final_e0 + message_M_e0,signed-int16-v9-reduce-then-canonical-Q24-pack
382,23,14,5,22,362,362,2,10,0,1,1,26,11,B3_general_R2_final_e0 + message_M_e0,signed-int16-v9-reduce-then-canonical-Q24-pack
383,23,15,5,23,378,378,3,10,0,1,1,26,11,B3_general_R2_final_e0 + message_M_e0,signed-int16-v9-reduce-then-canonical-Q24-pack
384,24,0,11,44,714,714,0,10,1,2,1,26,11,B3_general_R2_final_e0 + message_M_e0,signed-int16-v9-reduce-then-canonical-Q24-pack
385,24,1,11,45,730,730,1,10,1,2,1,26,11,B3_general_R2_final_e0 + message_M_e0,signed-int16-v9-reduce-then-canonical-Q24-pack
386,24,2,11,46,746,746,2,10,1,2,1,26,11,B3_general_R2_final_e0 + message_M_e0,signed-int16-v9-reduce-then-canonical-Q24-pack
387,24,3,11,47,762,762,3,10,1,2,1,26,11,B3_general_R2_final_e0 + message_M_e0,signed-int16-v9-reduce-then-canonical-Q24-pack
388,24,4,11,44,718,718,0,14,1,2,1,27,27,B3_general_R2_final_e0 + message_M_e0,signed-int16-v9-reduce-then-canonical-Q24-pack
389,24,5,11,45,734,734,1,14,1,2,1,27,27,B3_general_R2_final_e0 + message_M_e0,signed-int16-v9-reduce-then-canonical-Q24-pack
390,24,6,11,46,750,750,2,14,1,2,1,27,27,B3_general_R2_final_e0 + message_M_e0,signed-int16-v9-reduce-then-canonical-Q24-pack
391,24,7,11,47,766,766,3,14,1,2,1,27,27,B3_general_R2_final_e0 + message_M_e0,signed-int16-v9-reduce-then-canonical-Q24-pack
392,24,8,11,44,710,710,0,6,1,2,1,25,19,B3_general_R2_final_e0 + message_M_e0,signed-int16-v9-reduce-then-canonical-Q24-pack
393,24,9,11,45,726,726,1,6,1,2,1,25,19,B3_general_R2_final_e0 + message_M_e0,signed-int16-v9-reduce-then-canonical-Q24-pack
394,24,10,11,46,742,742,2,6,1,2,1,25,19,B3_general_R2_final_e0 + message_M_e0,signed-int16-v9-reduce-then-canonical-Q24-pack
395,24,11,11,47,758,758,3,6,1,2,1,25,19,B3_general_R2_final_e0 + message_M_e0,signed-int16-v9-reduce-then-canonical-Q24-pack
396,24,12,11,44,706,706,0,2,1,2,1,24,3,B3_general_R2_final_e0 + message_M_e0,signed-int16-v9-reduce-then-canonical-Q24-pack
397,24,13,11,45,722,722,1,2,1,2,1,24,3,B3_general_R2_final_e0 + message_M_e0,signed-int16-v9-reduce-then-canonical-Q24-pack
398,24,14,11,46,738,738,2,2,1,2,1,24,3,B3_general_R2_final_e0 + message_M_e0,signed-int16-v9-reduce-then-canonical-Q24-pack
399,24,15,11,47,754,754,3,2,1,2,1,24,3,B3_general_R2_final_e0 + message_M_e0,signed-int16-v9-reduce-then-canonical-Q24-pack
400,25,0,11,44,715,715,0,11,1,2,1,30,15,B3_general_R2_final_e0 + message_M_e0,signed-int16-v9-reduce-then-canonical-Q24-pack
401,25,1,11,45,731,731,1,11,1,2,1,30,15,B3_general_R2_final_e0 + message_M_e0,signed-int16-v9-reduce-then-canonical-Q24-pack
402,25,2,11,46,747,747,2,11,1,2,1,30,15,B3_general_R2_final_e0 + message_M_e0,signed-int16-v9-reduce-then-canonical-Q24-pack
403,25,3,11,47,763,763,3,11,1,2,1,30,15,B3_general_R2_final_e0 + message_M_e0,signed-int16-v9-reduce-then-canonical-Q24-pack
404,25,4,11,44,719,719,0,15,1,2,1,31,31,B3_general_R2_final_e0 + message_M_e0,signed-int16-v9-reduce-then-canonical-Q24-pack
405,25,5,11,45,735,735,1,15,1,2,1,31,31,B3_general_R2_final_e0 + message_M_e0,signed-int16-v9-reduce-then-canonical-Q24-pack
406,25,6,11,46,751,751,2,15,1,2,1,31,31,B3_general_R2_final_e0 + message_M_e0,signed-int16-v9-reduce-then-canonical-Q24-pack
407,25,7,11,47,767,767,3,15,1,2,1,31,31,B3_general_R2_final_e0 + message_M_e0,signed-int16-v9-reduce-then-canonical-Q24-pack
408,25,8,11,44,711,711,0,7,1,2,1,29,23,B3_general_R2_final_e0 + message_M_e0,signed-int16-v9-reduce-then-canonical-Q24-pack
409,25,9,11,45,727,727,1,7,1,2,1,29,23,B3_general_R2_final_e0 + message_M_e0,signed-int16-v9-reduce-then-canonical-Q24-pack
410,25,10,11,46,743,743,2,7,1,2,1,29,23,B3_general_R2_final_e0 + message_M_e0,signed-int16-v9-reduce-then-canonical-Q24-pack
411,25,11,11,47,759,759,3,7,1,2,1,29,23,B3_general_R2_final_e0 + message_M_e0,signed-int16-v9-reduce-then-canonical-Q24-pack
412,25,12,11,44,707,707,0,3,1,2,1,28,7,B3_general_R2_final_e0 + message_M_e0,signed-int16-v9-reduce-then-canonical-Q24-pack
413,25,13,11,45,723,723,1,3,1,2,1,28,7,B3_general_R2_final_e0 + message_M_e0,signed-int16-v9-reduce-then-canonical-Q24-pack
414,25,14,11,46,739,739,2,3,1,2,1,28,7,B3_general_R2_final_e0 + message_M_e0,signed-int16-v9-reduce-then-canonical-Q24-pack
415,25,15,11,47,755,755,3,3,1,2,1,28,7,B3_general_R2_final_e0 + message_M_e0,signed-int16-v9-reduce-then-canonical-Q24-pack
416,26,0,11,44,713,713,0,9,1,2,1,22,13,B3_general_R2_final_e0 + message_M_e0,signed-int16-v9-reduce-then-canonical-Q24-pack
417,26,1,11,45,729,729,1,9,1,2,1,22,13,B3_general_R2_final_e0 + message_M_e0,signed-int16-v9-reduce-then-canonical-Q24-pack
418,26,2,11,46,745,745,2,9,1,2,1,22,13,B3_general_R2_final_e0 + message_M_e0,signed-int16-v9-reduce-then-canonical-Q24-pack
419,26,3,11,47,761,761,3,9,1,2,1,22,13,B3_general_R2_final_e0 + message_M_e0,signed-int16-v9-reduce-then-canonical-Q24-pack
420,26,4,11,44,717,717,0,13,1,2,1,23,29,B3_general_R2_final_e0 + message_M_e0,signed-int16-v9-reduce-then-canonical-Q24-pack
421,26,5,11,45,733,733,1,13,1,2,1,23,29,B3_general_R2_final_e0 + message_M_e0,signed-int16-v9-reduce-then-canonical-Q24-pack
422,26,6,11,46,749,749,2,13,1,2,1,23,29,B3_general_R2_final_e0 + message_M_e0,signed-int16-v9-reduce-then-canonical-Q24-pack
423,26,7,11,47,765,765,3,13,1,2,1,23,29,B3_general_R2_final_e0 + message_M_e0,signed-int16-v9-reduce-then-canonical-Q24-pack
424,26,8,11,44,709,709,0,5,1,2,1,21,21,B3_general_R2_final_e0 + message_M_e0,signed-int16-v9-reduce-then-canonical-Q24-pack
425,26,9,11,45,725,725,1,5,1,2,1,21,21,B3_general_R2_final_e0 + message_M_e0,signed-int16-v9-reduce-then-canonical-Q24-pack
426,26,10,11,46,741,741,2,5,1,2,1,21,21,B3_general_R2_final_e0 + message_M_e0,signed-int16-v9-reduce-then-canonical-Q24-pack
427,26,11,11,47,757,757,3,5,1,2,1,21,21,B3_general_R2_final_e0 + message_M_e0,signed-int16-v9-reduce-then-canonical-Q24-pack
428,26,12,11,44,705,705,0,1,1,2,1,20,5,B3_general_R2_final_e0 + message_M_e0,signed-int16-v9-reduce-then-canonical-Q24-pack
429,26,13,11,45,721,721,1,1,1,2,1,20,5,B3_general_R2_final_e0 + message_M_e0,signed-int16-v9-reduce-then-canonical-Q24-pack
430,26,14,11,46,737,737,2,1,1,2,1,20,5,B3_general_R2_final_e0 + message_M_e0,signed-int16-v9-reduce-then-canonical-Q24-pack
431,26,15,11,47,753,753,3,1,1,2,1,20,5,B3_general_R2_final_e0 + message_M_e0,signed-int16-v9-reduce-then-canonical-Q24-pack
432,27,0,11,44,708,708,0,4,1,2,1,17,17,B3_general_R2_final_e0 + message_M_e0,signed-int16-v9-reduce-then-canonical-Q24-pack
433,27,1,11,45,724,724,1,4,1,2,1,17,17,B3_general_R2_final_e0 + message_M_e0,signed-int16-v9-reduce-then-canonical-Q24-pack
434,27,2,11,46,740,740,2,4,1,2,1,17,17,B3_general_R2_final_e0 + message_M_e0,signed-int16-v9-reduce-then-canonical-Q24-pack
435,27,3,11,47,756,756,3,4,1,2,1,17,17,B3_general_R2_final_e0 + message_M_e0,signed-int16-v9-reduce-then-canonical-Q24-pack
436,27,4,11,44,704,704,0,0,1,2,1,16,1,B3_general_R2_final_e0 + message_M_e0,signed-int16-v9-reduce-then-canonical-Q24-pack
437,27,5,11,45,720,720,1,0,1,2,1,16,1,B3_general_R2_final_e0 + message_M_e0,signed-int16-v9-reduce-then-canonical-Q24-pack
438,27,6,11,46,736,736,2,0,1,2,1,16,1,B3_general_R2_final_e0 + message_M_e0,signed-int16-v9-reduce-then-canonical-Q24-pack
439,27,7,11,47,752,752,3,0,1,2,1,16,1,B3_general_R2_final_e0 + message_M_e0,signed-int16-v9-reduce-then-canonical-Q24-pack
440,27,8,11,44,716,716,0,12,1,2,1,19,25,B3_general_R2_final_e0 + message_M_e0,signed-int16-v9-reduce-then-canonical-Q24-pack
441,27,9,11,45,732,732,1,12,1,2,1,19,25,B3_general_R2_final_e0 + message_M_e0,signed-int16-v9-reduce-then-canonical-Q24-pack
442,27,10,11,46,748,748,2,12,1,2,1,19,25,B3_general_R2_final_e0 + message_M_e0,signed-int16-v9-reduce-then-canonical-Q24-pack
443,27,11,11,47,764,764,3,12,1,2,1,19,25,B3_general_R2_final_e0 + message_M_e0,signed-int16-v9-reduce-then-canonical-Q24-pack
444,27,12,11,44,712,712,0,8,1,2,1,18,9,B3_general_R2_final_e0 + message_M_e0,signed-int16-v9-reduce-then-canonical-Q24-pack
445,27,13,11,45,728,728,1,8,1,2,1,18,9,B3_general_R2_final_e0 + message_M_e0,signed-int16-v9-reduce-then-canonical-Q24-pack
446,27,14,11,46,744,744,2,8,1,2,1,18,9,B3_general_R2_final_e0 + message_M_e0,signed-int16-v9-reduce-then-canonical-Q24-pack
447,27,15,11,47,760,760,3,8,1,2,1,18,9,B3_general_R2_final_e0 + message_M_e0,signed-int16-v9-reduce-then-canonical-Q24-pack
448,28,0,10,40,649,649,0,9,1,2,0,6,12,B3_general_R2_final_e0 + message_M_e0,signed-int16-v9-reduce-then-canonical-Q24-pack
449,28,1,10,41,665,665,1,9,1,2,0,6,12,B3_general_R2_final_e0 + message_M_e0,signed-int16-v9-reduce-then-canonical-Q24-pack
450,28,2,10,42,681,681,2,9,1,2,0,6,12,B3_general_R2_final_e0 + message_M_e0,signed-int16-v9-reduce-then-canonical-Q24-pack
451,28,3,10,43,697,697,3,9,1,2,0,6,12,B3_general_R2_final_e0 + message_M_e0,signed-int16-v9-reduce-then-canonical-Q24-pack
452,28,4,10,40,653,653,0,13,1,2,0,7,28,B3_general_R2_final_e0 + message_M_e0,signed-int16-v9-reduce-then-canonical-Q24-pack
453,28,5,10,41,669,669,1,13,1,2,0,7,28,B3_general_R2_final_e0 + message_M_e0,signed-int16-v9-reduce-then-canonical-Q24-pack
454,28,6,10,42,685,685,2,13,1,2,0,7,28,B3_general_R2_final_e0 + message_M_e0,signed-int16-v9-reduce-then-canonical-Q24-pack
455,28,7,10,43,701,701,3,13,1,2,0,7,28,B3_general_R2_final_e0 + message_M_e0,signed-int16-v9-reduce-then-canonical-Q24-pack
456,28,8,10,40,645,645,0,5,1,2,0,5,20,B3_general_R2_final_e0 + message_M_e0,signed-int16-v9-reduce-then-canonical-Q24-pack
457,28,9,10,41,661,661,1,5,1,2,0,5,20,B3_general_R2_final_e0 + message_M_e0,signed-int16-v9-reduce-then-canonical-Q24-pack
458,28,10,10,42,677,677,2,5,1,2,0,5,20,B3_general_R2_final_e0 + message_M_e0,signed-int16-v9-reduce-then-canonical-Q24-pack
459,28,11,10,43,693,693,3,5,1,2,0,5,20,B3_general_R2_final_e0 + message_M_e0,signed-int16-v9-reduce-then-canonical-Q24-pack
460,28,12,10,40,641,641,0,1,1,2,0,4,4,B3_general_R2_final_e0 + message_M_e0,signed-int16-v9-reduce-then-canonical-Q24-pack
461,28,13,10,41,657,657,1,1,1,2,0,4,4,B3_general_R2_final_e0 + message_M_e0,signed-int16-v9-reduce-then-canonical-Q24-pack
462,28,14,10,42,673,673,2,1,1,2,0,4,4,B3_general_R2_final_e0 + message_M_e0,signed-int16-v9-reduce-then-canonical-Q24-pack
463,28,15,10,43,689,689,3,1,1,2,0,4,4,B3_general_R2_final_e0 + message_M_e0,signed-int16-v9-reduce-then-canonical-Q24-pack
464,29,0,10,40,644,644,0,4,1,2,0,1,16,B3_general_R2_final_e0 + message_M_e0,signed-int16-v9-reduce-then-canonical-Q24-pack
465,29,1,10,41,660,660,1,4,1,2,0,1,16,B3_general_R2_final_e0 + message_M_e0,signed-int16-v9-reduce-then-canonical-Q24-pack
466,29,2,10,42,676,676,2,4,1,2,0,1,16,B3_general_R2_final_e0 + message_M_e0,signed-int16-v9-reduce-then-canonical-Q24-pack
467,29,3,10,43,692,692,3,4,1,2,0,1,16,B3_general_R2_final_e0 + message_M_e0,signed-int16-v9-reduce-then-canonical-Q24-pack
468,29,4,10,40,640,640,0,0,1,2,0,0,0,B3_general_R2_final_e0 + message_M_e0,signed-int16-v9-reduce-then-canonical-Q24-pack
469,29,5,10,41,656,656,1,0,1,2,0,0,0,B3_general_R2_final_e0 + message_M_e0,signed-int16-v9-reduce-then-canonical-Q24-pack
470,29,6,10,42,672,672,2,0,1,2,0,0,0,B3_general_R2_final_e0 + message_M_e0,signed-int16-v9-reduce-then-canonical-Q24-pack
471,29,7,10,43,688,688,3,0,1,2,0,0,0,B3_general_R2_final_e0 + message_M_e0,signed-int16-v9-reduce-then-canonical-Q24-pack
472,29,8,10,40,652,652,0,12,1,2,0,3,24,B3_general_R2_final_e0 + message_M_e0,signed-int16-v9-reduce-then-canonical-Q24-pack
473,29,9,10,41,668,668,1,12,1,2,0,3,24,B3_general_R2_final_e0 + message_M_e0,signed-int16-v9-reduce-then-canonical-Q24-pack
474,29,10,10,42,684,684,2,12,1,2,0,3,24,B3_general_R2_final_e0 + message_M_e0,signed-int16-v9-reduce-then-canonical-Q24-pack
475,29,11,10,43,700,700,3,12,1,2,0,3,24,B3_general_R2_final_e0 + message_M_e0,signed-int16-v9-reduce-then-canonical-Q24-pack
476,29,12,10,40,648,648,0,8,1,2,0,2,8,B3_general_R2_final_e0 + message_M_e0,signed-int16-v9-reduce-then-canonical-Q24-pack
477,29,13,10,41,664,664,1,8,1,2,0,2,8,B3_general_R2_final_e0 + message_M_e0,signed-int16-v9-reduce-then-canonical-Q24-pack
478,29,14,10,42,680,680,2,8,1,2,0,2,8,B3_general_R2_final_e0 + message_M_e0,signed-int16-v9-reduce-then-canonical-Q24-pack
479,29,15,10,43,696,696,3,8,1,2,0,2,8,B3_general_R2_final_e0 + message_M_e0,signed-int16-v9-reduce-then-canonical-Q24-pack
480,30,0,10,40,651,651,0,11,1,2,0,14,14,B3_general_R2_final_e0 + message_M_e0,signed-int16-v9-reduce-then-canonical-Q24-pack
481,30,1,10,41,667,667,1,11,1,2,0,14,14,B3_general_R2_final_e0 + message_M_e0,signed-int16-v9-reduce-then-canonical-Q24-pack
482,30,2,10,42,683,683,2,11,1,2,0,14,14,B3_general_R2_final_e0 + message_M_e0,signed-int16-v9-reduce-then-canonical-Q24-pack
483,30,3,10,43,699,699,3,11,1,2,0,14,14,B3_general_R2_final_e0 + message_M_e0,signed-int16-v9-reduce-then-canonical-Q24-pack
484,30,4,10,40,655,655,0,15,1,2,0,15,30,B3_general_R2_final_e0 + message_M_e0,signed-int16-v9-reduce-then-canonical-Q24-pack
485,30,5,10,41,671,671,1,15,1,2,0,15,30,B3_general_R2_final_e0 + message_M_e0,signed-int16-v9-reduce-then-canonical-Q24-pack
486,30,6,10,42,687,687,2,15,1,2,0,15,30,B3_general_R2_final_e0 + message_M_e0,signed-int16-v9-reduce-then-canonical-Q24-pack
487,30,7,10,43,703,703,3,15,1,2,0,15,30,B3_general_R2_final_e0 + message_M_e0,signed-int16-v9-reduce-then-canonical-Q24-pack
488,30,8,10,40,647,647,0,7,1,2,0,13,22,B3_general_R2_final_e0 + message_M_e0,signed-int16-v9-reduce-then-canonical-Q24-pack
489,30,9,10,41,663,663,1,7,1,2,0,13,22,B3_general_R2_final_e0 + message_M_e0,signed-int16-v9-reduce-then-canonical-Q24-pack
490,30,10,10,42,679,679,2,7,1,2,0,13,22,B3_general_R2_final_e0 + message_M_e0,signed-int16-v9-reduce-then-canonical-Q24-pack
491,30,11,10,43,695,695,3,7,1,2,0,13,22,B3_general_R2_final_e0 + message_M_e0,signed-int16-v9-reduce-then-canonical-Q24-pack
492,30,12,10,40,643,643,0,3,1,2,0,12,6,B3_general_R2_final_e0 + message_M_e0,signed-int16-v9-reduce-then-canonical-Q24-pack
493,30,13,10,41,659,659,1,3,1,2,0,12,6,B3_general_R2_final_e0 + message_M_e0,signed-int16-v9-reduce-then-canonical-Q24-pack
494,30,14,10,42,675,675,2,3,1,2,0,12,6,B3_general_R2_final_e0 + message_M_e0,signed-int16-v9-reduce-then-canonical-Q24-pack
495,30,15,10,43,691,691,3,3,1,2,0,12,6,B3_general_R2_final_e0 + message_M_e0,signed-int16-v9-reduce-then-canonical-Q24-pack
496,31,0,10,40,646,646,0,6,1,2,0,9,18,B3_general_R2_final_e0 + message_M_e0,signed-int16-v9-reduce-then-canonical-Q24-pack
497,31,1,10,41,662,662,1,6,1,2,0,9,18,B3_general_R2_final_e0 + message_M_e0,signed-int16-v9-reduce-then-canonical-Q24-pack
498,31,2,10,42,678,678,2,6,1,2,0,9,18,B3_general_R2_final_e0 + message_M_e0,signed-int16-v9-reduce-then-canonical-Q24-pack
499,31,3,10,43,694,694,3,6,1,2,0,9,18,B3_general_R2_final_e0 + message_M_e0,signed-int16-v9-reduce-then-canonical-Q24-pack
500,31,4,10,40,642,642,0,2,1,2,0,8,2,B3_general_R2_final_e0 + message_M_e0,signed-int16-v9-reduce-then-canonical-Q24-pack
501,31,5,10,41,658,658,1,2,1,2,0,8,2,B3_general_R2_final_e0 + message_M_e0,signed-int16-v9-reduce-then-canonical-Q24-pack
502,31,6,10,42,674,674,2,2,1,2,0,8,2,B3_general_R2_final_e0 + message_M_e0,signed-int16-v9-reduce-then-canonical-Q24-pack
503,31,7,10,43,690,690,3,2,1,2,0,8,2,B3_general_R2_final_e0 + message_M_e0,signed-int16-v9-reduce-then-canonical-Q24-pack
504,31,8,10,40,654,654,0,14,1,2,0,11,26,B3_general_R2_final_e0 + message_M_e0,signed-int16-v9-reduce-then-canonical-Q24-pack
505,31,9,10,41,670,670,1,14,1,2,0,11,26,B3_general_R2_final_e0 + message_M_e0,signed-int16-v9-reduce-then-canonical-Q24-pack
506,31,10,10,42,686,686,2,14,1,2,0,11,26,B3_general_R2_final_e0 + message_M_e0,signed-int16-v9-reduce-then-canonical-Q24-pack
507,31,11,10,43,702,702,3,14,1,2,0,11,26,B3_general_R2_final_e0 + message_M_e0,signed-int16-v9-reduce-then-canonical-Q24-pack
508,31,12,10,40,650,650,0,10,1,2,0,10,10,B3_general_R2_final_e0 + message_M_e0,signed-int16-v9-reduce-then-canonical-Q24-pack
509,31,13,10,41,666,666,1,10,1,2,0,10,10,B3_general_R2_final_e0 + message_M_e0,signed-int16-v9-reduce-then-canonical-Q24-pack
510,31,14,10,42,682,682,2,10,1,2,0,10,10,B3_general_R2_final_e0 + message_M_e0,signed-int16-v9-reduce-then-canonical-Q24-pack
511,31,15,10,43,698,698,3,10,1,2,0,10,10,B3_general_R2_final_e0 + message_M_e0,signed-int16-v9-reduce-then-canonical-Q24-pack
512,32,0,6,24,391,391,0,7,1,1,0,13,22,B3_general_R2_final_e0 + message_M_e0,signed-int16-v9-reduce-then-canonical-Q24-pack
513,32,1,6,25,407,407,1,7,1,1,0,13,22,B3_general_R2_final_e0 + message_M_e0,signed-int16-v9-reduce-then-canonical-Q24-pack
514,32,2,6,26,423,423,2,7,1,1,0,13,22,B3_general_R2_final_e0 + message_M_e0,signed-int16-v9-reduce-then-canonical-Q24-pack
515,32,3,6,27,439,439,3,7,1,1,0,13,22,B3_general_R2_final_e0 + message_M_e0,signed-int16-v9-reduce-then-canonical-Q24-pack
516,32,4,6,24,387,387,0,3,1,1,0,12,6,B3_general_R2_final_e0 + message_M_e0,signed-int16-v9-reduce-then-canonical-Q24-pack
517,32,5,6,25,403,403,1,3,1,1,0,12,6,B3_general_R2_final_e0 + message_M_e0,signed-int16-v9-reduce-then-canonical-Q24-pack
518,32,6,6,26,419,419,2,3,1,1,0,12,6,B3_general_R2_final_e0 + message_M_e0,signed-int16-v9-reduce-then-canonical-Q24-pack
519,32,7,6,27,435,435,3,3,1,1,0,12,6,B3_general_R2_final_e0 + message_M_e0,signed-int16-v9-reduce-then-canonical-Q24-pack
520,32,8,6,24,399,399,0,15,1,1,0,15,30,B3_general_R2_final_e0 + message_M_e0,signed-int16-v9-reduce-then-canonical-Q24-pack
521,32,9,6,25,415,415,1,15,1,1,0,15,30,B3_general_R2_final_e0 + message_M_e0,signed-int16-v9-reduce-then-canonical-Q24-pack
522,32,10,6,26,431,431,2,15,1,1,0,15,30,B3_general_R2_final_e0 + message_M_e0,signed-int16-v9-reduce-then-canonical-Q24-pack
523,32,11,6,27,447,447,3,15,1,1,0,15,30,B3_general_R2_final_e0 + message_M_e0,signed-int16-v9-reduce-then-canonical-Q24-pack
524,32,12,6,24,395,395,0,11,1,1,0,14,14,B3_general_R2_final_e0 + message_M_e0,signed-int16-v9-reduce-then-canonical-Q24-pack
525,32,13,6,25,411,411,1,11,1,1,0,14,14,B3_general_R2_final_e0 + message_M_e0,signed-int16-v9-reduce-then-canonical-Q24-pack
526,32,14,6,26,427,427,2,11,1,1,0,14,14,B3_general_R2_final_e0 + message_M_e0,signed-int16-v9-reduce-then-canonical-Q24-pack
527,32,15,6,27,443,443,3,11,1,1,0,14,14,B3_general_R2_final_e0 + message_M_e0,signed-int16-v9-reduce-then-canonical-Q24-pack
528,33,0,6,24,398,398,0,14,1,1,0,11,26,B3_general_R2_final_e0 + message_M_e0,signed-int16-v9-reduce-then-canonical-Q24-pack
529,33,1,6,25,414,414,1,14,1,1,0,11,26,B3_general_R2_final_e0 + message_M_e0,signed-int16-v9-reduce-then-canonical-Q24-pack
530,33,2,6,26,430,430,2,14,1,1,0,11,26,B3_general_R2_final_e0 + message_M_e0,signed-int16-v9-reduce-then-canonical-Q24-pack
531,33,3,6,27,446,446,3,14,1,1,0,11,26,B3_general_R2_final_e0 + message_M_e0,signed-int16-v9-reduce-then-canonical-Q24-pack
532,33,4,6,24,394,394,0,10,1,1,0,10,10,B3_general_R2_final_e0 + message_M_e0,signed-int16-v9-reduce-then-canonical-Q24-pack
533,33,5,6,25,410,410,1,10,1,1,0,10,10,B3_general_R2_final_e0 + message_M_e0,signed-int16-v9-reduce-then-canonical-Q24-pack
534,33,6,6,26,426,426,2,10,1,1,0,10,10,B3_general_R2_final_e0 + message_M_e0,signed-int16-v9-reduce-then-canonical-Q24-pack
535,33,7,6,27,442,442,3,10,1,1,0,10,10,B3_general_R2_final_e0 + message_M_e0,signed-int16-v9-reduce-then-canonical-Q24-pack
536,33,8,6,24,386,386,0,2,1,1,0,8,2,B3_general_R2_final_e0 + message_M_e0,signed-int16-v9-reduce-then-canonical-Q24-pack
537,33,9,6,25,402,402,1,2,1,1,0,8,2,B3_general_R2_final_e0 + message_M_e0,signed-int16-v9-reduce-then-canonical-Q24-pack
538,33,10,6,26,418,418,2,2,1,1,0,8,2,B3_general_R2_final_e0 + message_M_e0,signed-int16-v9-reduce-then-canonical-Q24-pack
539,33,11,6,27,434,434,3,2,1,1,0,8,2,B3_general_R2_final_e0 + message_M_e0,signed-int16-v9-reduce-then-canonical-Q24-pack
540,33,12,6,24,390,390,0,6,1,1,0,9,18,B3_general_R2_final_e0 + message_M_e0,signed-int16-v9-reduce-then-canonical-Q24-pack
541,33,13,6,25,406,406,1,6,1,1,0,9,18,B3_general_R2_final_e0 + message_M_e0,signed-int16-v9-reduce-then-canonical-Q24-pack
542,33,14,6,26,422,422,2,6,1,1,0,9,18,B3_general_R2_final_e0 + message_M_e0,signed-int16-v9-reduce-then-canonical-Q24-pack
543,33,15,6,27,438,438,3,6,1,1,0,9,18,B3_general_R2_final_e0 + message_M_e0,signed-int16-v9-reduce-then-canonical-Q24-pack
544,34,0,6,24,396,396,0,12,1,1,0,3,24,B3_general_R2_final_e0 + message_M_e0,signed-int16-v9-reduce-then-canonical-Q24-pack
545,34,1,6,25,412,412,1,12,1,1,0,3,24,B3_general_R2_final_e0 + message_M_e0,signed-int16-v9-reduce-then-canonical-Q24-pack
546,34,2,6,26,428,428,2,12,1,1,0,3,24,B3_general_R2_final_e0 + message_M_e0,signed-int16-v9-reduce-then-canonical-Q24-pack
547,34,3,6,27,444,444,3,12,1,1,0,3,24,B3_general_R2_final_e0 + message_M_e0,signed-int16-v9-reduce-then-canonical-Q24-pack
548,34,4,6,24,392,392,0,8,1,1,0,2,8,B3_general_R2_final_e0 + message_M_e0,signed-int16-v9-reduce-then-canonical-Q24-pack
549,34,5,6,25,408,408,1,8,1,1,0,2,8,B3_general_R2_final_e0 + message_M_e0,signed-int16-v9-reduce-then-canonical-Q24-pack
550,34,6,6,26,424,424,2,8,1,1,0,2,8,B3_general_R2_final_e0 + message_M_e0,signed-int16-v9-reduce-then-canonical-Q24-pack
551,34,7,6,27,440,440,3,8,1,1,0,2,8,B3_general_R2_final_e0 + message_M_e0,signed-int16-v9-reduce-then-canonical-Q24-pack
552,34,8,6,24,384,384,0,0,1,1,0,0,0,B3_general_R2_final_e0 + message_M_e0,signed-int16-v9-reduce-then-canonical-Q24-pack
553,34,9,6,25,400,400,1,0,1,1,0,0,0,B3_general_R2_final_e0 + message_M_e0,signed-int16-v9-reduce-then-canonical-Q24-pack
554,34,10,6,26,416,416,2,0,1,1,0,0,0,B3_general_R2_final_e0 + message_M_e0,signed-int16-v9-reduce-then-canonical-Q24-pack
555,34,11,6,27,432,432,3,0,1,1,0,0,0,B3_general_R2_final_e0 + message_M_e0,signed-int16-v9-reduce-then-canonical-Q24-pack
556,34,12,6,24,388,388,0,4,1,1,0,1,16,B3_general_R2_final_e0 + message_M_e0,signed-int16-v9-reduce-then-canonical-Q24-pack
557,34,13,6,25,404,404,1,4,1,1,0,1,16,B3_general_R2_final_e0 + message_M_e0,signed-int16-v9-reduce-then-canonical-Q24-pack
558,34,14,6,26,420,420,2,4,1,1,0,1,16,B3_general_R2_final_e0 + message_M_e0,signed-int16-v9-reduce-then-canonical-Q24-pack
559,34,15,6,27,436,436,3,4,1,1,0,1,16,B3_general_R2_final_e0 + message_M_e0,signed-int16-v9-reduce-then-canonical-Q24-pack
560,35,0,6,24,397,397,0,13,1,1,0,7,28,B3_general_R2_final_e0 + message_M_e0,signed-int16-v9-reduce-then-canonical-Q24-pack
561,35,1,6,25,413,413,1,13,1,1,0,7,28,B3_general_R2_final_e0 + message_M_e0,signed-int16-v9-reduce-then-canonical-Q24-pack
562,35,2,6,26,429,429,2,13,1,1,0,7,28,B3_general_R2_final_e0 + message_M_e0,signed-int16-v9-reduce-then-canonical-Q24-pack
563,35,3,6,27,445,445,3,13,1,1,0,7,28,B3_general_R2_final_e0 + message_M_e0,signed-int16-v9-reduce-then-canonical-Q24-pack
564,35,4,6,24,393,393,0,9,1,1,0,6,12,B3_general_R2_final_e0 + message_M_e0,signed-int16-v9-reduce-then-canonical-Q24-pack
565,35,5,6,25,409,409,1,9,1,1,0,6,12,B3_general_R2_final_e0 + message_M_e0,signed-int16-v9-reduce-then-canonical-Q24-pack
566,35,6,6,26,425,425,2,9,1,1,0,6,12,B3_general_R2_final_e0 + message_M_e0,signed-int16-v9-reduce-then-canonical-Q24-pack
567,35,7,6,27,441,441,3,9,1,1,0,6,12,B3_general_R2_final_e0 + message_M_e0,signed-int16-v9-reduce-then-canonical-Q24-pack
568,35,8,6,24,385,385,0,1,1,1,0,4,4,B3_general_R2_final_e0 + message_M_e0,signed-int16-v9-reduce-then-canonical-Q24-pack
569,35,9,6,25,401,401,1,1,1,1,0,4,4,B3_general_R2_final_e0 + message_M_e0,signed-int16-v9-reduce-then-canonical-Q24-pack
570,35,10,6,26,417,417,2,1,1,1,0,4,4,B3_general_R2_final_e0 + message_M_e0,signed-int16-v9-reduce-then-canonical-Q24-pack
571,35,11,6,27,433,433,3,1,1,1,0,4,4,B3_general_R2_final_e0 + message_M_e0,signed-int16-v9-reduce-then-canonical-Q24-pack
572,35,12,6,24,389,389,0,5,1,1,0,5,20,B3_general_R2_final_e0 + message_M_e0,signed-int16-v9-reduce-then-canonical-Q24-pack
573,35,13,6,25,405,405,1,5,1,1,0,5,20,B3_general_R2_final_e0 + message_M_e0,signed-int16-v9-reduce-then-canonical-Q24-pack
574,35,14,6,26,421,421,2,5,1,1,0,5,20,B3_general_R2_final_e0 + message_M_e0,signed-int16-v9-reduce-then-canonical-Q24-pack
575,35,15,6,27,437,437,3,5,1,1,0,5,20,B3_general_R2_final_e0 + message_M_e0,signed-int16-v9-reduce-then-canonical-Q24-pack
576,36,0,7,28,455,455,0,7,1,1,1,29,23,B3_general_R2_final_e0 + message_M_e0,signed-int16-v9-reduce-then-canonical-Q24-pack
577,36,1,7,29,471,471,1,7,1,1,1,29,23,B3_general_R2_final_e0 + message_M_e0,signed-int16-v9-reduce-then-canonical-Q24-pack
578,36,2,7,30,487,487,2,7,1,1,1,29,23,B3_general_R2_final_e0 + message_M_e0,signed-int16-v9-reduce-then-canonical-Q24-pack
579,36,3,7,31,503,503,3,7,1,1,1,29,23,B3_general_R2_final_e0 + message_M_e0,signed-int16-v9-reduce-then-canonical-Q24-pack
580,36,4,7,28,451,451,0,3,1,1,1,28,7,B3_general_R2_final_e0 + message_M_e0,signed-int16-v9-reduce-then-canonical-Q24-pack
581,36,5,7,29,467,467,1,3,1,1,1,28,7,B3_general_R2_final_e0 + message_M_e0,signed-int16-v9-reduce-then-canonical-Q24-pack
582,36,6,7,30,483,483,2,3,1,1,1,28,7,B3_general_R2_final_e0 + message_M_e0,signed-int16-v9-reduce-then-canonical-Q24-pack
583,36,7,7,31,499,499,3,3,1,1,1,28,7,B3_general_R2_final_e0 + message_M_e0,signed-int16-v9-reduce-then-canonical-Q24-pack
584,36,8,7,28,463,463,0,15,1,1,1,31,31,B3_general_R2_final_e0 + message_M_e0,signed-int16-v9-reduce-then-canonical-Q24-pack
585,36,9,7,29,479,479,1,15,1,1,1,31,31,B3_general_R2_final_e0 + message_M_e0,signed-int16-v9-reduce-then-canonical-Q24-pack
586,36,10,7,30,495,495,2,15,1,1,1,31,31,B3_general_R2_final_e0 + message_M_e0,signed-int16-v9-reduce-then-canonical-Q24-pack
587,36,11,7,31,511,511,3,15,1,1,1,31,31,B3_general_R2_final_e0 + message_M_e0,signed-int16-v9-reduce-then-canonical-Q24-pack
588,36,12,7,28,459,459,0,11,1,1,1,30,15,B3_general_R2_final_e0 + message_M_e0,signed-int16-v9-reduce-then-canonical-Q24-pack
589,36,13,7,29,475,475,1,11,1,1,1,30,15,B3_general_R2_final_e0 + message_M_e0,signed-int16-v9-reduce-then-canonical-Q24-pack
590,36,14,7,30,491,491,2,11,1,1,1,30,15,B3_general_R2_final_e0 + message_M_e0,signed-int16-v9-reduce-then-canonical-Q24-pack
591,36,15,7,31,507,507,3,11,1,1,1,30,15,B3_general_R2_final_e0 + message_M_e0,signed-int16-v9-reduce-then-canonical-Q24-pack
592,37,0,7,28,462,462,0,14,1,1,1,27,27,B3_general_R2_final_e0 + message_M_e0,signed-int16-v9-reduce-then-canonical-Q24-pack
593,37,1,7,29,478,478,1,14,1,1,1,27,27,B3_general_R2_final_e0 + message_M_e0,signed-int16-v9-reduce-then-canonical-Q24-pack
594,37,2,7,30,494,494,2,14,1,1,1,27,27,B3_general_R2_final_e0 + message_M_e0,signed-int16-v9-reduce-then-canonical-Q24-pack
595,37,3,7,31,510,510,3,14,1,1,1,27,27,B3_general_R2_final_e0 + message_M_e0,signed-int16-v9-reduce-then-canonical-Q24-pack
596,37,4,7,28,458,458,0,10,1,1,1,26,11,B3_general_R2_final_e0 + message_M_e0,signed-int16-v9-reduce-then-canonical-Q24-pack
597,37,5,7,29,474,474,1,10,1,1,1,26,11,B3_general_R2_final_e0 + message_M_e0,signed-int16-v9-reduce-then-canonical-Q24-pack
598,37,6,7,30,490,490,2,10,1,1,1,26,11,B3_general_R2_final_e0 + message_M_e0,signed-int16-v9-reduce-then-canonical-Q24-pack
599,37,7,7,31,506,506,3,10,1,1,1,26,11,B3_general_R2_final_e0 + message_M_e0,signed-int16-v9-reduce-then-canonical-Q24-pack
600,37,8,7,28,450,450,0,2,1,1,1,24,3,B3_general_R2_final_e0 + message_M_e0,signed-int16-v9-reduce-then-canonical-Q24-pack
601,37,9,7,29,466,466,1,2,1,1,1,24,3,B3_general_R2_final_e0 + message_M_e0,signed-int16-v9-reduce-then-canonical-Q24-pack
602,37,10,7,30,482,482,2,2,1,1,1,24,3,B3_general_R2_final_e0 + message_M_e0,signed-int16-v9-reduce-then-canonical-Q24-pack
603,37,11,7,31,498,498,3,2,1,1,1,24,3,B3_general_R2_final_e0 + message_M_e0,signed-int16-v9-reduce-then-canonical-Q24-pack
604,37,12,7,28,454,454,0,6,1,1,1,25,19,B3_general_R2_final_e0 + message_M_e0,signed-int16-v9-reduce-then-canonical-Q24-pack
605,37,13,7,29,470,470,1,6,1,1,1,25,19,B3_general_R2_final_e0 + message_M_e0,signed-int16-v9-reduce-then-canonical-Q24-pack
606,37,14,7,30,486,486,2,6,1,1,1,25,19,B3_general_R2_final_e0 + message_M_e0,signed-int16-v9-reduce-then-canonical-Q24-pack
607,37,15,7,31,502,502,3,6,1,1,1,25,19,B3_general_R2_final_e0 + message_M_e0,signed-int16-v9-reduce-then-canonical-Q24-pack
608,38,0,7,28,460,460,0,12,1,1,1,19,25,B3_general_R2_final_e0 + message_M_e0,signed-int16-v9-reduce-then-canonical-Q24-pack
609,38,1,7,29,476,476,1,12,1,1,1,19,25,B3_general_R2_final_e0 + message_M_e0,signed-int16-v9-reduce-then-canonical-Q24-pack
610,38,2,7,30,492,492,2,12,1,1,1,19,25,B3_general_R2_final_e0 + message_M_e0,signed-int16-v9-reduce-then-canonical-Q24-pack
611,38,3,7,31,508,508,3,12,1,1,1,19,25,B3_general_R2_final_e0 + message_M_e0,signed-int16-v9-reduce-then-canonical-Q24-pack
612,38,4,7,28,456,456,0,8,1,1,1,18,9,B3_general_R2_final_e0 + message_M_e0,signed-int16-v9-reduce-then-canonical-Q24-pack
613,38,5,7,29,472,472,1,8,1,1,1,18,9,B3_general_R2_final_e0 + message_M_e0,signed-int16-v9-reduce-then-canonical-Q24-pack
614,38,6,7,30,488,488,2,8,1,1,1,18,9,B3_general_R2_final_e0 + message_M_e0,signed-int16-v9-reduce-then-canonical-Q24-pack
615,38,7,7,31,504,504,3,8,1,1,1,18,9,B3_general_R2_final_e0 + message_M_e0,signed-int16-v9-reduce-then-canonical-Q24-pack
616,38,8,7,28,448,448,0,0,1,1,1,16,1,B3_general_R2_final_e0 + message_M_e0,signed-int16-v9-reduce-then-canonical-Q24-pack
617,38,9,7,29,464,464,1,0,1,1,1,16,1,B3_general_R2_final_e0 + message_M_e0,signed-int16-v9-reduce-then-canonical-Q24-pack
618,38,10,7,30,480,480,2,0,1,1,1,16,1,B3_general_R2_final_e0 + message_M_e0,signed-int16-v9-reduce-then-canonical-Q24-pack
619,38,11,7,31,496,496,3,0,1,1,1,16,1,B3_general_R2_final_e0 + message_M_e0,signed-int16-v9-reduce-then-canonical-Q24-pack
620,38,12,7,28,452,452,0,4,1,1,1,17,17,B3_general_R2_final_e0 + message_M_e0,signed-int16-v9-reduce-then-canonical-Q24-pack
621,38,13,7,29,468,468,1,4,1,1,1,17,17,B3_general_R2_final_e0 + message_M_e0,signed-int16-v9-reduce-then-canonical-Q24-pack
622,38,14,7,30,484,484,2,4,1,1,1,17,17,B3_general_R2_final_e0 + message_M_e0,signed-int16-v9-reduce-then-canonical-Q24-pack
623,38,15,7,31,500,500,3,4,1,1,1,17,17,B3_general_R2_final_e0 + message_M_e0,signed-int16-v9-reduce-then-canonical-Q24-pack
624,39,0,7,28,461,461,0,13,1,1,1,23,29,B3_general_R2_final_e0 + message_M_e0,signed-int16-v9-reduce-then-canonical-Q24-pack
625,39,1,7,29,477,477,1,13,1,1,1,23,29,B3_general_R2_final_e0 + message_M_e0,signed-int16-v9-reduce-then-canonical-Q24-pack
626,39,2,7,30,493,493,2,13,1,1,1,23,29,B3_general_R2_final_e0 + message_M_e0,signed-int16-v9-reduce-then-canonical-Q24-pack
627,39,3,7,31,509,509,3,13,1,1,1,23,29,B3_general_R2_final_e0 + message_M_e0,signed-int16-v9-reduce-then-canonical-Q24-pack
628,39,4,7,28,457,457,0,9,1,1,1,22,13,B3_general_R2_final_e0 + message_M_e0,signed-int16-v9-reduce-then-canonical-Q24-pack
629,39,5,7,29,473,473,1,9,1,1,1,22,13,B3_general_R2_final_e0 + message_M_e0,signed-int16-v9-reduce-then-canonical-Q24-pack
630,39,6,7,30,489,489,2,9,1,1,1,22,13,B3_general_R2_final_e0 + message_M_e0,signed-int16-v9-reduce-then-canonical-Q24-pack
631,39,7,7,31,505,505,3,9,1,1,1,22,13,B3_general_R2_final_e0 + message_M_e0,signed-int16-v9-reduce-then-canonical-Q24-pack
632,39,8,7,28,449,449,0,1,1,1,1,20,5,B3_general_R2_final_e0 + message_M_e0,signed-int16-v9-reduce-then-canonical-Q24-pack
633,39,9,7,29,465,465,1,1,1,1,1,20,5,B3_general_R2_final_e0 + message_M_e0,signed-int16-v9-reduce-then-canonical-Q24-pack
634,39,10,7,30,481,481,2,1,1,1,1,20,5,B3_general_R2_final_e0 + message_M_e0,signed-int16-v9-reduce-then-canonical-Q24-pack
635,39,11,7,31,497,497,3,1,1,1,1,20,5,B3_general_R2_final_e0 + message_M_e0,signed-int16-v9-reduce-then-canonical-Q24-pack
636,39,12,7,28,453,453,0,5,1,1,1,21,21,B3_general_R2_final_e0 + message_M_e0,signed-int16-v9-reduce-then-canonical-Q24-pack
637,39,13,7,29,469,469,1,5,1,1,1,21,21,B3_general_R2_final_e0 + message_M_e0,signed-int16-v9-reduce-then-canonical-Q24-pack
638,39,14,7,30,485,485,2,5,1,1,1,21,21,B3_general_R2_final_e0 + message_M_e0,signed-int16-v9-reduce-then-canonical-Q24-pack
639,39,15,7,31,501,501,3,5,1,1,1,21,21,B3_general_R2_final_e0 + message_M_e0,signed-int16-v9-reduce-then-canonical-Q24-pack
640,40,0,3,12,192,192,0,0,1,0,1,16,1,B3_general_R2_final_e0 + message_M_e0,signed-int16-v9-reduce-then-canonical-Q24-pack
641,40,1,3,13,208,208,1,0,1,0,1,16,1,B3_general_R2_final_e0 + message_M_e0,signed-int16-v9-reduce-then-canonical-Q24-pack
642,40,2,3,14,224,224,2,0,1,0,1,16,1,B3_general_R2_final_e0 + message_M_e0,signed-int16-v9-reduce-then-canonical-Q24-pack
643,40,3,3,15,240,240,3,0,1,0,1,16,1,B3_general_R2_final_e0 + message_M_e0,signed-int16-v9-reduce-then-canonical-Q24-pack
644,40,4,3,12,196,196,0,4,1,0,1,17,17,B3_general_R2_final_e0 + message_M_e0,signed-int16-v9-reduce-then-canonical-Q24-pack
645,40,5,3,13,212,212,1,4,1,0,1,17,17,B3_general_R2_final_e0 + message_M_e0,signed-int16-v9-reduce-then-canonical-Q24-pack
646,40,6,3,14,228,228,2,4,1,0,1,17,17,B3_general_R2_final_e0 + message_M_e0,signed-int16-v9-reduce-then-canonical-Q24-pack
647,40,7,3,15,244,244,3,4,1,0,1,17,17,B3_general_R2_final_e0 + message_M_e0,signed-int16-v9-reduce-then-canonical-Q24-pack
648,40,8,3,12,200,200,0,8,1,0,1,18,9,B3_general_R2_final_e0 + message_M_e0,signed-int16-v9-reduce-then-canonical-Q24-pack
649,40,9,3,13,216,216,1,8,1,0,1,18,9,B3_general_R2_final_e0 + message_M_e0,signed-int16-v9-reduce-then-canonical-Q24-pack
650,40,10,3,14,232,232,2,8,1,0,1,18,9,B3_general_R2_final_e0 + message_M_e0,signed-int16-v9-reduce-then-canonical-Q24-pack
651,40,11,3,15,248,248,3,8,1,0,1,18,9,B3_general_R2_final_e0 + message_M_e0,signed-int16-v9-reduce-then-canonical-Q24-pack
652,40,12,3,12,204,204,0,12,1,0,1,19,25,B3_general_R2_final_e0 + message_M_e0,signed-int16-v9-reduce-then-canonical-Q24-pack
653,40,13,3,13,220,220,1,12,1,0,1,19,25,B3_general_R2_final_e0 + message_M_e0,signed-int16-v9-reduce-then-canonical-Q24-pack
654,40,14,3,14,236,236,2,12,1,0,1,19,25,B3_general_R2_final_e0 + message_M_e0,signed-int16-v9-reduce-then-canonical-Q24-pack
655,40,15,3,15,252,252,3,12,1,0,1,19,25,B3_general_R2_final_e0 + message_M_e0,signed-int16-v9-reduce-then-canonical-Q24-pack
656,41,0,3,12,193,193,0,1,1,0,1,20,5,B3_general_R2_final_e0 + message_M_e0,signed-int16-v9-reduce-then-canonical-Q24-pack
657,41,1,3,13,209,209,1,1,1,0,1,20,5,B3_general_R2_final_e0 + message_M_e0,signed-int16-v9-reduce-then-canonical-Q24-pack
658,41,2,3,14,225,225,2,1,1,0,1,20,5,B3_general_R2_final_e0 + message_M_e0,signed-int16-v9-reduce-then-canonical-Q24-pack
659,41,3,3,15,241,241,3,1,1,0,1,20,5,B3_general_R2_final_e0 + message_M_e0,signed-int16-v9-reduce-then-canonical-Q24-pack
660,41,4,3,12,197,197,0,5,1,0,1,21,21,B3_general_R2_final_e0 + message_M_e0,signed-int16-v9-reduce-then-canonical-Q24-pack
661,41,5,3,13,213,213,1,5,1,0,1,21,21,B3_general_R2_final_e0 + message_M_e0,signed-int16-v9-reduce-then-canonical-Q24-pack
662,41,6,3,14,229,229,2,5,1,0,1,21,21,B3_general_R2_final_e0 + message_M_e0,signed-int16-v9-reduce-then-canonical-Q24-pack
663,41,7,3,15,245,245,3,5,1,0,1,21,21,B3_general_R2_final_e0 + message_M_e0,signed-int16-v9-reduce-then-canonical-Q24-pack
664,41,8,3,12,201,201,0,9,1,0,1,22,13,B3_general_R2_final_e0 + message_M_e0,signed-int16-v9-reduce-then-canonical-Q24-pack
665,41,9,3,13,217,217,1,9,1,0,1,22,13,B3_general_R2_final_e0 + message_M_e0,signed-int16-v9-reduce-then-canonical-Q24-pack
666,41,10,3,14,233,233,2,9,1,0,1,22,13,B3_general_R2_final_e0 + message_M_e0,signed-int16-v9-reduce-then-canonical-Q24-pack
667,41,11,3,15,249,249,3,9,1,0,1,22,13,B3_general_R2_final_e0 + message_M_e0,signed-int16-v9-reduce-then-canonical-Q24-pack
668,41,12,3,12,205,205,0,13,1,0,1,23,29,B3_general_R2_final_e0 + message_M_e0,signed-int16-v9-reduce-then-canonical-Q24-pack
669,41,13,3,13,221,221,1,13,1,0,1,23,29,B3_general_R2_final_e0 + message_M_e0,signed-int16-v9-reduce-then-canonical-Q24-pack
670,41,14,3,14,237,237,2,13,1,0,1,23,29,B3_general_R2_final_e0 + message_M_e0,signed-int16-v9-reduce-then-canonical-Q24-pack
671,41,15,3,15,253,253,3,13,1,0,1,23,29,B3_general_R2_final_e0 + message_M_e0,signed-int16-v9-reduce-then-canonical-Q24-pack
672,42,0,3,12,194,194,0,2,1,0,1,24,3,B3_general_R2_final_e0 + message_M_e0,signed-int16-v9-reduce-then-canonical-Q24-pack
673,42,1,3,13,210,210,1,2,1,0,1,24,3,B3_general_R2_final_e0 + message_M_e0,signed-int16-v9-reduce-then-canonical-Q24-pack
674,42,2,3,14,226,226,2,2,1,0,1,24,3,B3_general_R2_final_e0 + message_M_e0,signed-int16-v9-reduce-then-canonical-Q24-pack
675,42,3,3,15,242,242,3,2,1,0,1,24,3,B3_general_R2_final_e0 + message_M_e0,signed-int16-v9-reduce-then-canonical-Q24-pack
676,42,4,3,12,198,198,0,6,1,0,1,25,19,B3_general_R2_final_e0 + message_M_e0,signed-int16-v9-reduce-then-canonical-Q24-pack
677,42,5,3,13,214,214,1,6,1,0,1,25,19,B3_general_R2_final_e0 + message_M_e0,signed-int16-v9-reduce-then-canonical-Q24-pack
678,42,6,3,14,230,230,2,6,1,0,1,25,19,B3_general_R2_final_e0 + message_M_e0,signed-int16-v9-reduce-then-canonical-Q24-pack
679,42,7,3,15,246,246,3,6,1,0,1,25,19,B3_general_R2_final_e0 + message_M_e0,signed-int16-v9-reduce-then-canonical-Q24-pack
680,42,8,3,12,202,202,0,10,1,0,1,26,11,B3_general_R2_final_e0 + message_M_e0,signed-int16-v9-reduce-then-canonical-Q24-pack
681,42,9,3,13,218,218,1,10,1,0,1,26,11,B3_general_R2_final_e0 + message_M_e0,signed-int16-v9-reduce-then-canonical-Q24-pack
682,42,10,3,14,234,234,2,10,1,0,1,26,11,B3_general_R2_final_e0 + message_M_e0,signed-int16-v9-reduce-then-canonical-Q24-pack
683,42,11,3,15,250,250,3,10,1,0,1,26,11,B3_general_R2_final_e0 + message_M_e0,signed-int16-v9-reduce-then-canonical-Q24-pack
684,42,12,3,12,206,206,0,14,1,0,1,27,27,B3_general_R2_final_e0 + message_M_e0,signed-int16-v9-reduce-then-canonical-Q24-pack
685,42,13,3,13,222,222,1,14,1,0,1,27,27,B3_general_R2_final_e0 + message_M_e0,signed-int16-v9-reduce-then-canonical-Q24-pack
686,42,14,3,14,238,238,2,14,1,0,1,27,27,B3_general_R2_final_e0 + message_M_e0,signed-int16-v9-reduce-then-canonical-Q24-pack
687,42,15,3,15,254,254,3,14,1,0,1,27,27,B3_general_R2_final_e0 + message_M_e0,signed-int16-v9-reduce-then-canonical-Q24-pack
688,43,0,3,12,195,195,0,3,1,0,1,28,7,B3_general_R2_final_e0 + message_M_e0,signed-int16-v9-reduce-then-canonical-Q24-pack
689,43,1,3,13,211,211,1,3,1,0,1,28,7,B3_general_R2_final_e0 + message_M_e0,signed-int16-v9-reduce-then-canonical-Q24-pack
690,43,2,3,14,227,227,2,3,1,0,1,28,7,B3_general_R2_final_e0 + message_M_e0,signed-int16-v9-reduce-then-canonical-Q24-pack
691,43,3,3,15,243,243,3,3,1,0,1,28,7,B3_general_R2_final_e0 + message_M_e0,signed-int16-v9-reduce-then-canonical-Q24-pack
692,43,4,3,12,199,199,0,7,1,0,1,29,23,B3_general_R2_final_e0 + message_M_e0,signed-int16-v9-reduce-then-canonical-Q24-pack
693,43,5,3,13,215,215,1,7,1,0,1,29,23,B3_general_R2_final_e0 + message_M_e0,signed-int16-v9-reduce-then-canonical-Q24-pack
694,43,6,3,14,231,231,2,7,1,0,1,29,23,B3_general_R2_final_e0 + message_M_e0,signed-int16-v9-reduce-then-canonical-Q24-pack
695,43,7,3,15,247,247,3,7,1,0,1,29,23,B3_general_R2_final_e0 + message_M_e0,signed-int16-v9-reduce-then-canonical-Q24-pack
696,43,8,3,12,203,203,0,11,1,0,1,30,15,B3_general_R2_final_e0 + message_M_e0,signed-int16-v9-reduce-then-canonical-Q24-pack
697,43,9,3,13,219,219,1,11,1,0,1,30,15,B3_general_R2_final_e0 + message_M_e0,signed-int16-v9-reduce-then-canonical-Q24-pack
698,43,10,3,14,235,235,2,11,1,0,1,30,15,B3_general_R2_final_e0 + message_M_e0,signed-int16-v9-reduce-then-canonical-Q24-pack
699,43,11,3,15,251,251,3,11,1,0,1,30,15,B3_general_R2_final_e0 + message_M_e0,signed-int16-v9-reduce-then-canonical-Q24-pack
700,43,12,3,12,207,207,0,15,1,0,1,31,31,B3_general_R2_final_e0 + message_M_e0,signed-int16-v9-reduce-then-canonical-Q24-pack
701,43,13,3,13,223,223,1,15,1,0,1,31,31,B3_general_R2_final_e0 + message_M_e0,signed-int16-v9-reduce-then-canonical-Q24-pack
702,43,14,3,14,239,239,2,15,1,0,1,31,31,B3_general_R2_final_e0 + message_M_e0,signed-int16-v9-reduce-then-canonical-Q24-pack
703,43,15,3,15,255,255,3,15,1,0,1,31,31,B3_general_R2_final_e0 + message_M_e0,signed-int16-v9-reduce-then-canonical-Q24-pack
704,44,0,2,8,130,130,0,2,1,0,0,8,2,B3_general_R2_final_e0 + message_M_e0,signed-int16-v9-reduce-then-canonical-Q24-pack
705,44,1,2,9,146,146,1,2,1,0,0,8,2,B3_general_R2_final_e0 + message_M_e0,signed-int16-v9-reduce-then-canonical-Q24-pack
706,44,2,2,10,162,162,2,2,1,0,0,8,2,B3_general_R2_final_e0 + message_M_e0,signed-int16-v9-reduce-then-canonical-Q24-pack
707,44,3,2,11,178,178,3,2,1,0,0,8,2,B3_general_R2_final_e0 + message_M_e0,signed-int16-v9-reduce-then-canonical-Q24-pack
708,44,4,2,8,134,134,0,6,1,0,0,9,18,B3_general_R2_final_e0 + message_M_e0,signed-int16-v9-reduce-then-canonical-Q24-pack
709,44,5,2,9,150,150,1,6,1,0,0,9,18,B3_general_R2_final_e0 + message_M_e0,signed-int16-v9-reduce-then-canonical-Q24-pack
710,44,6,2,10,166,166,2,6,1,0,0,9,18,B3_general_R2_final_e0 + message_M_e0,signed-int16-v9-reduce-then-canonical-Q24-pack
711,44,7,2,11,182,182,3,6,1,0,0,9,18,B3_general_R2_final_e0 + message_M_e0,signed-int16-v9-reduce-then-canonical-Q24-pack
712,44,8,2,8,138,138,0,10,1,0,0,10,10,B3_general_R2_final_e0 + message_M_e0,signed-int16-v9-reduce-then-canonical-Q24-pack
713,44,9,2,9,154,154,1,10,1,0,0,10,10,B3_general_R2_final_e0 + message_M_e0,signed-int16-v9-reduce-then-canonical-Q24-pack
714,44,10,2,10,170,170,2,10,1,0,0,10,10,B3_general_R2_final_e0 + message_M_e0,signed-int16-v9-reduce-then-canonical-Q24-pack
715,44,11,2,11,186,186,3,10,1,0,0,10,10,B3_general_R2_final_e0 + message_M_e0,signed-int16-v9-reduce-then-canonical-Q24-pack
716,44,12,2,8,142,142,0,14,1,0,0,11,26,B3_general_R2_final_e0 + message_M_e0,signed-int16-v9-reduce-then-canonical-Q24-pack
717,44,13,2,9,158,158,1,14,1,0,0,11,26,B3_general_R2_final_e0 + message_M_e0,signed-int16-v9-reduce-then-canonical-Q24-pack
718,44,14,2,10,174,174,2,14,1,0,0,11,26,B3_general_R2_final_e0 + message_M_e0,signed-int16-v9-reduce-then-canonical-Q24-pack
719,44,15,2,11,190,190,3,14,1,0,0,11,26,B3_general_R2_final_e0 + message_M_e0,signed-int16-v9-reduce-then-canonical-Q24-pack
720,45,0,2,8,131,131,0,3,1,0,0,12,6,B3_general_R2_final_e0 + message_M_e0,signed-int16-v9-reduce-then-canonical-Q24-pack
721,45,1,2,9,147,147,1,3,1,0,0,12,6,B3_general_R2_final_e0 + message_M_e0,signed-int16-v9-reduce-then-canonical-Q24-pack
722,45,2,2,10,163,163,2,3,1,0,0,12,6,B3_general_R2_final_e0 + message_M_e0,signed-int16-v9-reduce-then-canonical-Q24-pack
723,45,3,2,11,179,179,3,3,1,0,0,12,6,B3_general_R2_final_e0 + message_M_e0,signed-int16-v9-reduce-then-canonical-Q24-pack
724,45,4,2,8,135,135,0,7,1,0,0,13,22,B3_general_R2_final_e0 + message_M_e0,signed-int16-v9-reduce-then-canonical-Q24-pack
725,45,5,2,9,151,151,1,7,1,0,0,13,22,B3_general_R2_final_e0 + message_M_e0,signed-int16-v9-reduce-then-canonical-Q24-pack
726,45,6,2,10,167,167,2,7,1,0,0,13,22,B3_general_R2_final_e0 + message_M_e0,signed-int16-v9-reduce-then-canonical-Q24-pack
727,45,7,2,11,183,183,3,7,1,0,0,13,22,B3_general_R2_final_e0 + message_M_e0,signed-int16-v9-reduce-then-canonical-Q24-pack
728,45,8,2,8,139,139,0,11,1,0,0,14,14,B3_general_R2_final_e0 + message_M_e0,signed-int16-v9-reduce-then-canonical-Q24-pack
729,45,9,2,9,155,155,1,11,1,0,0,14,14,B3_general_R2_final_e0 + message_M_e0,signed-int16-v9-reduce-then-canonical-Q24-pack
730,45,10,2,10,171,171,2,11,1,0,0,14,14,B3_general_R2_final_e0 + message_M_e0,signed-int16-v9-reduce-then-canonical-Q24-pack
731,45,11,2,11,187,187,3,11,1,0,0,14,14,B3_general_R2_final_e0 + message_M_e0,signed-int16-v9-reduce-then-canonical-Q24-pack
732,45,12,2,8,143,143,0,15,1,0,0,15,30,B3_general_R2_final_e0 + message_M_e0,signed-int16-v9-reduce-then-canonical-Q24-pack
733,45,13,2,9,159,159,1,15,1,0,0,15,30,B3_general_R2_final_e0 + message_M_e0,signed-int16-v9-reduce-then-canonical-Q24-pack
734,45,14,2,10,175,175,2,15,1,0,0,15,30,B3_general_R2_final_e0 + message_M_e0,signed-int16-v9-reduce-then-canonical-Q24-pack
735,45,15,2,11,191,191,3,15,1,0,0,15,30,B3_general_R2_final_e0 + message_M_e0,signed-int16-v9-reduce-then-canonical-Q24-pack
736,46,0,2,8,129,129,0,1,1,0,0,4,4,B3_general_R2_final_e0 + message_M_e0,signed-int16-v9-reduce-then-canonical-Q24-pack
737,46,1,2,9,145,145,1,1,1,0,0,4,4,B3_general_R2_final_e0 + message_M_e0,signed-int16-v9-reduce-then-canonical-Q24-pack
738,46,2,2,10,161,161,2,1,1,0,0,4,4,B3_general_R2_final_e0 + message_M_e0,signed-int16-v9-reduce-then-canonical-Q24-pack
739,46,3,2,11,177,177,3,1,1,0,0,4,4,B3_general_R2_final_e0 + message_M_e0,signed-int16-v9-reduce-then-canonical-Q24-pack
740,46,4,2,8,133,133,0,5,1,0,0,5,20,B3_general_R2_final_e0 + message_M_e0,signed-int16-v9-reduce-then-canonical-Q24-pack
741,46,5,2,9,149,149,1,5,1,0,0,5,20,B3_general_R2_final_e0 + message_M_e0,signed-int16-v9-reduce-then-canonical-Q24-pack
742,46,6,2,10,165,165,2,5,1,0,0,5,20,B3_general_R2_final_e0 + message_M_e0,signed-int16-v9-reduce-then-canonical-Q24-pack
743,46,7,2,11,181,181,3,5,1,0,0,5,20,B3_general_R2_final_e0 + message_M_e0,signed-int16-v9-reduce-then-canonical-Q24-pack
744,46,8,2,8,137,137,0,9,1,0,0,6,12,B3_general_R2_final_e0 + message_M_e0,signed-int16-v9-reduce-then-canonical-Q24-pack
745,46,9,2,9,153,153,1,9,1,0,0,6,12,B3_general_R2_final_e0 + message_M_e0,signed-int16-v9-reduce-then-canonical-Q24-pack
746,46,10,2,10,169,169,2,9,1,0,0,6,12,B3_general_R2_final_e0 + message_M_e0,signed-int16-v9-reduce-then-canonical-Q24-pack
747,46,11,2,11,185,185,3,9,1,0,0,6,12,B3_general_R2_final_e0 + message_M_e0,signed-int16-v9-reduce-then-canonical-Q24-pack
748,46,12,2,8,141,141,0,13,1,0,0,7,28,B3_general_R2_final_e0 + message_M_e0,signed-int16-v9-reduce-then-canonical-Q24-pack
749,46,13,2,9,157,157,1,13,1,0,0,7,28,B3_general_R2_final_e0 + message_M_e0,signed-int16-v9-reduce-then-canonical-Q24-pack
750,46,14,2,10,173,173,2,13,1,0,0,7,28,B3_general_R2_final_e0 + message_M_e0,signed-int16-v9-reduce-then-canonical-Q24-pack
751,46,15,2,11,189,189,3,13,1,0,0,7,28,B3_general_R2_final_e0 + message_M_e0,signed-int16-v9-reduce-then-canonical-Q24-pack
752,47,0,2,8,136,136,0,8,1,0,0,2,8,B3_general_R2_final_e0 + message_M_e0,signed-int16-v9-reduce-then-canonical-Q24-pack
753,47,1,2,9,152,152,1,8,1,0,0,2,8,B3_general_R2_final_e0 + message_M_e0,signed-int16-v9-reduce-then-canonical-Q24-pack
754,47,2,2,10,168,168,2,8,1,0,0,2,8,B3_general_R2_final_e0 + message_M_e0,signed-int16-v9-reduce-then-canonical-Q24-pack
755,47,3,2,11,184,184,3,8,1,0,0,2,8,B3_general_R2_final_e0 + message_M_e0,signed-int16-v9-reduce-then-canonical-Q24-pack
756,47,4,2,8,140,140,0,12,1,0,0,3,24,B3_general_R2_final_e0 + message_M_e0,signed-int16-v9-reduce-then-canonical-Q24-pack
757,47,5,2,9,156,156,1,12,1,0,0,3,24,B3_general_R2_final_e0 + message_M_e0,signed-int16-v9-reduce-then-canonical-Q24-pack
758,47,6,2,10,172,172,2,12,1,0,0,3,24,B3_general_R2_final_e0 + message_M_e0,signed-int16-v9-reduce-then-canonical-Q24-pack
759,47,7,2,11,188,188,3,12,1,0,0,3,24,B3_general_R2_final_e0 + message_M_e0,signed-int16-v9-reduce-then-canonical-Q24-pack
760,47,8,2,8,132,132,0,4,1,0,0,1,16,B3_general_R2_final_e0 + message_M_e0,signed-int16-v9-reduce-then-canonical-Q24-pack
761,47,9,2,9,148,148,1,4,1,0,0,1,16,B3_general_R2_final_e0 + message_M_e0,signed-int16-v9-reduce-then-canonical-Q24-pack
762,47,10,2,10,164,164,2,4,1,0,0,1,16,B3_general_R2_final_e0 + message_M_e0,signed-int16-v9-reduce-then-canonical-Q24-pack
763,47,11,2,11,180,180,3,4,1,0,0,1,16,B3_general_R2_final_e0 + message_M_e0,signed-int16-v9-reduce-then-canonical-Q24-pack
764,47,12,2,8,128,128,0,0,1,0,0,0,0,B3_general_R2_final_e0 + message_M_e0,signed-int16-v9-reduce-then-canonical-Q24-pack
765,47,13,2,9,144,144,1,0,1,0,0,0,0,B3_general_R2_final_e0 + message_M_e0,signed-int16-v9-reduce-then-canonical-Q24-pack
766,47,14,2,10,160,160,2,0,1,0,0,0,0,B3_general_R2_final_e0 + message_M_e0,signed-int16-v9-reduce-then-canonical-Q24-pack
767,47,15,2,11,176,176,3,0,1,0,0,0,0,B3_general_R2_final_e0 + message_M_e0,signed-int16-v9-reduce-then-canonical-Q24-pack
