row_r,column_j,natural_n,source_block,source_block_offset,current_k3,current_logical_k32,current_physical_Q,branch0_tile,branch0_tile4_ymm,branch0_tile4_qword,branch0_tile4_aos_word_base,branch0_bm_soa_group,branch0_bm_soa_lane,branch1_tile,branch1_tile4_ymm,branch1_tile4_qword,branch1_tile4_aos_word_base,branch1_bm_soa_group,branch1_bm_soa_lane
0,0,0,0,0,0,0,0,0,0,0,0,0,0,1,4,0,128,2,0
0,1,33,1,1,0,11,26,0,6,2,104,1,10,1,10,2,232,3,10
0,2,66,2,2,0,22,13,0,3,1,52,0,7,1,7,1,180,2,7
0,3,3,0,3,0,1,16,0,4,0,64,1,0,1,8,0,192,3,0
0,4,36,1,4,0,12,6,0,1,2,24,0,9,1,5,2,152,2,9
0,5,69,2,5,0,23,29,0,7,1,116,1,7,1,11,1,244,3,7
0,6,6,0,6,0,2,8,0,2,0,32,0,2,1,6,0,160,2,2
0,7,39,1,7,0,13,22,0,5,2,88,1,9,1,9,2,216,3,9
0,8,72,2,8,0,24,3,0,0,3,12,0,12,1,4,3,140,2,12
0,9,9,0,9,0,3,24,0,6,0,96,1,2,1,10,0,224,3,2
0,10,42,1,10,0,14,14,0,3,2,56,0,11,1,7,2,184,2,11
0,11,75,2,11,0,25,19,0,4,3,76,1,12,1,8,3,204,3,12
0,12,12,0,12,0,4,4,0,1,0,16,0,1,1,5,0,144,2,1
0,13,45,1,13,0,15,30,0,7,2,120,1,11,1,11,2,248,3,11
0,14,78,2,14,0,26,11,0,2,3,44,0,14,1,6,3,172,2,14
0,15,15,0,15,0,5,20,0,5,0,80,1,1,1,9,0,208,3,1
0,16,48,1,16,0,16,1,0,0,1,4,0,4,1,4,1,132,2,4
0,17,81,2,17,0,27,27,0,6,3,108,1,14,1,10,3,236,3,14
0,18,18,0,18,0,6,12,0,3,0,48,0,3,1,7,0,176,2,3
0,19,51,1,19,0,17,17,0,4,1,68,1,4,1,8,1,196,3,4
0,20,84,2,20,0,28,7,0,1,3,28,0,13,1,5,3,156,2,13
0,21,21,0,21,0,7,28,0,7,0,112,1,3,1,11,0,240,3,3
0,22,54,1,22,0,18,9,0,2,1,36,0,6,1,6,1,164,2,6
0,23,87,2,23,0,29,23,0,5,3,92,1,13,1,9,3,220,3,13
0,24,24,0,24,0,8,2,0,0,2,8,0,8,1,4,2,136,2,8
0,25,57,1,25,0,19,25,0,6,1,100,1,6,1,10,1,228,3,6
0,26,90,2,26,0,30,15,0,3,3,60,0,15,1,7,3,188,2,15
0,27,27,0,27,0,9,18,0,4,2,72,1,8,1,8,2,200,3,8
0,28,60,1,28,0,20,5,0,1,1,20,0,5,1,5,1,148,2,5
0,29,93,2,29,0,31,31,0,7,3,124,1,15,1,11,3,252,3,15
0,30,30,0,30,0,10,10,0,2,2,40,0,10,1,6,2,168,2,10
0,31,63,1,31,0,21,21,0,5,1,84,1,5,1,9,1,212,3,5
1,0,64,2,0,2,0,0,4,16,0,512,8,0,5,20,0,640,10,0
1,1,1,0,1,2,11,26,4,22,2,616,9,10,5,26,2,744,11,10
1,2,34,1,2,2,22,13,4,19,1,564,8,7,5,23,1,692,10,7
1,3,67,2,3,2,1,16,4,20,0,576,9,0,5,24,0,704,11,0
1,4,4,0,4,2,12,6,4,17,2,536,8,9,5,21,2,664,10,9
1,5,37,1,5,2,23,29,4,23,1,628,9,7,5,27,1,756,11,7
1,6,70,2,6,2,2,8,4,18,0,544,8,2,5,22,0,672,10,2
1,7,7,0,7,2,13,22,4,21,2,600,9,9,5,25,2,728,11,9
1,8,40,1,8,2,24,3,4,16,3,524,8,12,5,20,3,652,10,12
1,9,73,2,9,2,3,24,4,22,0,608,9,2,5,26,0,736,11,2
1,10,10,0,10,2,14,14,4,19,2,568,8,11,5,23,2,696,10,11
1,11,43,1,11,2,25,19,4,20,3,588,9,12,5,24,3,716,11,12
1,12,76,2,12,2,4,4,4,17,0,528,8,1,5,21,0,656,10,1
1,13,13,0,13,2,15,30,4,23,2,632,9,11,5,27,2,760,11,11
1,14,46,1,14,2,26,11,4,18,3,556,8,14,5,22,3,684,10,14
1,15,79,2,15,2,5,20,4,21,0,592,9,1,5,25,0,720,11,1
1,16,16,0,16,2,16,1,4,16,1,516,8,4,5,20,1,644,10,4
1,17,49,1,17,2,27,27,4,22,3,620,9,14,5,26,3,748,11,14
1,18,82,2,18,2,6,12,4,19,0,560,8,3,5,23,0,688,10,3
1,19,19,0,19,2,17,17,4,20,1,580,9,4,5,24,1,708,11,4
1,20,52,1,20,2,28,7,4,17,3,540,8,13,5,21,3,668,10,13
1,21,85,2,21,2,7,28,4,23,0,624,9,3,5,27,0,752,11,3
1,22,22,0,22,2,18,9,4,18,1,548,8,6,5,22,1,676,10,6
1,23,55,1,23,2,29,23,4,21,3,604,9,13,5,25,3,732,11,13
1,24,88,2,24,2,8,2,4,16,2,520,8,8,5,20,2,648,10,8
1,25,25,0,25,2,19,25,4,22,1,612,9,6,5,26,1,740,11,6
1,26,58,1,26,2,30,15,4,19,3,572,8,15,5,23,3,700,10,15
1,27,91,2,27,2,9,18,4,20,2,584,9,8,5,24,2,712,11,8
1,28,28,0,28,2,20,5,4,17,1,532,8,5,5,21,1,660,10,5
1,29,61,1,29,2,31,31,4,23,3,636,9,15,5,27,3,764,11,15
1,30,94,2,30,2,10,10,4,18,2,552,8,10,5,22,2,680,10,10
1,31,31,0,31,2,21,21,4,21,1,596,9,5,5,25,1,724,11,5
2,0,32,1,0,1,0,0,2,8,0,256,4,0,3,12,0,384,6,0
2,1,65,2,1,1,11,26,2,14,2,360,5,10,3,18,2,488,7,10
2,2,2,0,2,1,22,13,2,11,1,308,4,7,3,15,1,436,6,7
2,3,35,1,3,1,1,16,2,12,0,320,5,0,3,16,0,448,7,0
2,4,68,2,4,1,12,6,2,9,2,280,4,9,3,13,2,408,6,9
2,5,5,0,5,1,23,29,2,15,1,372,5,7,3,19,1,500,7,7
2,6,38,1,6,1,2,8,2,10,0,288,4,2,3,14,0,416,6,2
2,7,71,2,7,1,13,22,2,13,2,344,5,9,3,17,2,472,7,9
2,8,8,0,8,1,24,3,2,8,3,268,4,12,3,12,3,396,6,12
2,9,41,1,9,1,3,24,2,14,0,352,5,2,3,18,0,480,7,2
2,10,74,2,10,1,14,14,2,11,2,312,4,11,3,15,2,440,6,11
2,11,11,0,11,1,25,19,2,12,3,332,5,12,3,16,3,460,7,12
2,12,44,1,12,1,4,4,2,9,0,272,4,1,3,13,0,400,6,1
2,13,77,2,13,1,15,30,2,15,2,376,5,11,3,19,2,504,7,11
2,14,14,0,14,1,26,11,2,10,3,300,4,14,3,14,3,428,6,14
2,15,47,1,15,1,5,20,2,13,0,336,5,1,3,17,0,464,7,1
2,16,80,2,16,1,16,1,2,8,1,260,4,4,3,12,1,388,6,4
2,17,17,0,17,1,27,27,2,14,3,364,5,14,3,18,3,492,7,14
2,18,50,1,18,1,6,12,2,11,0,304,4,3,3,15,0,432,6,3
2,19,83,2,19,1,17,17,2,12,1,324,5,4,3,16,1,452,7,4
2,20,20,0,20,1,28,7,2,9,3,284,4,13,3,13,3,412,6,13
2,21,53,1,21,1,7,28,2,15,0,368,5,3,3,19,0,496,7,3
2,22,86,2,22,1,18,9,2,10,1,292,4,6,3,14,1,420,6,6
2,23,23,0,23,1,29,23,2,13,3,348,5,13,3,17,3,476,7,13
2,24,56,1,24,1,8,2,2,8,2,264,4,8,3,12,2,392,6,8
2,25,89,2,25,1,19,25,2,14,1,356,5,6,3,18,1,484,7,6
2,26,26,0,26,1,30,15,2,11,3,316,4,15,3,15,3,444,6,15
2,27,59,1,27,1,9,18,2,12,2,328,5,8,3,16,2,456,7,8
2,28,92,2,28,1,20,5,2,9,1,276,4,5,3,13,1,404,6,5
2,29,29,0,29,1,31,31,2,15,3,380,5,15,3,19,3,508,7,15
2,30,62,1,30,1,10,10,2,10,2,296,4,10,3,14,2,424,6,10
2,31,95,2,31,1,21,21,2,13,1,340,5,5,3,17,1,468,7,5
