tile,k3,branch,n32,quartic_degree,source_low_n3_0,source_low_n3_1,source_low_n3_2,source_high_n3_0,source_high_n3_1,source_high_n3_2,tile_word,physical_Q,logical_k32,logical_exponent,terminal_lambda_mont,inverse_tile_word
0,0,0,0,0,0,256,128,384,640,512,0,0,0,0,1655,0
0,0,0,0,1,1,257,129,385,641,513,1,0,0,0,1655,1
0,0,0,0,2,2,258,130,386,642,514,2,0,0,0,1655,2
0,0,0,0,3,3,259,131,387,643,515,3,0,0,0,1655,3
0,0,0,1,0,132,4,260,516,388,644,4,1,16,48,-1655,4
0,0,0,1,1,133,5,261,517,389,645,5,1,16,48,-1655,5
0,0,0,1,2,134,6,262,518,390,646,6,1,16,48,-1655,6
0,0,0,1,3,135,7,263,519,391,647,7,1,16,48,-1655,7
0,0,0,2,0,264,136,8,648,520,392,8,2,8,24,183,8
0,0,0,2,1,265,137,9,649,521,393,9,2,8,24,183,9
0,0,0,2,2,266,138,10,650,522,394,10,2,8,24,183,10
0,0,0,2,3,267,139,11,651,523,395,11,2,8,24,183,11
0,0,0,3,0,12,268,140,396,652,524,12,3,24,72,-183,12
0,0,0,3,1,13,269,141,397,653,525,13,3,24,72,-183,13
0,0,0,3,2,14,270,142,398,654,526,14,3,24,72,-183,14
0,0,0,3,3,15,271,143,399,655,527,15,3,24,72,-183,15
0,0,0,4,0,144,16,272,528,400,656,16,4,4,12,-1674,16
0,0,0,4,1,145,17,273,529,401,657,17,4,4,12,-1674,17
0,0,0,4,2,146,18,274,530,402,658,18,4,4,12,-1674,18
0,0,0,4,3,147,19,275,531,403,659,19,4,4,12,-1674,19
0,0,0,5,0,276,148,20,660,532,404,20,5,20,60,1674,20
0,0,0,5,1,277,149,21,661,533,405,21,5,20,60,1674,21
0,0,0,5,2,278,150,22,662,534,406,22,5,20,60,1674,22
0,0,0,5,3,279,151,23,663,535,407,23,5,20,60,1674,23
0,0,0,6,0,24,280,152,408,664,536,24,6,12,36,-559,24
0,0,0,6,1,25,281,153,409,665,537,25,6,12,36,-559,25
0,0,0,6,2,26,282,154,410,666,538,26,6,12,36,-559,26
0,0,0,6,3,27,283,155,411,667,539,27,6,12,36,-559,27
0,0,0,7,0,156,28,284,540,412,668,28,7,28,84,559,28
0,0,0,7,1,157,29,285,541,413,669,29,7,28,84,559,29
0,0,0,7,2,158,30,286,542,414,670,30,7,28,84,559,30
0,0,0,7,3,159,31,287,543,415,671,31,7,28,84,559,31
0,0,0,8,0,288,160,32,672,544,416,32,8,2,6,-397,32
0,0,0,8,1,289,161,33,673,545,417,33,8,2,6,-397,33
0,0,0,8,2,290,162,34,674,546,418,34,8,2,6,-397,34
0,0,0,8,3,291,163,35,675,547,419,35,8,2,6,-397,35
0,0,0,9,0,36,292,164,420,676,548,36,9,18,54,397,36
0,0,0,9,1,37,293,165,421,677,549,37,9,18,54,397,37
0,0,0,9,2,38,294,166,422,678,550,38,9,18,54,397,38
0,0,0,9,3,39,295,167,423,679,551,39,9,18,54,397,39
0,0,0,10,0,168,40,296,552,424,680,40,10,10,30,1059,40
0,0,0,10,1,169,41,297,553,425,681,41,10,10,30,1059,41
0,0,0,10,2,170,42,298,554,426,682,42,10,10,30,1059,42
0,0,0,10,3,171,43,299,555,427,683,43,10,10,30,1059,43
0,0,0,11,0,300,172,44,684,556,428,44,11,26,78,-1059,44
0,0,0,11,1,301,173,45,685,557,429,45,11,26,78,-1059,45
0,0,0,11,2,302,174,46,686,558,430,46,11,26,78,-1059,46
0,0,0,11,3,303,175,47,687,559,431,47,11,26,78,-1059,47
0,0,0,12,0,48,304,176,432,688,560,48,12,6,18,-223,48
0,0,0,12,1,49,305,177,433,689,561,49,12,6,18,-223,49
0,0,0,12,2,50,306,178,434,690,562,50,12,6,18,-223,50
0,0,0,12,3,51,307,179,435,691,563,51,12,6,18,-223,51
0,0,0,13,0,180,52,308,564,436,692,52,13,22,66,223,52
0,0,0,13,1,181,53,309,565,437,693,53,13,22,66,223,53
0,0,0,13,2,182,54,310,566,438,694,54,13,22,66,223,54
0,0,0,13,3,183,55,311,567,439,695,55,13,22,66,223,55
0,0,0,14,0,312,184,56,696,568,440,56,14,14,42,-1138,56
0,0,0,14,1,313,185,57,697,569,441,57,14,14,42,-1138,57
0,0,0,14,2,314,186,58,698,570,442,58,14,14,42,-1138,58
0,0,0,14,3,315,187,59,699,571,443,59,14,14,42,-1138,59
0,0,0,15,0,60,316,188,444,700,572,60,15,30,90,1138,60
0,0,0,15,1,61,317,189,445,701,573,61,15,30,90,1138,61
0,0,0,15,2,62,318,190,446,702,574,62,15,30,90,1138,62
0,0,0,15,3,63,319,191,447,703,575,63,15,30,90,1138,63
0,0,0,16,0,192,64,320,576,448,704,64,16,1,3,242,64
0,0,0,16,1,193,65,321,577,449,705,65,16,1,3,242,65
0,0,0,16,2,194,66,322,578,450,706,66,16,1,3,242,66
0,0,0,16,3,195,67,323,579,451,707,67,16,1,3,242,67
0,0,0,17,0,324,196,68,708,580,452,68,17,17,51,-242,68
0,0,0,17,1,325,197,69,709,581,453,69,17,17,51,-242,69
0,0,0,17,2,326,198,70,710,582,454,70,17,17,51,-242,70
0,0,0,17,3,327,199,71,711,583,455,71,17,17,51,-242,71
0,0,0,18,0,72,328,200,456,712,584,72,18,9,27,1514,72
0,0,0,18,1,73,329,201,457,713,585,73,18,9,27,1514,73
0,0,0,18,2,74,330,202,458,714,586,74,18,9,27,1514,74
0,0,0,18,3,75,331,203,459,715,587,75,18,9,27,1514,75
0,0,0,19,0,204,76,332,588,460,716,76,19,25,75,-1514,76
0,0,0,19,1,205,77,333,589,461,717,77,19,25,75,-1514,77
0,0,0,19,2,206,78,334,590,462,718,78,19,25,75,-1514,78
0,0,0,19,3,207,79,335,591,463,719,79,19,25,75,-1514,79
0,0,0,20,0,336,208,80,720,592,464,80,20,5,15,432,80
0,0,0,20,1,337,209,81,721,593,465,81,20,5,15,432,81
0,0,0,20,2,338,210,82,722,594,466,82,20,5,15,432,82
0,0,0,20,3,339,211,83,723,595,467,83,20,5,15,432,83
0,0,0,21,0,84,340,212,468,724,596,84,21,21,63,-432,84
0,0,0,21,1,85,341,213,469,725,597,85,21,21,63,-432,85
0,0,0,21,2,86,342,214,470,726,598,86,21,21,63,-432,86
0,0,0,21,3,87,343,215,471,727,599,87,21,21,63,-432,87
0,0,0,22,0,216,88,344,600,472,728,88,22,13,39,-1640,88
0,0,0,22,1,217,89,345,601,473,729,89,22,13,39,-1640,89
0,0,0,22,2,218,90,346,602,474,730,90,22,13,39,-1640,90
0,0,0,22,3,219,91,347,603,475,731,91,22,13,39,-1640,91
0,0,0,23,0,348,220,92,732,604,476,92,23,29,87,1640,92
0,0,0,23,1,349,221,93,733,605,477,93,23,29,87,1640,93
0,0,0,23,2,350,222,94,734,606,478,94,23,29,87,1640,94
0,0,0,23,3,351,223,95,735,607,479,95,23,29,87,1640,95
0,0,0,24,0,96,352,224,480,736,608,96,24,3,9,437,96
0,0,0,24,1,97,353,225,481,737,609,97,24,3,9,437,97
0,0,0,24,2,98,354,226,482,738,610,98,24,3,9,437,98
0,0,0,24,3,99,355,227,483,739,611,99,24,3,9,437,99
0,0,0,25,0,228,100,356,612,484,740,100,25,19,57,-437,100
0,0,0,25,1,229,101,357,613,485,741,101,25,19,57,-437,101
0,0,0,25,2,230,102,358,614,486,742,102,25,19,57,-437,102
0,0,0,25,3,231,103,359,615,487,743,103,25,19,57,-437,103
0,0,0,26,0,360,232,104,744,616,488,104,26,11,33,-1723,104
0,0,0,26,1,361,233,105,745,617,489,105,26,11,33,-1723,105
0,0,0,26,2,362,234,106,746,618,490,106,26,11,33,-1723,106
0,0,0,26,3,363,235,107,747,619,491,107,26,11,33,-1723,107
0,0,0,27,0,108,364,236,492,748,620,108,27,27,81,1723,108
0,0,0,27,1,109,365,237,493,749,621,109,27,27,81,1723,109
0,0,0,27,2,110,366,238,494,750,622,110,27,27,81,1723,110
0,0,0,27,3,111,367,239,495,751,623,111,27,27,81,1723,111
0,0,0,28,0,240,112,368,624,496,752,112,28,7,21,-277,112
0,0,0,28,1,241,113,369,625,497,753,113,28,7,21,-277,113
0,0,0,28,2,242,114,370,626,498,754,114,28,7,21,-277,114
0,0,0,28,3,243,115,371,627,499,755,115,28,7,21,-277,115
0,0,0,29,0,372,244,116,756,628,500,116,29,23,69,277,116
0,0,0,29,1,373,245,117,757,629,501,117,29,23,69,277,117
0,0,0,29,2,374,246,118,758,630,502,118,29,23,69,277,118
0,0,0,29,3,375,247,119,759,631,503,119,29,23,69,277,119
0,0,0,30,0,120,376,248,504,760,632,120,30,15,45,-933,120
0,0,0,30,1,121,377,249,505,761,633,121,30,15,45,-933,121
0,0,0,30,2,122,378,250,506,762,634,122,30,15,45,-933,122
0,0,0,30,3,123,379,251,507,763,635,123,30,15,45,-933,123
0,0,0,31,0,252,124,380,636,508,764,124,31,31,93,933,124
0,0,0,31,1,253,125,381,637,509,765,125,31,31,93,933,125
0,0,0,31,2,254,126,382,638,510,766,126,31,31,93,933,126
0,0,0,31,3,255,127,383,639,511,767,127,31,31,93,933,127
1,0,1,0,0,0,256,128,384,640,512,128,0,0,0,779,128
1,0,1,0,1,1,257,129,385,641,513,129,0,0,0,779,129
1,0,1,0,2,2,258,130,386,642,514,130,0,0,0,779,130
1,0,1,0,3,3,259,131,387,643,515,131,0,0,0,779,131
1,0,1,1,0,132,4,260,516,388,644,132,1,16,48,-779,132
1,0,1,1,1,133,5,261,517,389,645,133,1,16,48,-779,133
1,0,1,1,2,134,6,262,518,390,646,134,1,16,48,-779,134
1,0,1,1,3,135,7,263,519,391,647,135,1,16,48,-779,135
1,0,1,2,0,264,136,8,648,520,392,136,2,8,24,1588,136
1,0,1,2,1,265,137,9,649,521,393,137,2,8,24,1588,137
1,0,1,2,2,266,138,10,650,522,394,138,2,8,24,1588,138
1,0,1,2,3,267,139,11,651,523,395,139,2,8,24,1588,139
1,0,1,3,0,12,268,140,396,652,524,140,3,24,72,-1588,140
1,0,1,3,1,13,269,141,397,653,525,141,3,24,72,-1588,141
1,0,1,3,2,14,270,142,398,654,526,142,3,24,72,-1588,142
1,0,1,3,3,15,271,143,399,655,527,143,3,24,72,-1588,143
1,0,1,4,0,144,16,272,528,400,656,144,4,4,12,-1095,144
1,0,1,4,1,145,17,273,529,401,657,145,4,4,12,-1095,145
1,0,1,4,2,146,18,274,530,402,658,146,4,4,12,-1095,146
1,0,1,4,3,147,19,275,531,403,659,147,4,4,12,-1095,147
1,0,1,5,0,276,148,20,660,532,404,148,5,20,60,1095,148
1,0,1,5,1,277,149,21,661,533,405,149,5,20,60,1095,149
1,0,1,5,2,278,150,22,662,534,406,150,5,20,60,1095,150
1,0,1,5,3,279,151,23,663,535,407,151,5,20,60,1095,151
1,0,1,6,0,24,280,152,408,664,536,152,6,12,36,892,152
1,0,1,6,1,25,281,153,409,665,537,153,6,12,36,892,153
1,0,1,6,2,26,282,154,410,666,538,154,6,12,36,892,154
1,0,1,6,3,27,283,155,411,667,539,155,6,12,36,892,155
1,0,1,7,0,156,28,284,540,412,668,156,7,28,84,-892,156
1,0,1,7,1,157,29,285,541,413,669,157,7,28,84,-892,157
1,0,1,7,2,158,30,286,542,414,670,158,7,28,84,-892,158
1,0,1,7,3,159,31,287,543,415,671,159,7,28,84,-892,159
1,0,1,8,0,288,160,32,672,544,416,160,8,2,6,1221,160
1,0,1,8,1,289,161,33,673,545,417,161,8,2,6,1221,161
1,0,1,8,2,290,162,34,674,546,418,162,8,2,6,1221,162
1,0,1,8,3,291,163,35,675,547,419,163,8,2,6,1221,163
1,0,1,9,0,36,292,164,420,676,548,164,9,18,54,-1221,164
1,0,1,9,1,37,293,165,421,677,549,165,9,18,54,-1221,165
1,0,1,9,2,38,294,166,422,678,550,166,9,18,54,-1221,166
1,0,1,9,3,39,295,167,423,679,551,167,9,18,54,-1221,167
1,0,1,10,0,168,40,296,552,424,680,168,10,10,30,-218,168
1,0,1,10,1,169,41,297,553,425,681,169,10,10,30,-218,169
1,0,1,10,2,170,42,298,554,426,682,170,10,10,30,-218,170
1,0,1,10,3,171,43,299,555,427,683,171,10,10,30,-218,171
1,0,1,11,0,300,172,44,684,556,428,172,11,26,78,218,172
1,0,1,11,1,301,173,45,685,557,429,173,11,26,78,218,173
1,0,1,11,2,302,174,46,686,558,430,174,11,26,78,218,174
1,0,1,11,3,303,175,47,687,559,431,175,11,26,78,218,175
1,0,1,12,0,48,304,176,432,688,560,176,12,6,18,294,176
1,0,1,12,1,49,305,177,433,689,561,177,12,6,18,294,177
1,0,1,12,2,50,306,178,434,690,562,178,12,6,18,294,178
1,0,1,12,3,51,307,179,435,691,563,179,12,6,18,294,179
1,0,1,13,0,180,52,308,564,436,692,180,13,22,66,-294,180
1,0,1,13,1,181,53,309,565,437,693,181,13,22,66,-294,181
1,0,1,13,2,182,54,310,566,438,694,182,13,22,66,-294,182
1,0,1,13,3,183,55,311,567,439,695,183,13,22,66,-294,183
1,0,1,14,0,312,184,56,696,568,440,184,14,14,42,-732,184
1,0,1,14,1,313,185,57,697,569,441,185,14,14,42,-732,185
1,0,1,14,2,314,186,58,698,570,442,186,14,14,42,-732,186
1,0,1,14,3,315,187,59,699,571,443,187,14,14,42,-732,187
1,0,1,15,0,60,316,188,444,700,572,188,15,30,90,732,188
1,0,1,15,1,61,317,189,445,701,573,189,15,30,90,732,189
1,0,1,15,2,62,318,190,446,702,574,190,15,30,90,732,190
1,0,1,15,3,63,319,191,447,703,575,191,15,30,90,732,191
1,0,1,16,0,192,64,320,576,448,704,192,16,1,3,22,192
1,0,1,16,1,193,65,321,577,449,705,193,16,1,3,22,193
1,0,1,16,2,194,66,322,578,450,706,194,16,1,3,22,194
1,0,1,16,3,195,67,323,579,451,707,195,16,1,3,22,195
1,0,1,17,0,324,196,68,708,580,452,196,17,17,51,-22,196
1,0,1,17,1,325,197,69,709,581,453,197,17,17,51,-22,197
1,0,1,17,2,326,198,70,710,582,454,198,17,17,51,-22,198
1,0,1,17,3,327,199,71,711,583,455,199,17,17,51,-22,199
1,0,1,18,0,72,328,200,456,712,584,200,18,9,27,1709,200
1,0,1,18,1,73,329,201,457,713,585,201,18,9,27,1709,201
1,0,1,18,2,74,330,202,458,714,586,202,18,9,27,1709,202
1,0,1,18,3,75,331,203,459,715,587,203,18,9,27,1709,203
1,0,1,19,0,204,76,332,588,460,716,204,19,25,75,-1709,204
1,0,1,19,1,205,77,333,589,461,717,205,19,25,75,-1709,205
1,0,1,19,2,206,78,334,590,462,718,206,19,25,75,-1709,206
1,0,1,19,3,207,79,335,591,463,719,207,19,25,75,-1709,207
1,0,1,20,0,336,208,80,720,592,464,208,20,5,15,-275,208
1,0,1,20,1,337,209,81,721,593,465,209,20,5,15,-275,209
1,0,1,20,2,338,210,82,722,594,466,210,20,5,15,-275,210
1,0,1,20,3,339,211,83,723,595,467,211,20,5,15,-275,211
1,0,1,21,0,84,340,212,468,724,596,212,21,21,63,275,212
1,0,1,21,1,85,341,213,469,725,597,213,21,21,63,275,213
1,0,1,21,2,86,342,214,470,726,598,214,21,21,63,275,214
1,0,1,21,3,87,343,215,471,727,599,215,21,21,63,275,215
1,0,1,22,0,216,88,344,600,472,728,216,22,13,39,1108,216
1,0,1,22,1,217,89,345,601,473,729,217,22,13,39,1108,217
1,0,1,22,2,218,90,346,602,474,730,218,22,13,39,1108,218
1,0,1,22,3,219,91,347,603,475,731,219,22,13,39,1108,219
1,0,1,23,0,348,220,92,732,604,476,220,23,29,87,-1108,220
1,0,1,23,1,349,221,93,733,605,477,221,23,29,87,-1108,221
1,0,1,23,2,350,222,94,734,606,478,222,23,29,87,-1108,222
1,0,1,23,3,351,223,95,735,607,479,223,23,29,87,-1108,223
1,0,1,24,0,96,352,224,480,736,608,224,24,3,9,354,224
1,0,1,24,1,97,353,225,481,737,609,225,24,3,9,354,225
1,0,1,24,2,98,354,226,482,738,610,226,24,3,9,354,226
1,0,1,24,3,99,355,227,483,739,611,227,24,3,9,354,227
1,0,1,25,0,228,100,356,612,484,740,228,25,19,57,-354,228
1,0,1,25,1,229,101,357,613,485,741,229,25,19,57,-354,229
1,0,1,25,2,230,102,358,614,486,742,230,25,19,57,-354,230
1,0,1,25,3,231,103,359,615,487,743,231,25,19,57,-354,231
1,0,1,26,0,360,232,104,744,616,488,232,26,11,33,-1728,232
1,0,1,26,1,361,233,105,745,617,489,233,26,11,33,-1728,233
1,0,1,26,2,362,234,106,746,618,490,234,26,11,33,-1728,234
1,0,1,26,3,363,235,107,747,619,491,235,26,11,33,-1728,235
1,0,1,27,0,108,364,236,492,748,620,236,27,27,81,1728,236
1,0,1,27,1,109,365,237,493,749,621,237,27,27,81,1728,237
1,0,1,27,2,110,366,238,494,750,622,238,27,27,81,1728,238
1,0,1,27,3,111,367,239,495,751,623,239,27,27,81,1728,239
1,0,1,28,0,240,112,368,624,496,752,240,28,7,21,-968,240
1,0,1,28,1,241,113,369,625,497,753,241,28,7,21,-968,241
1,0,1,28,2,242,114,370,626,498,754,242,28,7,21,-968,242
1,0,1,28,3,243,115,371,627,499,755,243,28,7,21,-968,243
1,0,1,29,0,372,244,116,756,628,500,244,29,23,69,968,244
1,0,1,29,1,373,245,117,757,629,501,245,29,23,69,968,245
1,0,1,29,2,374,246,118,758,630,502,246,29,23,69,968,246
1,0,1,29,3,375,247,119,759,631,503,247,29,23,69,968,247
1,0,1,30,0,120,376,248,504,760,632,248,30,15,45,858,248
1,0,1,30,1,121,377,249,505,761,633,249,30,15,45,858,249
1,0,1,30,2,122,378,250,506,762,634,250,30,15,45,858,250
1,0,1,30,3,123,379,251,507,763,635,251,30,15,45,858,251
1,0,1,31,0,252,124,380,636,508,764,252,31,31,93,-858,252
1,0,1,31,1,253,125,381,637,509,765,253,31,31,93,-858,253
1,0,1,31,2,254,126,382,638,510,766,254,31,31,93,-858,254
1,0,1,31,3,255,127,383,639,511,767,255,31,31,93,-858,255
2,1,0,0,0,0,256,128,384,640,512,256,0,0,32,-443,256
2,1,0,0,1,1,257,129,385,641,513,257,0,0,32,-443,257
2,1,0,0,2,2,258,130,386,642,514,258,0,0,32,-443,258
2,1,0,0,3,3,259,131,387,643,515,259,0,0,32,-443,259
2,1,0,1,0,132,4,260,516,388,644,260,1,16,80,443,260
2,1,0,1,1,133,5,261,517,389,645,261,1,16,80,443,261
2,1,0,1,2,134,6,262,518,390,646,262,1,16,80,443,262
2,1,0,1,3,135,7,263,519,391,647,263,1,16,80,443,263
2,1,0,2,0,264,136,8,648,520,392,264,2,8,56,-943,264
2,1,0,2,1,265,137,9,649,521,393,265,2,8,56,-943,265
2,1,0,2,2,266,138,10,650,522,394,266,2,8,56,-943,266
2,1,0,2,3,267,139,11,651,523,395,267,2,8,56,-943,267
2,1,0,3,0,12,268,140,396,652,524,268,3,24,8,943,268
2,1,0,3,1,13,269,141,397,653,525,269,3,24,8,943,269
2,1,0,3,2,14,270,142,398,654,526,270,3,24,8,943,270
2,1,0,3,3,15,271,143,399,655,527,271,3,24,8,943,271
2,1,0,4,0,144,16,272,528,400,656,272,4,4,44,352,272
2,1,0,4,1,145,17,273,529,401,657,273,4,4,44,352,273
2,1,0,4,2,146,18,274,530,402,658,274,4,4,44,352,274
2,1,0,4,3,147,19,275,531,403,659,275,4,4,44,352,275
2,1,0,5,0,276,148,20,660,532,404,276,5,20,92,-352,276
2,1,0,5,1,277,149,21,661,533,405,277,5,20,92,-352,277
2,1,0,5,2,278,150,22,662,534,406,278,5,20,92,-352,278
2,1,0,5,3,279,151,23,663,535,407,279,5,20,92,-352,279
2,1,0,6,0,24,280,152,408,664,536,280,6,12,68,-312,280
2,1,0,6,1,25,281,153,409,665,537,281,6,12,68,-312,281
2,1,0,6,2,26,282,154,410,666,538,282,6,12,68,-312,282
2,1,0,6,3,27,283,155,411,667,539,283,6,12,68,-312,283
2,1,0,7,0,156,28,284,540,412,668,284,7,28,20,312,284
2,1,0,7,1,157,29,285,541,413,669,285,7,28,20,312,285
2,1,0,7,2,158,30,286,542,414,670,286,7,28,20,312,286
2,1,0,7,3,159,31,287,543,415,671,287,7,28,20,312,287
2,1,0,8,0,288,160,32,672,544,416,288,8,2,38,100,288
2,1,0,8,1,289,161,33,673,545,417,289,8,2,38,100,289
2,1,0,8,2,290,162,34,674,546,418,290,8,2,38,100,290
2,1,0,8,3,291,163,35,675,547,419,291,8,2,38,100,291
2,1,0,9,0,36,292,164,420,676,548,292,9,18,86,-100,292
2,1,0,9,1,37,293,165,421,677,549,293,9,18,86,-100,293
2,1,0,9,2,38,294,166,422,678,550,294,9,18,86,-100,294
2,1,0,9,3,39,295,167,423,679,551,295,9,18,86,-100,295
2,1,0,10,0,168,40,296,552,424,680,296,10,10,62,-1660,296
2,1,0,10,1,169,41,297,553,425,681,297,10,10,62,-1660,297
2,1,0,10,2,170,42,298,554,426,682,298,10,10,62,-1660,298
2,1,0,10,3,171,43,299,555,427,683,299,10,10,62,-1660,299
2,1,0,11,0,300,172,44,684,556,428,300,11,26,14,1660,300
2,1,0,11,1,301,173,45,685,557,429,301,11,26,14,1660,301
2,1,0,11,2,302,174,46,686,558,430,302,11,26,14,1660,302
2,1,0,11,3,303,175,47,687,559,431,303,11,26,14,1660,303
2,1,0,12,0,48,304,176,432,688,560,304,12,6,50,-1250,304
2,1,0,12,1,49,305,177,433,689,561,305,12,6,50,-1250,305
2,1,0,12,2,50,306,178,434,690,562,306,12,6,50,-1250,306
2,1,0,12,3,51,307,179,435,691,563,307,12,6,50,-1250,307
2,1,0,13,0,180,52,308,564,436,692,308,13,22,2,1250,308
2,1,0,13,1,181,53,309,565,437,693,309,13,22,2,1250,309
2,1,0,13,2,182,54,310,566,438,694,310,13,22,2,1250,310
2,1,0,13,3,183,55,311,567,439,695,311,13,22,2,1250,311
2,1,0,14,0,312,184,56,696,568,440,312,14,14,74,8,312
2,1,0,14,1,313,185,57,697,569,441,313,14,14,74,8,313
2,1,0,14,2,314,186,58,698,570,442,314,14,14,74,8,314
2,1,0,14,3,315,187,59,699,571,443,315,14,14,74,8,315
2,1,0,15,0,60,316,188,444,700,572,316,15,30,26,-8,316
2,1,0,15,1,61,317,189,445,701,573,317,15,30,26,-8,317
2,1,0,15,2,62,318,190,446,702,574,318,15,30,26,-8,318
2,1,0,15,3,63,319,191,447,703,575,319,15,30,26,-8,319
2,1,0,16,0,192,64,320,576,448,704,320,16,1,35,1341,320
2,1,0,16,1,193,65,321,577,449,705,321,16,1,35,1341,321
2,1,0,16,2,194,66,322,578,450,706,322,16,1,35,1341,322
2,1,0,16,3,195,67,323,579,451,707,323,16,1,35,1341,323
2,1,0,17,0,324,196,68,708,580,452,324,17,17,83,-1341,324
2,1,0,17,1,325,197,69,709,581,453,325,17,17,83,-1341,325
2,1,0,17,2,326,198,70,710,582,454,326,17,17,83,-1341,326
2,1,0,17,3,327,199,71,711,583,455,327,17,17,83,-1341,327
2,1,0,18,0,72,328,200,456,712,584,328,18,9,59,1247,328
2,1,0,18,1,73,329,201,457,713,585,329,18,9,59,1247,329
2,1,0,18,2,74,330,202,458,714,586,330,18,9,59,1247,330
2,1,0,18,3,75,331,203,459,715,587,331,18,9,59,1247,331
2,1,0,19,0,204,76,332,588,460,716,332,19,25,11,-1247,332
2,1,0,19,1,205,77,333,589,461,717,333,19,25,11,-1247,333
2,1,0,19,2,206,78,334,590,462,718,334,19,25,11,-1247,334
2,1,0,19,3,207,79,335,591,463,719,335,19,25,11,-1247,335
2,1,0,20,0,336,208,80,720,592,464,336,20,5,47,-1206,336
2,1,0,20,1,337,209,81,721,593,465,337,20,5,47,-1206,337
2,1,0,20,2,338,210,82,722,594,466,338,20,5,47,-1206,338
2,1,0,20,3,339,211,83,723,595,467,339,20,5,47,-1206,339
2,1,0,21,0,84,340,212,468,724,596,340,21,21,95,1206,340
2,1,0,21,1,85,341,213,469,725,597,341,21,21,95,1206,341
2,1,0,21,2,86,342,214,470,726,598,342,21,21,95,1206,342
2,1,0,21,3,87,343,215,471,727,599,343,21,21,95,1206,343
2,1,0,22,0,216,88,344,600,472,728,344,22,13,71,-31,344
2,1,0,22,1,217,89,345,601,473,729,345,22,13,71,-31,345
2,1,0,22,2,218,90,346,602,474,730,346,22,13,71,-31,346
2,1,0,22,3,219,91,347,603,475,731,347,22,13,71,-31,347
2,1,0,23,0,348,220,92,732,604,476,348,23,29,23,31,348
2,1,0,23,1,349,221,93,733,605,477,349,23,29,23,31,349
2,1,0,23,2,350,222,94,734,606,478,350,23,29,23,31,350
2,1,0,23,3,351,223,95,735,607,479,351,23,29,23,31,351
2,1,0,24,0,96,352,224,480,736,608,352,24,3,41,-1364,352
2,1,0,24,1,97,353,225,481,737,609,353,24,3,41,-1364,353
2,1,0,24,2,98,354,226,482,738,610,354,24,3,41,-1364,354
2,1,0,24,3,99,355,227,483,739,611,355,24,3,41,-1364,355
2,1,0,25,0,228,100,356,612,484,740,356,25,19,89,1364,356
2,1,0,25,1,229,101,357,613,485,741,357,25,19,89,1364,357
2,1,0,25,2,230,102,358,614,486,742,358,25,19,89,1364,358
2,1,0,25,3,231,103,359,615,487,743,359,25,19,89,1364,359
2,1,0,26,0,360,232,104,744,616,488,360,26,11,65,1209,360
2,1,0,26,1,361,233,105,745,617,489,361,26,11,65,1209,361
2,1,0,26,2,362,234,106,746,618,490,362,26,11,65,1209,362
2,1,0,26,3,363,235,107,747,619,491,363,26,11,65,1209,363
2,1,0,27,0,108,364,236,492,748,620,364,27,27,17,-1209,364
2,1,0,27,1,109,365,237,493,749,621,365,27,27,17,-1209,365
2,1,0,27,2,110,366,238,494,750,622,366,27,27,17,-1209,366
2,1,0,27,3,111,367,239,495,751,623,367,27,27,17,-1209,367
2,1,0,28,0,240,112,368,624,496,752,368,28,7,53,-235,368
2,1,0,28,1,241,113,369,625,497,753,369,28,7,53,-235,369
2,1,0,28,2,242,114,370,626,498,754,370,28,7,53,-235,370
2,1,0,28,3,243,115,371,627,499,755,371,28,7,53,-235,371
2,1,0,29,0,372,244,116,756,628,500,372,29,23,5,235,372
2,1,0,29,1,373,245,117,757,629,501,373,29,23,5,235,373
2,1,0,29,2,374,246,118,758,630,502,374,29,23,5,235,374
2,1,0,29,3,375,247,119,759,631,503,375,29,23,5,235,375
2,1,0,30,0,120,376,248,504,760,632,376,30,15,77,444,376
2,1,0,30,1,121,377,249,505,761,633,377,30,15,77,444,377
2,1,0,30,2,122,378,250,506,762,634,378,30,15,77,444,378
2,1,0,30,3,123,379,251,507,763,635,379,30,15,77,444,379
2,1,0,31,0,252,124,380,636,508,764,380,31,31,29,-444,380
2,1,0,31,1,253,125,381,637,509,765,381,31,31,29,-444,381
2,1,0,31,2,254,126,382,638,510,766,382,31,31,29,-444,382
2,1,0,31,3,255,127,383,639,511,767,383,31,31,29,-444,383
3,1,1,0,0,0,256,128,384,640,512,384,0,0,32,274,384
3,1,1,0,1,1,257,129,385,641,513,385,0,0,32,274,385
3,1,1,0,2,2,258,130,386,642,514,386,0,0,32,274,386
3,1,1,0,3,3,259,131,387,643,515,387,0,0,32,274,387
3,1,1,1,0,132,4,260,516,388,644,388,1,16,80,-274,388
3,1,1,1,1,133,5,261,517,389,645,389,1,16,80,-274,389
3,1,1,1,2,134,6,262,518,390,646,390,1,16,80,-274,390
3,1,1,1,3,135,7,263,519,391,647,391,1,16,80,-274,391
3,1,1,2,0,264,136,8,648,520,392,392,2,8,56,-400,392
3,1,1,2,1,265,137,9,649,521,393,393,2,8,56,-400,393
3,1,1,2,2,266,138,10,650,522,394,394,2,8,56,-400,394
3,1,1,2,3,267,139,11,651,523,395,395,2,8,56,-400,395
3,1,1,3,0,12,268,140,396,652,524,396,3,24,8,400,396
3,1,1,3,1,13,269,141,397,653,525,397,3,24,8,400,397
3,1,1,3,2,14,270,142,398,654,526,398,3,24,8,400,398
3,1,1,3,3,15,271,143,399,655,527,399,3,24,8,400,399
3,1,1,4,0,144,16,272,528,400,656,400,4,4,44,32,400
3,1,1,4,1,145,17,273,529,401,657,401,4,4,44,32,401
3,1,1,4,2,146,18,274,530,402,658,402,4,4,44,32,402
3,1,1,4,3,147,19,275,531,403,659,403,4,4,44,32,403
3,1,1,5,0,276,148,20,660,532,404,404,5,20,92,-32,404
3,1,1,5,1,277,149,21,661,533,405,405,5,20,92,-32,405
3,1,1,5,2,278,150,22,662,534,406,406,5,20,92,-32,406
3,1,1,5,3,279,151,23,663,535,407,407,5,20,92,-32,407
3,1,1,6,0,24,280,152,408,664,536,408,6,12,68,1543,408
3,1,1,6,1,25,281,153,409,665,537,409,6,12,68,1543,409
3,1,1,6,2,26,282,154,410,666,538,410,6,12,68,1543,410
3,1,1,6,3,27,283,155,411,667,539,411,6,12,68,1543,411
3,1,1,7,0,156,28,284,540,412,668,412,7,28,20,-1543,412
3,1,1,7,1,157,29,285,541,413,669,413,7,28,20,-1543,413
3,1,1,7,2,158,30,286,542,414,670,414,7,28,20,-1543,414
3,1,1,7,3,159,31,287,543,415,671,415,7,28,20,-1543,415
3,1,1,8,0,288,160,32,672,544,416,416,8,2,38,-1248,416
3,1,1,8,1,289,161,33,673,545,417,417,8,2,38,-1248,417
3,1,1,8,2,290,162,34,674,546,418,418,8,2,38,-1248,418
3,1,1,8,3,291,163,35,675,547,419,419,8,2,38,-1248,419
3,1,1,9,0,36,292,164,420,676,548,420,9,18,86,1248,420
3,1,1,9,1,37,293,165,421,677,549,421,9,18,86,1248,421
3,1,1,9,2,38,294,166,422,678,550,422,9,18,86,1248,422
3,1,1,9,3,39,295,167,423,679,551,423,9,18,86,1248,423
3,1,1,10,0,168,40,296,552,424,680,424,10,10,62,-1408,424
3,1,1,10,1,169,41,297,553,425,681,425,10,10,62,-1408,425
3,1,1,10,2,170,42,298,554,426,682,426,10,10,62,-1408,426
3,1,1,10,3,171,43,299,555,427,683,427,10,10,62,-1408,427
3,1,1,11,0,300,172,44,684,556,428,428,11,26,14,1408,428
3,1,1,11,1,301,173,45,685,557,429,429,11,26,14,1408,429
3,1,1,11,2,302,174,46,686,558,430,430,11,26,14,1408,430
3,1,1,11,3,303,175,47,687,559,431,431,11,26,14,1408,431
3,1,1,12,0,48,304,176,432,688,560,432,12,6,50,-1685,432
3,1,1,12,1,49,305,177,433,689,561,433,12,6,50,-1685,433
3,1,1,12,2,50,306,178,434,690,562,434,12,6,50,-1685,434
3,1,1,12,3,51,307,179,435,691,563,435,12,6,50,-1685,435
3,1,1,13,0,180,52,308,564,436,692,436,13,22,2,1685,436
3,1,1,13,1,181,53,309,565,437,693,437,13,22,2,1685,437
3,1,1,13,2,182,54,310,566,438,694,438,13,22,2,1685,438
3,1,1,13,3,183,55,311,567,439,695,439,13,22,2,1685,439
3,1,1,14,0,312,184,56,696,568,440,440,14,14,74,315,440
3,1,1,14,1,313,185,57,697,569,441,441,14,14,74,315,441
3,1,1,14,2,314,186,58,698,570,442,442,14,14,74,315,442
3,1,1,14,3,315,187,59,699,571,443,443,14,14,74,315,443
3,1,1,15,0,60,316,188,444,700,572,444,15,30,26,-315,444
3,1,1,15,1,61,317,189,445,701,573,445,15,30,26,-315,445
3,1,1,15,2,62,318,190,446,702,574,446,15,30,26,-315,446
3,1,1,15,3,63,319,191,447,703,575,447,15,30,26,-315,447
3,1,1,16,0,192,64,320,576,448,704,448,16,1,35,1379,448
3,1,1,16,1,193,65,321,577,449,705,449,16,1,35,1379,449
3,1,1,16,2,194,66,322,578,450,706,450,16,1,35,1379,450
3,1,1,16,3,195,67,323,579,451,707,451,16,1,35,1379,451
3,1,1,17,0,324,196,68,708,580,452,452,17,17,83,-1379,452
3,1,1,17,1,325,197,69,709,581,453,453,17,17,83,-1379,453
3,1,1,17,2,326,198,70,710,582,454,454,17,17,83,-1379,454
3,1,1,17,3,327,199,71,711,583,455,455,17,17,83,-1379,455
3,1,1,18,0,72,328,200,456,712,584,456,18,9,59,-1458,456
3,1,1,18,1,73,329,201,457,713,585,457,18,9,59,-1458,457
3,1,1,18,2,74,330,202,458,714,586,458,18,9,59,-1458,458
3,1,1,18,3,75,331,203,459,715,587,459,18,9,59,-1458,459
3,1,1,19,0,204,76,332,588,460,716,460,19,25,11,1458,460
3,1,1,19,1,205,77,333,589,461,717,461,19,25,11,1458,461
3,1,1,19,2,206,78,334,590,462,718,462,19,25,11,1458,462
3,1,1,19,3,207,79,335,591,463,719,463,19,25,11,1458,463
3,1,1,20,0,336,208,80,720,592,464,464,20,5,47,-1681,464
3,1,1,20,1,337,209,81,721,593,465,465,20,5,47,-1681,465
3,1,1,20,2,338,210,82,722,594,466,466,20,5,47,-1681,466
3,1,1,20,3,339,211,83,723,595,467,467,20,5,47,-1681,467
3,1,1,21,0,84,340,212,468,724,596,468,21,21,95,1681,468
3,1,1,21,1,85,341,213,469,725,597,469,21,21,95,1681,469
3,1,1,21,2,86,342,214,470,726,598,470,21,21,95,1681,470
3,1,1,21,3,87,343,215,471,727,599,471,21,21,95,1681,471
3,1,1,22,0,216,88,344,600,472,728,472,22,13,71,940,472
3,1,1,22,1,217,89,345,601,473,729,473,22,13,71,940,473
3,1,1,22,2,218,90,346,602,474,730,474,22,13,71,940,474
3,1,1,22,3,219,91,347,603,475,731,475,22,13,71,940,475
3,1,1,23,0,348,220,92,732,604,476,476,23,29,23,-940,476
3,1,1,23,1,349,221,93,733,605,477,477,23,29,23,-940,477
3,1,1,23,2,350,222,94,734,606,478,478,23,29,23,-940,478
3,1,1,23,3,351,223,95,735,607,479,479,23,29,23,-940,479
3,1,1,24,0,96,352,224,480,736,608,480,24,3,41,-124,480
3,1,1,24,1,97,353,225,481,737,609,481,24,3,41,-124,481
3,1,1,24,2,98,354,226,482,738,610,482,24,3,41,-124,482
3,1,1,24,3,99,355,227,483,739,611,483,24,3,41,-124,483
3,1,1,25,0,228,100,356,612,484,740,484,25,19,89,124,484
3,1,1,25,1,229,101,357,613,485,741,485,25,19,89,124,485
3,1,1,25,2,230,102,358,614,486,742,486,25,19,89,124,486
3,1,1,25,3,231,103,359,615,487,743,487,25,19,89,124,487
3,1,1,26,0,360,232,104,744,616,488,488,26,11,65,1367,488
3,1,1,26,1,361,233,105,745,617,489,489,26,11,65,1367,489
3,1,1,26,2,362,234,106,746,618,490,490,26,11,65,1367,490
3,1,1,26,3,363,235,107,747,619,491,491,26,11,65,1367,491
3,1,1,27,0,108,364,236,492,748,620,492,27,27,17,-1367,492
3,1,1,27,1,109,365,237,493,749,621,493,27,27,17,-1367,493
3,1,1,27,2,110,366,238,494,750,622,494,27,27,17,-1367,494
3,1,1,27,3,111,367,239,495,751,623,495,27,27,17,-1367,495
3,1,1,28,0,240,112,368,624,496,752,496,28,7,53,1550,496
3,1,1,28,1,241,113,369,625,497,753,497,28,7,53,1550,497
3,1,1,28,2,242,114,370,626,498,754,498,28,7,53,1550,498
3,1,1,28,3,243,115,371,627,499,755,499,28,7,53,1550,499
3,1,1,29,0,372,244,116,756,628,500,500,29,23,5,-1550,500
3,1,1,29,1,373,245,117,757,629,501,501,29,23,5,-1550,501
3,1,1,29,2,374,246,118,758,630,502,502,29,23,5,-1550,502
3,1,1,29,3,375,247,119,759,631,503,503,29,23,5,-1550,503
3,1,1,30,0,120,376,248,504,760,632,504,30,15,77,-1531,504
3,1,1,30,1,121,377,249,505,761,633,505,30,15,77,-1531,505
3,1,1,30,2,122,378,250,506,762,634,506,30,15,77,-1531,506
3,1,1,30,3,123,379,251,507,763,635,507,30,15,77,-1531,507
3,1,1,31,0,252,124,380,636,508,764,508,31,31,29,1531,508
3,1,1,31,1,253,125,381,637,509,765,509,31,31,29,1531,509
3,1,1,31,2,254,126,382,638,510,766,510,31,31,29,1531,510
3,1,1,31,3,255,127,383,639,511,767,511,31,31,29,1531,511
4,2,0,0,0,0,256,128,384,640,512,512,0,0,64,-1212,512
4,2,0,0,1,1,257,129,385,641,513,513,0,0,64,-1212,513
4,2,0,0,2,2,258,130,386,642,514,514,0,0,64,-1212,514
4,2,0,0,3,3,259,131,387,643,515,515,0,0,64,-1212,515
4,2,0,1,0,132,4,260,516,388,644,516,1,16,16,1212,516
4,2,0,1,1,133,5,261,517,389,645,517,1,16,16,1212,517
4,2,0,1,2,134,6,262,518,390,646,518,1,16,16,1212,518
4,2,0,1,3,135,7,263,519,391,647,519,1,16,16,1212,519
4,2,0,2,0,264,136,8,648,520,392,520,2,8,88,760,520
4,2,0,2,1,265,137,9,649,521,393,521,2,8,88,760,521
4,2,0,2,2,266,138,10,650,522,394,522,2,8,88,760,522
4,2,0,2,3,267,139,11,651,523,395,523,2,8,88,760,523
4,2,0,3,0,12,268,140,396,652,524,524,3,24,40,-760,524
4,2,0,3,1,13,269,141,397,653,525,525,3,24,40,-760,525
4,2,0,3,2,14,270,142,398,654,526,526,3,24,40,-760,526
4,2,0,3,3,15,271,143,399,655,527,527,3,24,40,-760,527
4,2,0,4,0,144,16,272,528,400,656,528,4,4,76,1322,528
4,2,0,4,1,145,17,273,529,401,657,529,4,4,76,1322,529
4,2,0,4,2,146,18,274,530,402,658,530,4,4,76,1322,530
4,2,0,4,3,147,19,275,531,403,659,531,4,4,76,1322,531
4,2,0,5,0,276,148,20,660,532,404,532,5,20,28,-1322,532
4,2,0,5,1,277,149,21,661,533,405,533,5,20,28,-1322,533
4,2,0,5,2,278,150,22,662,534,406,534,5,20,28,-1322,534
4,2,0,5,3,279,151,23,663,535,407,535,5,20,28,-1322,535
4,2,0,6,0,24,280,152,408,664,536,536,6,12,4,871,536
4,2,0,6,1,25,281,153,409,665,537,537,6,12,4,871,537
4,2,0,6,2,26,282,154,410,666,538,538,6,12,4,871,538
4,2,0,6,3,27,283,155,411,667,539,539,6,12,4,871,539
4,2,0,7,0,156,28,284,540,412,668,540,7,28,52,-871,540
4,2,0,7,1,157,29,285,541,413,669,541,7,28,52,-871,541
4,2,0,7,2,158,30,286,542,414,670,542,7,28,52,-871,542
4,2,0,7,3,159,31,287,543,415,671,543,7,28,52,-871,543
4,2,0,8,0,288,160,32,672,544,416,544,8,2,70,297,544
4,2,0,8,1,289,161,33,673,545,417,545,8,2,70,297,545
4,2,0,8,2,290,162,34,674,546,418,546,8,2,70,297,546
4,2,0,8,3,291,163,35,675,547,419,547,8,2,70,297,547
4,2,0,9,0,36,292,164,420,676,548,548,9,18,22,-297,548
4,2,0,9,1,37,293,165,421,677,549,549,9,18,22,-297,549
4,2,0,9,2,38,294,166,422,678,550,550,9,18,22,-297,550
4,2,0,9,3,39,295,167,423,679,551,551,9,18,22,-297,551
4,2,0,10,0,168,40,296,552,424,680,552,10,10,94,601,552
4,2,0,10,1,169,41,297,553,425,681,553,10,10,94,601,553
4,2,0,10,2,170,42,298,554,426,682,554,10,10,94,601,554
4,2,0,10,3,171,43,299,555,427,683,555,10,10,94,601,555
4,2,0,11,0,300,172,44,684,556,428,556,11,26,46,-601,556
4,2,0,11,1,301,173,45,685,557,429,557,11,26,46,-601,557
4,2,0,11,2,302,174,46,686,558,430,558,11,26,46,-601,558
4,2,0,11,3,303,175,47,687,559,431,559,11,26,46,-601,559
4,2,0,12,0,48,304,176,432,688,560,560,12,6,82,1473,560
4,2,0,12,1,49,305,177,433,689,561,561,12,6,82,1473,561
4,2,0,12,2,50,306,178,434,690,562,562,12,6,82,1473,562
4,2,0,12,3,51,307,179,435,691,563,563,12,6,82,1473,563
4,2,0,13,0,180,52,308,564,436,692,564,13,22,34,-1473,564
4,2,0,13,1,181,53,309,565,437,693,565,13,22,34,-1473,565
4,2,0,13,2,182,54,310,566,438,694,566,13,22,34,-1473,566
4,2,0,13,3,183,55,311,567,439,695,567,13,22,34,-1473,567
4,2,0,14,0,312,184,56,696,568,440,568,14,14,10,1130,568
4,2,0,14,1,313,185,57,697,569,441,569,14,14,10,1130,569
4,2,0,14,2,314,186,58,698,570,442,570,14,14,10,1130,570
4,2,0,14,3,315,187,59,699,571,443,571,14,14,10,1130,571
4,2,0,15,0,60,316,188,444,700,572,572,15,30,58,-1130,572
4,2,0,15,1,61,317,189,445,701,573,573,15,30,58,-1130,573
4,2,0,15,2,62,318,190,446,702,574,574,15,30,58,-1130,574
4,2,0,15,3,63,319,191,447,703,575,575,15,30,58,-1130,575
4,2,0,16,0,192,64,320,576,448,704,576,16,1,67,-1583,576
4,2,0,16,1,193,65,321,577,449,705,577,16,1,67,-1583,577
4,2,0,16,2,194,66,322,578,450,706,578,16,1,67,-1583,578
4,2,0,16,3,195,67,323,579,451,707,579,16,1,67,-1583,579
4,2,0,17,0,324,196,68,708,580,452,580,17,17,19,1583,580
4,2,0,17,1,325,197,69,709,581,453,581,17,17,19,1583,581
4,2,0,17,2,326,198,70,710,582,454,582,17,17,19,1583,582
4,2,0,17,3,327,199,71,711,583,455,583,17,17,19,1583,583
4,2,0,18,0,72,328,200,456,712,584,584,18,9,91,696,584
4,2,0,18,1,73,329,201,457,713,585,585,18,9,91,696,585
4,2,0,18,2,74,330,202,458,714,586,586,18,9,91,696,586
4,2,0,18,3,75,331,203,459,715,587,587,18,9,91,696,587
4,2,0,19,0,204,76,332,588,460,716,588,19,25,43,-696,588
4,2,0,19,1,205,77,333,589,461,717,589,19,25,43,-696,589
4,2,0,19,2,206,78,334,590,462,718,590,19,25,43,-696,590
4,2,0,19,3,207,79,335,591,463,719,591,19,25,43,-696,591
4,2,0,20,0,336,208,80,720,592,464,592,20,5,79,774,592
4,2,0,20,1,337,209,81,721,593,465,593,20,5,79,774,593
4,2,0,20,2,338,210,82,722,594,466,594,20,5,79,774,594
4,2,0,20,3,339,211,83,723,595,467,595,20,5,79,774,595
4,2,0,21,0,84,340,212,468,724,596,596,21,21,31,-774,596
4,2,0,21,1,85,341,213,469,725,597,597,21,21,31,-774,597
4,2,0,21,2,86,342,214,470,726,598,598,21,21,31,-774,598
4,2,0,21,3,87,343,215,471,727,599,599,21,21,31,-774,599
4,2,0,22,0,216,88,344,600,472,728,600,22,13,7,1671,600
4,2,0,22,1,217,89,345,601,473,729,601,22,13,7,1671,601
4,2,0,22,2,218,90,346,602,474,730,602,22,13,7,1671,602
4,2,0,22,3,219,91,347,603,475,731,603,22,13,7,1671,603
4,2,0,23,0,348,220,92,732,604,476,604,23,29,55,-1671,604
4,2,0,23,1,349,221,93,733,605,477,605,23,29,55,-1671,605
4,2,0,23,2,350,222,94,734,606,478,606,23,29,55,-1671,606
4,2,0,23,3,351,223,95,735,607,479,607,23,29,55,-1671,607
4,2,0,24,0,96,352,224,480,736,608,608,24,3,73,927,608
4,2,0,24,1,97,353,225,481,737,609,609,24,3,73,927,609
4,2,0,24,2,98,354,226,482,738,610,610,24,3,73,927,610
4,2,0,24,3,99,355,227,483,739,611,611,24,3,73,927,611
4,2,0,25,0,228,100,356,612,484,740,612,25,19,25,-927,612
4,2,0,25,1,229,101,357,613,485,741,613,25,19,25,-927,613
4,2,0,25,2,230,102,358,614,486,742,614,25,19,25,-927,614
4,2,0,25,3,231,103,359,615,487,743,615,25,19,25,-927,615
4,2,0,26,0,360,232,104,744,616,488,616,26,11,1,514,616
4,2,0,26,1,361,233,105,745,617,489,617,26,11,1,514,617
4,2,0,26,2,362,234,106,746,618,490,618,26,11,1,514,618
4,2,0,26,3,363,235,107,747,619,491,619,26,11,1,514,619
4,2,0,27,0,108,364,236,492,748,620,620,27,27,49,-514,620
4,2,0,27,1,109,365,237,493,749,621,621,27,27,49,-514,621
4,2,0,27,2,110,366,238,494,750,622,622,27,27,49,-514,622
4,2,0,27,3,111,367,239,495,751,623,623,27,27,49,-514,623
4,2,0,28,0,240,112,368,624,496,752,624,28,7,85,512,624
4,2,0,28,1,241,113,369,625,497,753,625,28,7,85,512,625
4,2,0,28,2,242,114,370,626,498,754,626,28,7,85,512,626
4,2,0,28,3,243,115,371,627,499,755,627,28,7,85,512,627
4,2,0,29,0,372,244,116,756,628,500,628,29,23,37,-512,628
4,2,0,29,1,373,245,117,757,629,501,629,29,23,37,-512,629
4,2,0,29,2,374,246,118,758,630,502,630,29,23,37,-512,630
4,2,0,29,3,375,247,119,759,631,503,631,29,23,37,-512,631
4,2,0,30,0,120,376,248,504,760,632,632,30,15,13,489,632
4,2,0,30,1,121,377,249,505,761,633,633,30,15,13,489,633
4,2,0,30,2,122,378,250,506,762,634,634,30,15,13,489,634
4,2,0,30,3,123,379,251,507,763,635,635,30,15,13,489,635
4,2,0,31,0,252,124,380,636,508,764,636,31,31,61,-489,636
4,2,0,31,1,253,125,381,637,509,765,637,31,31,61,-489,637
4,2,0,31,2,254,126,382,638,510,766,638,31,31,61,-489,638
4,2,0,31,3,255,127,383,639,511,767,639,31,31,61,-489,639
5,2,1,0,0,0,256,128,384,640,512,640,0,0,64,-1053,640
5,2,1,0,1,1,257,129,385,641,513,641,0,0,64,-1053,641
5,2,1,0,2,2,258,130,386,642,514,642,0,0,64,-1053,642
5,2,1,0,3,3,259,131,387,643,515,643,0,0,64,-1053,643
5,2,1,1,0,132,4,260,516,388,644,644,1,16,16,1053,644
5,2,1,1,1,133,5,261,517,389,645,645,1,16,16,1053,645
5,2,1,1,2,134,6,262,518,390,646,646,1,16,16,1053,646
5,2,1,1,3,135,7,263,519,391,647,647,1,16,16,1053,647
5,2,1,2,0,264,136,8,648,520,392,648,2,8,88,-1188,648
5,2,1,2,1,265,137,9,649,521,393,649,2,8,88,-1188,649
5,2,1,2,2,266,138,10,650,522,394,650,2,8,88,-1188,650
5,2,1,2,3,267,139,11,651,523,395,651,2,8,88,-1188,651
5,2,1,3,0,12,268,140,396,652,524,652,3,24,40,1188,652
5,2,1,3,1,13,269,141,397,653,525,653,3,24,40,1188,653
5,2,1,3,2,14,270,142,398,654,526,654,3,24,40,1188,654
5,2,1,3,3,15,271,143,399,655,527,655,3,24,40,1188,655
5,2,1,4,0,144,16,272,528,400,656,656,4,4,76,1063,656
5,2,1,4,1,145,17,273,529,401,657,657,4,4,76,1063,657
5,2,1,4,2,146,18,274,530,402,658,658,4,4,76,1063,658
5,2,1,4,3,147,19,275,531,403,659,659,4,4,76,1063,659
5,2,1,5,0,276,148,20,660,532,404,660,5,20,28,-1063,660
5,2,1,5,1,277,149,21,661,533,405,661,5,20,28,-1063,661
5,2,1,5,2,278,150,22,662,534,406,662,5,20,28,-1063,662
5,2,1,5,3,279,151,23,663,535,407,663,5,20,28,-1063,663
5,2,1,6,0,24,280,152,408,664,536,664,6,12,4,1022,664
5,2,1,6,1,25,281,153,409,665,537,665,6,12,4,1022,665
5,2,1,6,2,26,282,154,410,666,538,666,6,12,4,1022,666
5,2,1,6,3,27,283,155,411,667,539,667,6,12,4,1022,667
5,2,1,7,0,156,28,284,540,412,668,668,7,28,52,-1022,668
5,2,1,7,1,157,29,285,541,413,669,669,7,28,52,-1022,669
5,2,1,7,2,158,30,286,542,414,670,670,7,28,52,-1022,670
5,2,1,7,3,159,31,287,543,415,671,671,7,28,52,-1022,671
5,2,1,8,0,288,160,32,672,544,416,672,8,2,70,27,672
5,2,1,8,1,289,161,33,673,545,417,673,8,2,70,27,673
5,2,1,8,2,290,162,34,674,546,418,674,8,2,70,27,674
5,2,1,8,3,291,163,35,675,547,419,675,8,2,70,27,675
5,2,1,9,0,36,292,164,420,676,548,676,9,18,22,-27,676
5,2,1,9,1,37,293,165,421,677,549,677,9,18,22,-27,677
5,2,1,9,2,38,294,166,422,678,550,678,9,18,22,-27,678
5,2,1,9,3,39,295,167,423,679,551,679,9,18,22,-27,679
5,2,1,10,0,168,40,296,552,424,680,680,10,10,94,1626,680
5,2,1,10,1,169,41,297,553,425,681,681,10,10,94,1626,681
5,2,1,10,2,170,42,298,554,426,682,682,10,10,94,1626,682
5,2,1,10,3,171,43,299,555,427,683,683,10,10,94,1626,683
5,2,1,11,0,300,172,44,684,556,428,684,11,26,46,-1626,684
5,2,1,11,1,301,173,45,685,557,429,685,11,26,46,-1626,685
5,2,1,11,2,302,174,46,686,558,430,686,11,26,46,-1626,686
5,2,1,11,3,303,175,47,687,559,431,687,11,26,46,-1626,687
5,2,1,12,0,48,304,176,432,688,560,688,12,6,82,1391,688
5,2,1,12,1,49,305,177,433,689,561,689,12,6,82,1391,689
5,2,1,12,2,50,306,178,434,690,562,690,12,6,82,1391,690
5,2,1,12,3,51,307,179,435,691,563,691,12,6,82,1391,691
5,2,1,13,0,180,52,308,564,436,692,692,13,22,34,-1391,692
5,2,1,13,1,181,53,309,565,437,693,693,13,22,34,-1391,693
5,2,1,13,2,182,54,310,566,438,694,694,13,22,34,-1391,694
5,2,1,13,3,183,55,311,567,439,695,695,13,22,34,-1391,695
5,2,1,14,0,312,184,56,696,568,440,696,14,14,10,417,696
5,2,1,14,1,313,185,57,697,569,441,697,14,14,10,417,697
5,2,1,14,2,314,186,58,698,570,442,698,14,14,10,417,698
5,2,1,14,3,315,187,59,699,571,443,699,14,14,10,417,699
5,2,1,15,0,60,316,188,444,700,572,700,15,30,58,-417,700
5,2,1,15,1,61,317,189,445,701,573,701,15,30,58,-417,701
5,2,1,15,2,62,318,190,446,702,574,702,15,30,58,-417,702
5,2,1,15,3,63,319,191,447,703,575,703,15,30,58,-417,703
5,2,1,16,0,192,64,320,576,448,704,704,16,1,67,-1401,704
5,2,1,16,1,193,65,321,577,449,705,705,16,1,67,-1401,705
5,2,1,16,2,194,66,322,578,450,706,706,16,1,67,-1401,706
5,2,1,16,3,195,67,323,579,451,707,707,16,1,67,-1401,707
5,2,1,17,0,324,196,68,708,580,452,708,17,17,19,1401,708
5,2,1,17,1,325,197,69,709,581,453,709,17,17,19,1401,709
5,2,1,17,2,326,198,70,710,582,454,710,17,17,19,1401,710
5,2,1,17,3,327,199,71,711,583,455,711,17,17,19,1401,711
5,2,1,18,0,72,328,200,456,712,584,712,18,9,91,-251,712
5,2,1,18,1,73,329,201,457,713,585,713,18,9,91,-251,713
5,2,1,18,2,74,330,202,458,714,586,714,18,9,91,-251,714
5,2,1,18,3,75,331,203,459,715,587,715,18,9,91,-251,715
5,2,1,19,0,204,76,332,588,460,716,716,19,25,43,251,716
5,2,1,19,1,205,77,333,589,461,717,717,19,25,43,251,717
5,2,1,19,2,206,78,334,590,462,718,718,19,25,43,251,718
5,2,1,19,3,207,79,335,591,463,719,719,19,25,43,251,719
5,2,1,20,0,336,208,80,720,592,464,720,20,5,79,-1501,720
5,2,1,20,1,337,209,81,721,593,465,721,20,5,79,-1501,721
5,2,1,20,2,338,210,82,722,594,466,722,20,5,79,-1501,722
5,2,1,20,3,339,211,83,723,595,467,723,20,5,79,-1501,723
5,2,1,21,0,84,340,212,468,724,596,724,21,21,31,1501,724
5,2,1,21,1,85,341,213,469,725,597,725,21,21,31,1501,725
5,2,1,21,2,86,342,214,470,726,598,726,21,21,31,1501,726
5,2,1,21,3,87,343,215,471,727,599,727,21,21,31,1501,727
5,2,1,22,0,216,88,344,600,472,728,728,22,13,7,1409,728
5,2,1,22,1,217,89,345,601,473,729,729,22,13,7,1409,729
5,2,1,22,2,218,90,346,602,474,730,730,22,13,7,1409,730
5,2,1,22,3,219,91,347,603,475,731,731,22,13,7,1409,731
5,2,1,23,0,348,220,92,732,604,476,732,23,29,55,-1409,732
5,2,1,23,1,349,221,93,733,605,477,733,23,29,55,-1409,733
5,2,1,23,2,350,222,94,734,606,478,734,23,29,55,-1409,734
5,2,1,23,3,351,223,95,735,607,479,735,23,29,55,-1409,735
5,2,1,24,0,96,352,224,480,736,608,736,24,3,73,-230,736
5,2,1,24,1,97,353,225,481,737,609,737,24,3,73,-230,737
5,2,1,24,2,98,354,226,482,738,610,738,24,3,73,-230,738
5,2,1,24,3,99,355,227,483,739,611,739,24,3,73,-230,739
5,2,1,25,0,228,100,356,612,484,740,740,25,19,25,230,740
5,2,1,25,1,229,101,357,613,485,741,741,25,19,25,230,741
5,2,1,25,2,230,102,358,614,486,742,742,25,19,25,230,742
5,2,1,25,3,231,103,359,615,487,743,743,25,19,25,230,743
5,2,1,26,0,360,232,104,744,616,488,744,26,11,1,361,744
5,2,1,26,1,361,233,105,745,617,489,745,26,11,1,361,745
5,2,1,26,2,362,234,106,746,618,490,746,26,11,1,361,746
5,2,1,26,3,363,235,107,747,619,491,747,26,11,1,361,747
5,2,1,27,0,108,364,236,492,748,620,748,27,27,49,-361,748
5,2,1,27,1,109,365,237,493,749,621,749,27,27,49,-361,749
5,2,1,27,2,110,366,238,494,750,622,750,27,27,49,-361,750
5,2,1,27,3,111,367,239,495,751,623,751,27,27,49,-361,751
5,2,1,28,0,240,112,368,624,496,752,752,28,7,85,-582,752
5,2,1,28,1,241,113,369,625,497,753,753,28,7,85,-582,753
5,2,1,28,2,242,114,370,626,498,754,754,28,7,85,-582,754
5,2,1,28,3,243,115,371,627,499,755,755,28,7,85,-582,755
5,2,1,29,0,372,244,116,756,628,500,756,29,23,37,582,756
5,2,1,29,1,373,245,117,757,629,501,757,29,23,37,582,757
5,2,1,29,2,374,246,118,758,630,502,758,29,23,37,582,758
5,2,1,29,3,375,247,119,759,631,503,759,29,23,37,582,759
5,2,1,30,0,120,376,248,504,760,632,760,30,15,13,673,760
5,2,1,30,1,121,377,249,505,761,633,761,30,15,13,673,761
5,2,1,30,2,122,378,250,506,762,634,762,30,15,13,673,762
5,2,1,30,3,123,379,251,507,763,635,763,30,15,13,673,763
5,2,1,31,0,252,124,380,636,508,764,764,31,31,61,-673,764
5,2,1,31,1,253,125,381,637,509,765,765,31,31,61,-673,765
5,2,1,31,2,254,126,382,638,510,766,766,31,31,61,-673,766
5,2,1,31,3,255,127,383,639,511,767,767,31,31,61,-673,767
