benchmark,separate_binaries=1,single_kem_body=1,direct_backend=1,order=AB_BA,core=3,tests=31,iterations=200,warmup=10
static_layout,binary=bench_gt_baseinv_replacement_current_bin,text=169848,data=976,bss=4960
static_symbol,binary=bench_gt_baseinv_replacement_current_bin,symbol=crypto_kem_keypair,address=0x00000000000018a0,size=356
static_symbol,binary=bench_gt_baseinv_replacement_current_bin,symbol=poly_baseinv_scaled_r,address=0x0000000000026b80,size=2008
layout,variant=current,symbol=crypto_kem_keypair,address=0x555586e918a0,mod32=0,mod64=32
layout,variant=current,symbol=poly_baseinv_scaled_r,address=0x555586eb6b80,mod32=0,mod64=0
layout,variant=current,buffer=pk,address=0x555586ed0ac0,mod64=0
static_layout,binary=bench_gt_baseinv_replacement_fast_bin,text=169864,data=976,bss=4960
static_symbol,binary=bench_gt_baseinv_replacement_fast_bin,symbol=crypto_kem_keypair,address=0x00000000000018a0,size=356
static_symbol,binary=bench_gt_baseinv_replacement_fast_bin,symbol=poly_baseinv_scaled_r,address=0x0000000000026e20,size=2008
layout,variant=fast_tree,symbol=crypto_kem_keypair,address=0x55564bc918a0,mod32=0,mod64=32
layout,variant=fast_tree,symbol=poly_baseinv_scaled_r,address=0x55564bcb6e20,mod32=0,mod64=32
layout,variant=fast_tree,buffer=pk,address=0x55564bcd0ac0,mod64=0
correctness,variant=current,cases=256,decap_failures=0,shared_secret_mismatches=0,digest=8bc04d7c926a4c5e
correctness,variant=fast_tree,cases=256,decap_failures=0,shared_secret_mismatches=0,digest=8bc04d7c926a4c5e
cross_binary_correctness,cases=256,digest_match=1,mismatches=0
pair,event=cycles,sample=0,first=current,current=38478.090000,candidate=38452.470000,delta=-25.620000,digest_match=1
pair,event=cycles,sample=1,first=candidate,current=38473.595000,candidate=38469.695000,delta=-3.900000,digest_match=1
pair,event=cycles,sample=2,first=current,current=38473.695000,candidate=38469.785000,delta=-3.910000,digest_match=1
pair,event=cycles,sample=3,first=candidate,current=38545.720000,candidate=38630.870000,delta=85.150000,digest_match=1
pair,event=cycles,sample=4,first=current,current=38495.240000,candidate=38478.205000,delta=-17.035000,digest_match=1
pair,event=cycles,sample=5,first=candidate,current=39339.565000,candidate=38493.475000,delta=-846.090000,digest_match=1
pair,event=cycles,sample=6,first=current,current=38525.510000,candidate=38600.520000,delta=75.010000,digest_match=1
pair,event=cycles,sample=7,first=candidate,current=38488.885000,candidate=38487.575000,delta=-1.310000,digest_match=1
pair,event=cycles,sample=8,first=current,current=38503.740000,candidate=38473.195000,delta=-30.545000,digest_match=1
pair,event=cycles,sample=9,first=candidate,current=38486.600000,candidate=38466.835000,delta=-19.765000,digest_match=1
pair,event=cycles,sample=10,first=current,current=38473.920000,candidate=38473.440000,delta=-0.480000,digest_match=1
pair,event=cycles,sample=11,first=candidate,current=38499.195000,candidate=38477.360000,delta=-21.835000,digest_match=1
pair,event=cycles,sample=12,first=current,current=38504.935000,candidate=38461.940000,delta=-42.995000,digest_match=1
pair,event=cycles,sample=13,first=candidate,current=38480.910000,candidate=38456.170000,delta=-24.740000,digest_match=1
pair,event=cycles,sample=14,first=current,current=38491.545000,candidate=38472.575000,delta=-18.970000,digest_match=1
pair,event=cycles,sample=15,first=candidate,current=38492.910000,candidate=38457.505000,delta=-35.405000,digest_match=1
pair,event=cycles,sample=16,first=current,current=38495.555000,candidate=38479.395000,delta=-16.160000,digest_match=1
pair,event=cycles,sample=17,first=candidate,current=38481.105000,candidate=38484.765000,delta=3.660000,digest_match=1
pair,event=cycles,sample=18,first=current,current=38464.840000,candidate=38491.465000,delta=26.625000,digest_match=1
pair,event=cycles,sample=19,first=candidate,current=38474.640000,candidate=38471.710000,delta=-2.930000,digest_match=1
pair,event=cycles,sample=20,first=current,current=38478.770000,candidate=38470.365000,delta=-8.405000,digest_match=1
pair,event=cycles,sample=21,first=candidate,current=38457.690000,candidate=38453.960000,delta=-3.730000,digest_match=1
pair,event=cycles,sample=22,first=current,current=38479.255000,candidate=38482.485000,delta=3.230000,digest_match=1
pair,event=cycles,sample=23,first=candidate,current=38475.730000,candidate=38484.030000,delta=8.300000,digest_match=1
pair,event=cycles,sample=24,first=current,current=38488.925000,candidate=38466.885000,delta=-22.040000,digest_match=1
pair,event=cycles,sample=25,first=candidate,current=38480.145000,candidate=38478.305000,delta=-1.840000,digest_match=1
pair,event=cycles,sample=26,first=current,current=38490.365000,candidate=38489.785000,delta=-0.580000,digest_match=1
pair,event=cycles,sample=27,first=candidate,current=38472.800000,candidate=38517.005000,delta=44.205000,digest_match=1
pair,event=cycles,sample=28,first=current,current=38480.070000,candidate=38470.640000,delta=-9.430000,digest_match=1
pair,event=cycles,sample=29,first=candidate,current=38469.240000,candidate=38480.440000,delta=11.200000,digest_match=1
pair,event=cycles,sample=30,first=current,current=38469.720000,candidate=38469.105000,delta=-0.615000,digest_match=1
summary,event=cycles,current_p50=38480.910000,candidate_p50=38473.440000,delta_p10=-30.545000,delta_p50=-3.900000,delta_p90=26.625000,mad=13.135000,reduction_percent=0.0101,wins=23,win_rate=0.7419,samples=31
pair,event=instructions,sample=0,first=current,current=82918.295000,candidate=82918.295000,delta=0.000000,digest_match=1
pair,event=instructions,sample=1,first=candidate,current=82918.295000,candidate=82918.295000,delta=0.000000,digest_match=1
pair,event=instructions,sample=2,first=current,current=82918.295000,candidate=82918.295000,delta=0.000000,digest_match=1
pair,event=instructions,sample=3,first=candidate,current=83004.730000,candidate=83004.710000,delta=-0.020000,digest_match=1
pair,event=instructions,sample=4,first=current,current=82918.295000,candidate=82918.295000,delta=0.000000,digest_match=1
pair,event=instructions,sample=5,first=candidate,current=82918.295000,candidate=82918.295000,delta=0.000000,digest_match=1
pair,event=instructions,sample=6,first=current,current=82918.295000,candidate=82918.295000,delta=0.000000,digest_match=1
pair,event=instructions,sample=7,first=candidate,current=82918.295000,candidate=82918.295000,delta=0.000000,digest_match=1
pair,event=instructions,sample=8,first=current,current=82918.295000,candidate=82918.295000,delta=0.000000,digest_match=1
pair,event=instructions,sample=9,first=candidate,current=82918.295000,candidate=82918.295000,delta=0.000000,digest_match=1
pair,event=instructions,sample=10,first=current,current=82918.295000,candidate=82918.295000,delta=0.000000,digest_match=1
pair,event=instructions,sample=11,first=candidate,current=82918.295000,candidate=82918.295000,delta=0.000000,digest_match=1
pair,event=instructions,sample=12,first=current,current=82918.295000,candidate=82918.295000,delta=0.000000,digest_match=1
pair,event=instructions,sample=13,first=candidate,current=82918.295000,candidate=82918.295000,delta=0.000000,digest_match=1
pair,event=instructions,sample=14,first=current,current=82918.295000,candidate=82918.295000,delta=0.000000,digest_match=1
pair,event=instructions,sample=15,first=candidate,current=82918.295000,candidate=82918.295000,delta=0.000000,digest_match=1
pair,event=instructions,sample=16,first=current,current=82918.295000,candidate=82918.295000,delta=0.000000,digest_match=1
pair,event=instructions,sample=17,first=candidate,current=82918.295000,candidate=82918.295000,delta=0.000000,digest_match=1
pair,event=instructions,sample=18,first=current,current=82918.295000,candidate=82918.295000,delta=0.000000,digest_match=1
pair,event=instructions,sample=19,first=candidate,current=82918.295000,candidate=82918.295000,delta=0.000000,digest_match=1
pair,event=instructions,sample=20,first=current,current=82918.295000,candidate=82918.295000,delta=0.000000,digest_match=1
pair,event=instructions,sample=21,first=candidate,current=82918.295000,candidate=82918.295000,delta=0.000000,digest_match=1
pair,event=instructions,sample=22,first=current,current=82918.295000,candidate=82918.295000,delta=0.000000,digest_match=1
pair,event=instructions,sample=23,first=candidate,current=82918.295000,candidate=82918.295000,delta=0.000000,digest_match=1
pair,event=instructions,sample=24,first=current,current=82918.295000,candidate=82918.295000,delta=0.000000,digest_match=1
pair,event=instructions,sample=25,first=candidate,current=82918.295000,candidate=82918.295000,delta=0.000000,digest_match=1
pair,event=instructions,sample=26,first=current,current=82918.295000,candidate=82918.295000,delta=0.000000,digest_match=1
pair,event=instructions,sample=27,first=candidate,current=82918.295000,candidate=82918.295000,delta=0.000000,digest_match=1
pair,event=instructions,sample=28,first=current,current=82918.295000,candidate=82918.295000,delta=0.000000,digest_match=1
pair,event=instructions,sample=29,first=candidate,current=82918.295000,candidate=82918.295000,delta=0.000000,digest_match=1
pair,event=instructions,sample=30,first=current,current=82918.295000,candidate=82918.295000,delta=0.000000,digest_match=1
summary,event=instructions,current_p50=82918.295000,candidate_p50=82918.295000,delta_p10=0.000000,delta_p50=0.000000,delta_p90=0.000000,mad=0.000000,reduction_percent=-0.0000,wins=1,win_rate=0.0323,samples=31
cpi,current=0.464082,candidate=0.463992
