parameter,component,role,stq2,stq1,stq3,observations,delta_vs_official,ci95_low,ci95_high,favourable_launches
768,add,gt,297.8201388888889,289.3847222222222,307.09791666666666,5760,3.71875,3.08055555555552,4.345138888888869,0/15
768,add,official,294.1013888888889,285.01875,303.2701388888889,5760,,,,
768,add,opt,293.05,285.36875,302.97083333333336,5760,-1.05138888888888,-1.6090277777777828,-0.5666666666666629,13/15
768,baseinv,official,1248.5013888888889,1240.954861111111,1260.375,5760,,,,
768,baseinv,opt,1262.3534722222223,1247.3430555555556,1274.2625,5760,13.85208333333344,12.936805555555566,14.775000000000091,0/15
768,baseinv_j1,gt,1196.4569444444444,1189.0972222222222,1204.4416666666666,5760,,,,
768,basemul,official,725.7875,716.4861111111111,736.76875,5760,,,,
768,basemul,opt,733.1826388888888,723.3319444444444,746.0194444444444,5760,7.395138888888823,6.289583333333326,8.480555555555611,0/15
768,basemul_f0_j1,gt,621.4770833333333,613.9611111111111,627.8666666666667,5760,,,,
768,basemul_general_m,gt,740.6986111111111,725.5395833333333,756.1048611111111,5760,,,,
768,basemul_scale,official,643.625,634.9791666666666,651.4173611111111,5760,,,,
768,basemul_scale,opt,645.2361111111111,638.0409722222222,653.9590277777778,5760,1.6111111111110858,0.6076388888889142,2.538194444444457,3/15
768,basemul_scale_m,gt,642.5861111111111,635.0236111111111,649.5055555555556,5760,,,,
768,cbd1,gt,323.975,317.84930555555553,332.36875,5760,-4.229166666666629,-4.9520833333333485,-3.221527777777794,14/15
768,cbd1,official,328.20416666666665,319.27222222222224,334.61875,5760,,,,
768,cbd1,opt,330.53125,325.4326388888889,336.5861111111111,5760,2.3270833333333485,1.205555555555577,3.8506944444444002,1/15
768,crepmod3,gt,392.3722222222222,389.18125,395.7638888888889,5760,1.5208333333333144,1.0076388888888914,1.9826388888889142,2/15
768,crepmod3,official,390.8513888888889,387.5215277777778,394.5777777777778,5760,,,,
768,crepmod3,opt,392.06388888888887,388.53125,395.82916666666665,5760,1.2124999999999773,0.3520833333333826,1.85486111111112,4/15
768,equal_m_modq,gt,331.87638888888887,325.4506944444444,339.4277777777778,5760,,,,
768,forward,official,953.2708333333334,945.0659722222222,961.8951388888889,5760,,,,
768,forward,opt,850.7201388888889,841.2444444444444,860.4708333333333,5760,-102.5506944444445,-103.98819444444439,-101.27430555555554,15/15
768,forward_m,gt,892.5944444444444,883.1548611111111,903.3784722222222,5760,,,,
768,forward_p,gt,906.6409722222222,896.8173611111112,916.8298611111111,5760,,,,
768,frombytes,official,358.7597222222222,354.0465277777778,365.0861111111111,5760,,,,
768,frombytes,opt,364.39722222222224,359.59513888888887,370.08680555555554,5760,5.6375000000000455,5.029861111111131,6.275694444444412,0/15
768,hash_f,gt,10950.616666666667,10900.676388888889,10992.903472222222,5760,17.77083333333394,5.732638888888687,28.88680555555584,4/15
768,hash_f,official,10932.845833333333,10883.452083333334,10984.122222222222,5760,,,,
768,hash_f,opt,10948.194444444445,10891.84375,10991.534027777778,5760,15.348611111112405,8.889583333333576,21.483333333333576,3/15
768,hash_g,gt,12179.53125,12101.408333333333,12219.991666666667,5760,46.213888888889414,36.24097222222372,55.94027777777774,0/15
768,hash_g,official,12133.31736111111,12061.553472222222,12207.929861111112,5760,,,,
768,hash_g,opt,12151.409722222223,12060.245833333332,12214.7,5760,18.09236111111204,-1.0208333333339397,37.68958333333285,5/15
768,hash_h,gt,2655.567361111111,2639.8444444444444,2671.879861111111,5760,-3.479861111111404,-4.597222222222172,-2.191666666666606,14/15
768,hash_h,official,2659.0472222222224,2645.7875,2673.5604166666667,5760,,,,
768,hash_h,opt,2661.6847222222223,2645.00625,2679.2944444444443,5760,2.637499999999818,0.7118055555556566,4.575694444444707,4/15
768,inverse,official,961.9729166666667,954.1048611111111,970.4402777777777,5760,,,,
768,inverse,opt,969.1111111111111,961.7027777777778,976.7104166666667,5760,7.138194444444366,6.04444444444448,8.362499999999955,0/15
768,inverse_m,gt,968.6069444444445,957.9951388888888,981.0604166666667,5760,,,,
768,kem_dec,gt,19367.12777777778,19252.381944444445,19459.522222222222,5760,-128.23263888888687,-168.84791666666933,-77.85416666666788,13/15
768,kem_dec,official,19495.360416666666,19369.10625,19593.777777777777,5760,,,,
768,kem_dec,opt,19333.8875,19255.20138888889,19401.0625,5760,-161.4729166666657,-179.75763888888832,-144.35347222222117,15/15
768,kem_enc,gt,28620.889583333334,28496.590277777777,28719.609027777777,5760,178.3888888888905,138.01874999999927,227.16041666666933,0/15
768,kem_enc,official,28442.500694444443,28249.999305555557,28651.905555555557,5760,,,,
768,kem_enc,opt,28373.015277777777,28257.82361111111,28456.085416666665,5760,-69.48541666666642,-97.94305555555547,-43.42013888888687,15/15
768,kem_keypair,gt,21331.984027777777,21219.814583333333,21437.078472222223,5760,-277.1930555555555,-307.4375,-235.2548611111124,15/15
768,kem_keypair,official,21609.177083333332,21510.155555555557,21727.222222222223,5760,,,,
768,kem_keypair,opt,21383.86111111111,21290.799305555556,21482.151388888888,5760,-225.31597222222263,-242.56458333333285,-211.70208333333358,15/15
768,pack_m_centered,gt,416.22430555555553,410.8576388888889,422.65277777777777,5760,,,,
768,pack_m_highrange,gt,477.19930555555555,471.1125,483.575,5760,,,,
768,pack_m_lazy,gt,473.24375,467.5548611111111,479.02569444444447,5760,,,,
768,pack_p_sp1_lazy,gt,456.98819444444445,450.7659722222222,465.3951388888889,5760,,,,
768,shake256_coins,gt,2598.6125,2579.8298611111113,2616.8465277777777,5760,-10.461805555555202,-12.053472222221899,-8.892361111111313,15/15
768,shake256_coins,official,2609.0743055555554,2595.942361111111,2623.420833333333,5760,,,,
768,shake256_coins,opt,2606.99375,2589.3729166666667,2623.7159722222223,5760,-2.080555555555293,-3.6236111111111313,-0.48055555555538376,11/15
768,sotp_decode,gt,372.34791666666666,363.75902777777776,380.2923611111111,5760,0.19583333333332575,-0.8347222222221831,1.3229166666666856,9/15
768,sotp_decode,official,372.15208333333334,362.3020833333333,380.56180555555557,5760,,,,
768,sotp_decode,opt,372.44097222222223,363.98541666666665,380.5486111111111,5760,0.2888888888888914,-0.7395833333333144,1.2666666666667084,4/15
768,sotp_encode,gt,330.34444444444443,325.4013888888889,339.27986111111113,5760,-6.2534722222222285,-6.976388888888891,-5.695138888888891,15/15
768,sotp_encode,official,336.59791666666666,329.05694444444447,344.0236111111111,5760,,,,
768,sotp_encode,opt,328.81388888888887,322.09791666666666,336.6736111111111,5760,-7.784027777777794,-8.529861111111131,-7.070833333333326,15/15
768,sub,gt,289.96875,281.4236111111111,299.3965277777778,5760,-1.2645833333333485,-1.9902777777777487,-0.6180555555555429,13/15
768,sub,official,291.23333333333335,282.94305555555553,300.5826388888889,5760,,,,
768,sub,opt,294.96875,287.1,304.55833333333334,5760,3.7354166666666515,3.0395833333333258,4.404166666666697,0/15
768,tobytes,official,424.90763888888887,421.2597222222222,430.575,5760,,,,
768,tobytes,opt,410.6041666666667,406.43402777777777,416.1423611111111,5760,-14.303472222222183,-14.993749999999977,-13.481944444444423,15/15
768,triple,gt,241.25069444444443,234.64513888888888,247.1923611111111,5760,-4.377083333333331,-5.827777777777754,-3.0986111111111256,15/15
768,triple,official,245.62777777777777,235.4465277777778,255.60486111111112,5760,,,,
768,triple,opt,235.02569444444444,226.8076388888889,242.3625,5760,-10.602083333333326,-13.059027777777771,-8.570138888888891,15/15
768,unpack3_m,gt,802.4097222222222,791.4604166666667,810.0395833333333,5760,,,,
768,unpack_m,gt,404.5888888888889,395.60555555555555,412.0409722222222,5760,,,,
864,add,official,299.7888888888889,291.37847222222223,309.0416666666667,5760,,,,
864,add,opt,296.94305555555553,289.03680555555553,305.35069444444446,5760,-2.84583333333336,-5.084027777777806,-1.5034722222222285,15/15
864,baseinv,official,1182.3430555555556,1172.3152777777777,1194.2604166666667,5760,,,,
864,baseinv,opt,1181.8826388888888,1172.420138888889,1194.975,5760,-0.46041666666678793,-2.4562499999999545,1.4583333333332575,8/15
864,basemul,official,676.9861111111111,669.6368055555556,684.0409722222222,5760,,,,
864,basemul,opt,677.6923611111112,669.2847222222222,685.9798611111111,5760,0.7062500000000682,-0.3458333333334167,1.8743055555555657,4/15
864,basemul_scale,official,580.55625,574.3215277777778,586.1847222222223,5760,,,,
864,basemul_scale,opt,571.7388888888889,566.2430555555555,579.28125,5760,-8.81736111111104,-9.734722222222217,-7.8250000000000455,15/15
864,cbd1,official,364.72013888888887,356.6034722222222,372.0423611111111,5760,,,,
864,cbd1,opt,370.6423611111111,364.4555555555556,380.4472222222222,5760,5.922222222222217,4.9965277777777715,6.925694444444446,0/15
864,crepmod3,official,413.43333333333334,409.72222222222223,417.9201388888889,5760,,,,
864,crepmod3,opt,419.55347222222224,415.32152777777776,424.07916666666665,5760,6.120138888888903,4.674305555555577,7.161805555555588,1/15
864,forward,official,1093.798611111111,1082.5208333333333,1104.9097222222222,5760,,,,
864,forward,opt,1003.0465277777778,993.55625,1013.4701388888889,5760,-90.7520833333333,-92.038888888889,-89.2993055555554,15/15
864,frombytes,official,671.1486111111111,658.7680555555555,684.4048611111111,5760,,,,
864,frombytes,opt,395.4145833333333,387.71458333333334,404.4486111111111,5760,-275.7340277777778,-277.1715277777778,-274.1881944444445,15/15
864,hash_f,official,12148.619444444445,12086.12013888889,12198.277777777777,5760,,,,
864,hash_f,opt,12142.711111111112,12079.211111111112,12195.68611111111,5760,-5.908333333332848,-15.231944444445617,2.006944444443434,8/15
864,hash_g,official,13374.09375,13273.118055555555,13430.074305555556,5760,,,,
864,hash_g,opt,13313.05763888889,13236.877777777778,13413.189583333333,5760,-61.036111111110586,-79.90902777777774,-34.21527777777919,12/15
864,hash_h,official,3823.21875,3803.797916666667,3842.141666666667,5760,,,,
864,hash_h,opt,3843.2708333333335,3822.3347222222224,3863.575,5760,20.052083333333485,16.71736111111113,25.689583333333303,0/15
864,inverse,official,1153.4402777777777,1143.0708333333334,1164.2840277777777,5760,,,,
864,inverse,opt,1145.8861111111112,1136.673611111111,1155.0416666666667,5760,-7.554166666666561,-8.552083333333258,-6.5437500000000455,15/15
864,kem_dec,official,23867.18125,23718.504861111112,23971.57638888889,5760,,,,
864,kem_dec,opt,22329.304166666665,22204.390277777777,22481.36388888889,5760,-1537.8770833333365,-1552.2513888888898,-1516.9256944444423,15/15
864,kem_enc,official,33285.4375,33079.845138888886,33427.87013888889,5760,,,,
864,kem_enc,opt,32241.083333333332,32087.352083333335,32435.057638888888,5760,-1044.3541666666679,-1068.627777777776,-1015.8215277777745,15/15
864,kem_keypair,official,23835.071527777778,23754.65625,23908.80138888889,5760,,,,
864,kem_keypair,opt,22931.35347222222,22847.10486111111,23005.602083333335,5760,-903.7180555555569,-911.7569444444453,-893.4763888888883,15/15
864,shake256_coins,official,2613.476388888889,2599.6694444444443,2627.73125,5760,,,,
864,shake256_coins,opt,2606.7555555555555,2589.654861111111,2625.6090277777776,5760,-6.720833333333303,-9.777083333333394,-2.192361111111495,14/15
864,sotp_decode,official,437.5597222222222,429.6486111111111,443.88055555555553,5760,,,,
864,sotp_decode,opt,428.0083333333333,418.9659722222222,436.125,5760,-9.55138888888888,-11.002777777777794,-8.244444444444412,15/15
864,sotp_encode,official,378.03125,372.0576388888889,389.5444444444444,5760,,,,
864,sotp_encode,opt,376.0861111111111,369.5541666666667,386.1145833333333,5760,-1.9451388888888914,-4.612500000000011,-0.6479166666666742,14/15
864,sub,official,301.5284722222222,292.7993055555556,309.50694444444446,5760,,,,
864,sub,opt,301.20625,293.1423611111111,309.30625,5760,-0.32222222222219443,-1.1798611111111086,0.5048611111111541,9/15
864,tobytes,official,692.1548611111111,685.3263888888889,701.9361111111111,5760,,,,
864,tobytes,opt,438.94375,433.5513888888889,446.84791666666666,5760,-253.2111111111111,-253.91180555555553,-252.54166666666674,15/15
864,triple,official,243.46458333333334,236.8048611111111,256.34444444444443,5760,,,,
864,triple,opt,242.8736111111111,236.73263888888889,253.96597222222223,5760,-0.5909722222222342,-2.5416666666666856,1.7138888888889028,10/15
1152,add,gt,355.71527777777777,340.05,369.76944444444445,5760,-2.14722222222224,-3.298611111111086,-1.1618055555555316,12/15
1152,add,official,357.8625,341.78194444444443,370.95416666666665,5760,,,,
1152,add,opt,358.00555555555553,341.6173611111111,372.68125,5760,0.1430555555555202,-1.0388888888888914,1.393055555555577,7/15
1152,baseinv,gt,1601.0333333333333,1587.7395833333333,1614.2798611111111,5760,-7.171527777777783,-8.159027777777737,-6.034027777777737,15/15
1152,baseinv,official,1608.204861111111,1595.6125,1620.1465277777777,5760,,,,
1152,baseinv,opt,1605.0284722222223,1592.4118055555555,1616.9534722222222,5760,-3.176388888888823,-4.038888888889005,-2.263888888888914,14/15
1152,basemul,gt,993.35625,983.59375,1006.7826388888889,5760,-2.047222222222217,-3.3784722222221717,-0.693749999999909,12/15
1152,basemul,official,995.4034722222223,985.2375,1008.8909722222222,5760,,,,
1152,basemul,opt,995.5819444444444,985.6479166666667,1008.3868055555556,5760,0.17847222222212622,-1.2076388888888232,1.5152777777777828,6/15
1152,basemul_scale,gt,858.9055555555556,851.4291666666667,869.3361111111111,5760,0.8444444444444343,-0.22569444444445708,1.8402777777778283,5/15
1152,basemul_scale,official,858.0611111111111,849.5180555555555,869.1597222222222,5760,,,,
1152,basemul_scale,opt,868.1861111111111,859.8333333333334,879.1131944444444,5760,10.125,9.113194444444503,11.109722222222217,0/15
1152,cbd1,gt,424.52430555555554,416.09791666666666,430.8486111111111,5760,1.7826388888888687,1.1847222222222058,2.408333333333303,0/15
1152,cbd1,official,422.7416666666667,415.71736111111113,428.84375,5760,,,,
1152,cbd1,opt,415.94444444444446,407.52777777777777,423.8597222222222,5760,-6.797222222222217,-8.038194444444457,-5.63402777777776,15/15
1152,crepmod3,gt,489.1326388888889,484.71180555555554,493.3798611111111,5760,-4.72777777777776,-5.08263888888888,-4.347916666666663,15/15
1152,crepmod3,official,493.86041666666665,489.0395833333333,498.35833333333335,5760,,,,
1152,crepmod3,opt,489.46944444444443,484.4458333333333,494.4291666666667,5760,-4.390972222222217,-4.924305555555577,-3.815277777777794,15/15
1152,forward,gt,1389.7902777777779,1377.3083333333334,1402.454861111111,5760,1.210416666666788,-0.05763888888895963,2.466666666666697,5/15
1152,forward,official,1388.579861111111,1376.2479166666667,1401.5993055555555,5760,,,,
1152,forward,opt,1253.8104166666667,1240.6048611111112,1267.2381944444444,5760,-134.7694444444444,-136.0194444444444,-133.49930555555557,15/15
1152,frombytes,gt,441.56805555555553,435.46319444444447,449.89444444444445,5760,4.250694444444434,3.45763888888888,5.163888888888891,0/15
1152,frombytes,official,437.3173611111111,431.14375,445.25138888888887,5760,,,,
1152,frombytes,opt,445.5083333333333,439.0965277777778,453.7965277777778,5760,8.190972222222229,7.410416666666663,9.007638888888891,0/15
1152,gt_forward,gt,1492.2805555555556,1479.9465277777779,1505.9145833333334,5760,,,,
1152,h4_exact_egress,gt,1993.611111111111,1981.1090277777778,2005.4166666666667,5760,,,,
1152,hash_f,gt,15662.945833333333,15599.054166666667,15738.034722222223,5760,-73.0805555555562,-82.5895833333343,-60.963888888889414,15/15
1152,hash_f,official,15736.02638888889,15663.489583333334,15789.531944444445,5760,,,,
1152,hash_f,opt,15712.214583333332,15634.747222222222,15781.113194444444,5760,-23.81180555555693,-32.84513888888978,-14.58263888888905,15/15
1152,hash_g,gt,18001.175,17940.10347222222,18106.516666666666,5760,-141.52638888889123,-151.80902777777737,-128.51527777778028,15/15
1152,hash_g,official,18142.70138888889,18021.505555555555,18202.58402777778,5760,,,,
1152,hash_g,opt,18117.745833333334,18036.530555555557,18195.911111111112,5760,-24.955555555556202,-39.359027777776646,-11.152083333334303,11/15
1152,hash_h,gt,4969.458333333333,4930.3180555555555,5002.2763888888885,5760,-23.424305555556202,-27.868749999999636,-19.318055555555475,15/15
1152,hash_h,official,4992.882638888889,4964.448611111111,5021.245833333333,5760,,,,
1152,hash_h,opt,5002.496527777777,4970.447916666667,5032.1,5760,9.613888888888141,6.84305555555602,12.237500000000182,0/15
1152,inverse,gt,1409.7854166666666,1400.236111111111,1419.2388888888888,5760,-15.929861111111222,-16.888888888888914,-15.005555555555475,15/15
1152,inverse,official,1425.7152777777778,1415.425,1435.7208333333333,5760,,,,
1152,inverse,opt,1419.0875,1407.1159722222221,1431.3083333333334,5760,-6.627777777777737,-7.640277777777783,-5.524305555555429,15/15
1152,kem_dec,gt,30446.756944444445,30352.713888888888,30602.442361111112,5760,-156.92152777777665,-174.54861111111313,-133.99583333333067,15/15
1152,kem_dec,official,30603.678472222222,30508.602083333335,30689.047222222223,5760,,,,
1152,kem_dec,opt,30217.613194444446,30078.776388888888,30354.005555555555,5760,-386.0652777777759,-414.1576388888898,-357.28402777777956,15/15
1152,kem_enc,gt,43996.82152777778,43835.38263888889,44172.57361111111,5760,764.8173611111124,719.6770833333358,812.7416666666686,0/15
1152,kem_enc,official,43232.004166666666,43051.236805555556,43410.50277777778,5760,,,,
1152,kem_enc,opt,42967.254166666666,42778.256944444445,43127.28680555556,5760,-264.75,-314.37777777777956,-226.72986111111095,15/15
1152,kem_keypair,gt,34630.222916666666,31490.894444444446,40744.59305555555,5760,39.390277777776646,12.74027777777519,63.888888888890506,3/15
1152,kem_keypair,official,34590.83263888889,31444.06527777778,40661.47361111111,5760,,,,
1152,kem_keypair,opt,34222.59861111111,31164.234027777777,40209.37777777778,5760,-368.23402777777665,-397.0409722222248,-337.5895833333343,15/15
1152,serializer_v2,gt,701.9777777777778,691.8256944444445,712.4888888888889,5760,,,,
1152,serializer_v2_hash_g,gt,18336.995138888888,18249.000694444443,18526.302083333332,5760,,,,
1152,shake256_coins,gt,3764.7479166666667,3742.7604166666665,3788.225,5760,-6.829166666666424,-8.379861111111495,-5.074305555555384,14/15
1152,shake256_coins,official,3771.577083333333,3750.9659722222223,3792.754861111111,5760,,,,
1152,shake256_coins,opt,3776.4534722222224,3756.1590277777777,3798.0180555555557,5760,4.876388888889323,2.54166666666697,6.931249999999636,2/15
1152,sotp_decode,gt,499.41319444444446,492.1534722222222,507.1097222222222,5760,3.4340277777777715,2.4791666666666856,4.4375,0/15
1152,sotp_decode,official,495.9791666666667,487.6979166666667,505.30069444444445,5760,,,,
1152,sotp_decode,opt,493.9201388888889,486.8902777777778,502.10555555555555,5760,-2.0590277777777715,-2.7375000000000114,-1.4875000000000114,15/15
1152,sotp_encode,gt,419.72222222222223,410.1409722222222,430.0736111111111,5760,-2.43541666666664,-3.6729166666666515,-0.966666666666697,12/15
1152,sotp_encode,official,422.15763888888887,412.7875,430.99583333333334,5760,,,,
1152,sotp_encode,opt,424.0284722222222,414.48055555555555,432.74444444444447,5760,1.8708333333333371,0.7104166666666742,3.0208333333333712,2/15
1152,sub,gt,354.5388888888889,339.37291666666664,367.6486111111111,5760,1.6097222222222172,0.9951388888889028,2.28125,2/15
1152,sub,official,352.9291666666667,337.56111111111113,366.2888888888889,5760,,,,
1152,sub,opt,358.28125,342.5263888888889,372.28819444444446,5760,5.352083333333326,4.679166666666674,6.08472222222224,0/15
1152,tobytes,gt,543.1444444444444,537.9798611111111,550.8284722222222,5760,2.019444444444389,1.345833333333303,2.824999999999932,0/15
1152,tobytes,official,541.125,536.0055555555556,549.8104166666667,5760,,,,
1152,tobytes,opt,519.0368055555556,513.5805555555555,526.6701388888889,5760,-22.08819444444441,-22.537500000000023,-21.564583333333303,15/15
1152,triple,gt,285.62291666666664,279.33958333333334,291.3923611111111,5760,-2.609722222222274,-3.69861111111112,-1.6243055555555657,13/15
1152,triple,official,288.2326388888889,281.5111111111111,294.8875,5760,,,,
1152,triple,opt,284.36041666666665,278.4736111111111,289.9090277777778,5760,-3.8722222222222626,-4.691666666666663,-3.0409722222221944,15/15
