input_crt_n3,input_crt_n32,gt_in_index,output_k3,dft_twiddle_exp,dft_twiddle_mont,dft_twiddle_normal
0,0,0,0,0,-147,1
0,0,0,1,0,-147,1
0,0,0,2,0,-147,1
1,0,64,0,0,-147,1
1,0,64,1,1,-886,2734
1,0,64,2,2,1033,722
2,0,32,0,0,-147,1
2,0,32,1,2,1033,722
2,0,32,2,1,-886,2734
0,1,33,0,0,-147,1
0,1,33,1,0,-147,1
0,1,33,2,0,-147,1
1,1,1,0,0,-147,1
1,1,1,1,1,-886,2734
1,1,1,2,2,1033,722
2,1,65,0,0,-147,1
2,1,65,1,2,1033,722
2,1,65,2,1,-886,2734
0,2,66,0,0,-147,1
0,2,66,1,0,-147,1
0,2,66,2,0,-147,1
1,2,34,0,0,-147,1
1,2,34,1,1,-886,2734
1,2,34,2,2,1033,722
2,2,2,0,0,-147,1
2,2,2,1,2,1033,722
2,2,2,2,1,-886,2734
0,3,3,0,0,-147,1
0,3,3,1,0,-147,1
0,3,3,2,0,-147,1
1,3,67,0,0,-147,1
1,3,67,1,1,-886,2734
1,3,67,2,2,1033,722
2,3,35,0,0,-147,1
2,3,35,1,2,1033,722
2,3,35,2,1,-886,2734
0,4,36,0,0,-147,1
0,4,36,1,0,-147,1
0,4,36,2,0,-147,1
1,4,4,0,0,-147,1
1,4,4,1,1,-886,2734
1,4,4,2,2,1033,722
2,4,68,0,0,-147,1
2,4,68,1,2,1033,722
2,4,68,2,1,-886,2734
0,5,69,0,0,-147,1
0,5,69,1,0,-147,1
0,5,69,2,0,-147,1
1,5,37,0,0,-147,1
1,5,37,1,1,-886,2734
1,5,37,2,2,1033,722
2,5,5,0,0,-147,1
2,5,5,1,2,1033,722
2,5,5,2,1,-886,2734
0,6,6,0,0,-147,1
0,6,6,1,0,-147,1
0,6,6,2,0,-147,1
1,6,70,0,0,-147,1
1,6,70,1,1,-886,2734
1,6,70,2,2,1033,722
2,6,38,0,0,-147,1
2,6,38,1,2,1033,722
2,6,38,2,1,-886,2734
0,7,39,0,0,-147,1
0,7,39,1,0,-147,1
0,7,39,2,0,-147,1
1,7,7,0,0,-147,1
1,7,7,1,1,-886,2734
1,7,7,2,2,1033,722
2,7,71,0,0,-147,1
2,7,71,1,2,1033,722
2,7,71,2,1,-886,2734
0,8,72,0,0,-147,1
0,8,72,1,0,-147,1
0,8,72,2,0,-147,1
1,8,40,0,0,-147,1
1,8,40,1,1,-886,2734
1,8,40,2,2,1033,722
2,8,8,0,0,-147,1
2,8,8,1,2,1033,722
2,8,8,2,1,-886,2734
0,9,9,0,0,-147,1
0,9,9,1,0,-147,1
0,9,9,2,0,-147,1
1,9,73,0,0,-147,1
1,9,73,1,1,-886,2734
1,9,73,2,2,1033,722
2,9,41,0,0,-147,1
2,9,41,1,2,1033,722
2,9,41,2,1,-886,2734
0,10,42,0,0,-147,1
0,10,42,1,0,-147,1
0,10,42,2,0,-147,1
1,10,10,0,0,-147,1
1,10,10,1,1,-886,2734
1,10,10,2,2,1033,722
2,10,74,0,0,-147,1
2,10,74,1,2,1033,722
2,10,74,2,1,-886,2734
0,11,75,0,0,-147,1
0,11,75,1,0,-147,1
0,11,75,2,0,-147,1
1,11,43,0,0,-147,1
1,11,43,1,1,-886,2734
1,11,43,2,2,1033,722
2,11,11,0,0,-147,1
2,11,11,1,2,1033,722
2,11,11,2,1,-886,2734
0,12,12,0,0,-147,1
0,12,12,1,0,-147,1
0,12,12,2,0,-147,1
1,12,76,0,0,-147,1
1,12,76,1,1,-886,2734
1,12,76,2,2,1033,722
2,12,44,0,0,-147,1
2,12,44,1,2,1033,722
2,12,44,2,1,-886,2734
0,13,45,0,0,-147,1
0,13,45,1,0,-147,1
0,13,45,2,0,-147,1
1,13,13,0,0,-147,1
1,13,13,1,1,-886,2734
1,13,13,2,2,1033,722
2,13,77,0,0,-147,1
2,13,77,1,2,1033,722
2,13,77,2,1,-886,2734
0,14,78,0,0,-147,1
0,14,78,1,0,-147,1
0,14,78,2,0,-147,1
1,14,46,0,0,-147,1
1,14,46,1,1,-886,2734
1,14,46,2,2,1033,722
2,14,14,0,0,-147,1
2,14,14,1,2,1033,722
2,14,14,2,1,-886,2734
0,15,15,0,0,-147,1
0,15,15,1,0,-147,1
0,15,15,2,0,-147,1
1,15,79,0,0,-147,1
1,15,79,1,1,-886,2734
1,15,79,2,2,1033,722
2,15,47,0,0,-147,1
2,15,47,1,2,1033,722
2,15,47,2,1,-886,2734
0,16,48,0,0,-147,1
0,16,48,1,0,-147,1
0,16,48,2,0,-147,1
1,16,16,0,0,-147,1
1,16,16,1,1,-886,2734
1,16,16,2,2,1033,722
2,16,80,0,0,-147,1
2,16,80,1,2,1033,722
2,16,80,2,1,-886,2734
0,17,81,0,0,-147,1
0,17,81,1,0,-147,1
0,17,81,2,0,-147,1
1,17,49,0,0,-147,1
1,17,49,1,1,-886,2734
1,17,49,2,2,1033,722
2,17,17,0,0,-147,1
2,17,17,1,2,1033,722
2,17,17,2,1,-886,2734
0,18,18,0,0,-147,1
0,18,18,1,0,-147,1
0,18,18,2,0,-147,1
1,18,82,0,0,-147,1
1,18,82,1,1,-886,2734
1,18,82,2,2,1033,722
2,18,50,0,0,-147,1
2,18,50,1,2,1033,722
2,18,50,2,1,-886,2734
0,19,51,0,0,-147,1
0,19,51,1,0,-147,1
0,19,51,2,0,-147,1
1,19,19,0,0,-147,1
1,19,19,1,1,-886,2734
1,19,19,2,2,1033,722
2,19,83,0,0,-147,1
2,19,83,1,2,1033,722
2,19,83,2,1,-886,2734
0,20,84,0,0,-147,1
0,20,84,1,0,-147,1
0,20,84,2,0,-147,1
1,20,52,0,0,-147,1
1,20,52,1,1,-886,2734
1,20,52,2,2,1033,722
2,20,20,0,0,-147,1
2,20,20,1,2,1033,722
2,20,20,2,1,-886,2734
0,21,21,0,0,-147,1
0,21,21,1,0,-147,1
0,21,21,2,0,-147,1
1,21,85,0,0,-147,1
1,21,85,1,1,-886,2734
1,21,85,2,2,1033,722
2,21,53,0,0,-147,1
2,21,53,1,2,1033,722
2,21,53,2,1,-886,2734
0,22,54,0,0,-147,1
0,22,54,1,0,-147,1
0,22,54,2,0,-147,1
1,22,22,0,0,-147,1
1,22,22,1,1,-886,2734
1,22,22,2,2,1033,722
2,22,86,0,0,-147,1
2,22,86,1,2,1033,722
2,22,86,2,1,-886,2734
0,23,87,0,0,-147,1
0,23,87,1,0,-147,1
0,23,87,2,0,-147,1
1,23,55,0,0,-147,1
1,23,55,1,1,-886,2734
1,23,55,2,2,1033,722
2,23,23,0,0,-147,1
2,23,23,1,2,1033,722
2,23,23,2,1,-886,2734
0,24,24,0,0,-147,1
0,24,24,1,0,-147,1
0,24,24,2,0,-147,1
1,24,88,0,0,-147,1
1,24,88,1,1,-886,2734
1,24,88,2,2,1033,722
2,24,56,0,0,-147,1
2,24,56,1,2,1033,722
2,24,56,2,1,-886,2734
0,25,57,0,0,-147,1
0,25,57,1,0,-147,1
0,25,57,2,0,-147,1
1,25,25,0,0,-147,1
1,25,25,1,1,-886,2734
1,25,25,2,2,1033,722
2,25,89,0,0,-147,1
2,25,89,1,2,1033,722
2,25,89,2,1,-886,2734
0,26,90,0,0,-147,1
0,26,90,1,0,-147,1
0,26,90,2,0,-147,1
1,26,58,0,0,-147,1
1,26,58,1,1,-886,2734
1,26,58,2,2,1033,722
2,26,26,0,0,-147,1
2,26,26,1,2,1033,722
2,26,26,2,1,-886,2734
0,27,27,0,0,-147,1
0,27,27,1,0,-147,1
0,27,27,2,0,-147,1
1,27,91,0,0,-147,1
1,27,91,1,1,-886,2734
1,27,91,2,2,1033,722
2,27,59,0,0,-147,1
2,27,59,1,2,1033,722
2,27,59,2,1,-886,2734
0,28,60,0,0,-147,1
0,28,60,1,0,-147,1
0,28,60,2,0,-147,1
1,28,28,0,0,-147,1
1,28,28,1,1,-886,2734
1,28,28,2,2,1033,722
2,28,92,0,0,-147,1
2,28,92,1,2,1033,722
2,28,92,2,1,-886,2734
0,29,93,0,0,-147,1
0,29,93,1,0,-147,1
0,29,93,2,0,-147,1
1,29,61,0,0,-147,1
1,29,61,1,1,-886,2734
1,29,61,2,2,1033,722
2,29,29,0,0,-147,1
2,29,29,1,2,1033,722
2,29,29,2,1,-886,2734
0,30,30,0,0,-147,1
0,30,30,1,0,-147,1
0,30,30,2,0,-147,1
1,30,94,0,0,-147,1
1,30,94,1,1,-886,2734
1,30,94,2,2,1033,722
2,30,62,0,0,-147,1
2,30,62,1,2,1033,722
2,30,62,2,1,-886,2734
0,31,63,0,0,-147,1
0,31,63,1,0,-147,1
0,31,63,2,0,-147,1
1,31,31,0,0,-147,1
1,31,31,1,1,-886,2734
1,31,31,2,2,1033,722
2,31,95,0,0,-147,1
2,31,95,1,2,1033,722
2,31,95,2,1,-886,2734
