group,half,n32,store_col,dft3_input,source_n3,packed_register,packed_name,twisted_name,block_k,source_positions,value_vector,branch0_twist_mont,branch1_twist_mont,branch0_twist_asm_multiplier,branch1_twist_asm_multiplier,branch0_twist_precompute,branch1_twist_precompute,twist_vector_normal,twist_vector_precompute,twist_operation,st3_register_order,next_ld3_result,notes
0,0,0,0,x0,0,v22,P0,PT0,0,a0|a1|a2|a3|a384|a385|a386|a387,B0[0]|B0[1]|B0[2]|B0[3]|B1[0]|B1[1]|B1[2]|B1[3],-147,-147,1,1,9,9,1|1|1|1|1|1|1|1,9|9|9|9|9|9|9|9,PT0=fqmul(P0,TW0),st3_{v22.8h|v30.8h|v26.8h}_[dst_g0_h0_col0],ld3_returns_x0=v22_x1=v30_x2=v26,blockpair_shape_after_zip;TW=[tw0x4|tw1x4];TP=[pre0x4|pre1x4]
0,0,0,0,x1,1,v30,P64,PT64,64,a256|a257|a258|a259|a640|a641|a642|a643,B0[256]|B0[257]|B0[258]|B0[259]|B1[256]|B1[257]|B1[258]|B1[259],-248,1265,-257,1520,-2436,14408,-257|-257|-257|-257|1520|1520|1520|1520,-2436|-2436|-2436|-2436|14408|14408|14408|14408,PT64=fqmul(P64,TW64),st3_{v22.8h|v30.8h|v26.8h}_[dst_g0_h0_col0],ld3_returns_x0=v22_x1=v30_x2=v26,blockpair_shape_after_zip;TW=[tw0x4|tw1x4];TP=[pre0x4|pre1x4]
0,0,0,0,x2,2,v26,P32,PT32,32,a128|a129|a130|a131|a512|a513|a514|a515,B0[128]|B0[129]|B0[130]|B0[131]|B1[128]|B1[129]|B1[130]|B1[131],-682,460,-1571,867,-14891,8218,-1571|-1571|-1571|-1571|867|867|867|867,-14891|-14891|-14891|-14891|8218|8218|8218|8218,PT32=fqmul(P32,TW32),st3_{v22.8h|v30.8h|v26.8h}_[dst_g0_h0_col0],ld3_returns_x0=v22_x1=v30_x2=v26,blockpair_shape_after_zip;TW=[tw0x4|tw1x4];TP=[pre0x4|pre1x4]
0,0,1,1,x0,0,v27,P33,PT33,33,a132|a133|a134|a135|a516|a517|a518|a519,B0[132]|B0[133]|B0[134]|B0[135]|B1[132]|B1[133]|B1[134]|B1[135],-341,1278,943,-432,8938,-4095,943|943|943|943|-432|-432|-432|-432,8938|8938|8938|8938|-4095|-4095|-4095|-4095,PT33=fqmul(P33,TW33),st3_{v27.8h|v23.8h|v31.8h}_[dst_g0_h0_col1],ld3_returns_x0=v27_x1=v23_x2=v31,blockpair_shape_after_zip;TW=[tw0x4|tw1x4];TP=[pre0x4|pre1x4]
0,0,1,1,x1,1,v23,P1,PT1,1,a4|a5|a6|a7|a388|a389|a390|a391,B0[4]|B0[5]|B0[6]|B0[7]|B1[4]|B1[5]|B1[6]|B1[7],1655,779,-1728,1100,-16379,10427,-1728|-1728|-1728|-1728|1100|1100|1100|1100,-16379|-16379|-16379|-16379|10427|10427|10427|10427,PT1=fqmul(P1,TW1),st3_{v27.8h|v23.8h|v31.8h}_[dst_g0_h0_col1],ld3_returns_x0=v27_x1=v23_x2=v31,blockpair_shape_after_zip;TW=[tw0x4|tw1x4];TP=[pre0x4|pre1x4]
0,0,1,1,x2,2,v31,P65,PT65,65,a260|a261|a262|a263|a644|a645|a646|a647,B0[260]|B0[261]|B0[262]|B0[263]|B1[260]|B1[261]|B1[262]|B1[263],-124,-1671,1600,-1188,15166,-11261,1600|1600|1600|1600|-1188|-1188|-1188|-1188,15166|15166|15166|15166|-11261|-11261|-11261|-11261,PT65=fqmul(P65,TW65),st3_{v27.8h|v23.8h|v31.8h}_[dst_g0_h0_col1],ld3_returns_x0=v27_x1=v23_x2=v31,blockpair_shape_after_zip;TW=[tw0x4|tw1x4];TP=[pre0x4|pre1x4]
0,0,2,2,x0,0,v4,P66,PT66,66,a264|a265|a266|a267|a648|a649|a650|a651,B0[264]|B0[265]|B0[266]|B0[267]|B1[264]|B1[265]|B1[266]|B1[267],-62,1024,800,-54,7583,-512,800|800|800|800|-54|-54|-54|-54,7583|7583|7583|7583|-512|-512|-512|-512,PT66=fqmul(P66,TW66),st3_{v4.8h|v28.8h|v24.8h}_[dst_g0_h0_col2],ld3_returns_x0=v4_x1=v28_x2=v24,blockpair_shape_after_zip;TW=[tw0x4|tw1x4];TP=[pre0x4|pre1x4]
0,0,2,2,x1,1,v28,P34,PT34,34,a136|a137|a138|a139|a520|a521|a522|a523,B0[136]|B0[137]|B0[138]|B0[139]|B1[136]|B1[137]|B1[138]|B1[139],1558,-1199,-1257,-1591,-11915,-15081,-1257|-1257|-1257|-1257|-1591|-1591|-1591|-1591,-11915|-11915|-11915|-11915|-15081|-15081|-15081|-15081,PT34=fqmul(P34,TW34),st3_{v4.8h|v28.8h|v24.8h}_[dst_g0_h0_col2],ld3_returns_x0=v4_x1=v28_x2=v24,blockpair_shape_after_zip;TW=[tw0x4|tw1x4];TP=[pre0x4|pre1x4]
0,0,2,2,x2,2,v24,P2,PT2,2,a8|a9|a10|a11|a392|a393|a394|a395,B0[8]|B0[9]|B0[10]|B0[11]|B1[8]|B1[9]|B1[10]|B1[11],-901,-436,-864,50,-8190,474,-864|-864|-864|-864|50|50|50|50,-8190|-8190|-8190|-8190|474|474|474|474,PT2=fqmul(P2,TW2),st3_{v4.8h|v28.8h|v24.8h}_[dst_g0_h0_col2],ld3_returns_x0=v4_x1=v28_x2=v24,blockpair_shape_after_zip;TW=[tw0x4|tw1x4];TP=[pre0x4|pre1x4]
0,0,3,3,x0,0,v25,P3,PT3,3,a12|a13|a14|a15|a396|a397|a398|a399,B0[12]|B0[13]|B0[14]|B0[15]|B1[12]|B1[13]|B1[14]|B1[15],1278,923,-432,-312,-4095,-2957,-432|-432|-432|-432|-312|-312|-312|-312,-4095|-4095|-4095|-4095|-2957|-2957|-2957|-2957,PT3=fqmul(P3,TW3),st3_{v25.8h|v5.8h|v29.8h}_[dst_g0_h0_col3],ld3_returns_x0=v25_x1=v5_x2=v29,blockpair_shape_after_zip;TW=[tw0x4|tw1x4];TP=[pre0x4|pre1x4]
0,0,3,3,x1,1,v5,P67,PT67,67,a268|a269|a270|a271|a652|a653|a654|a655,B0[268]|B0[269]|B0[270]|B0[271]|B1[268]|B1[269]|B1[270]|B1[271],-31,-582,400,-631,3791,-5981,400|400|400|400|-631|-631|-631|-631,3791|3791|3791|3791|-5981|-5981|-5981|-5981,PT67=fqmul(P67,TW67),st3_{v25.8h|v5.8h|v29.8h}_[dst_g0_h0_col3],ld3_returns_x0=v25_x1=v5_x2=v29,blockpair_shape_after_zip;TW=[tw0x4|tw1x4];TP=[pre0x4|pre1x4]
0,0,3,3,x2,2,v29,P35,PT35,35,a140|a141|a142|a143|a524|a525|a526|a527,B0[140]|B0[141]|B0[142]|B0[143]|B1[140]|B1[141]|B1[142]|B1[143],779,1674,1100,-858,10427,-8133,1100|1100|1100|1100|-858|-858|-858|-858,10427|10427|10427|10427|-8133|-8133|-8133|-8133,PT35=fqmul(P35,TW35),st3_{v25.8h|v5.8h|v29.8h}_[dst_g0_h0_col3],ld3_returns_x0=v25_x1=v5_x2=v29,blockpair_shape_after_zip;TW=[tw0x4|tw1x4];TP=[pre0x4|pre1x4]
0,1,4,0,x0,0,v26,P36,PT36,36,a144|a145|a146|a147|a528|a529|a530|a531,B0[144]|B0[145]|B0[146]|B0[147]|B1[144]|B1[145]|B1[146]|B1[147],-1339,-1181,550,-39,5213,-370,550|550|550|550|-39|-39|-39|-39,5213|5213|5213|5213|-370|-370|-370|-370,PT36=fqmul(P36,TW36),st3_{v26.8h|v22.8h|v30.8h}_[dst_g0_h1_col0],ld3_returns_x0=v26_x1=v22_x2=v30,blockpair_shape_after_zip;TW=[tw0x4|tw1x4];TP=[pre0x4|pre1x4]
0,1,4,0,x1,1,v22,P4,PT4,4,a16|a17|a18|a19|a400|a401|a402|a403,B0[16]|B0[17]|B0[18]|B0[19]|B1[16]|B1[17]|B1[18]|B1[19],639,-1058,-216,-957,-2047,-9071,-216|-216|-216|-216|-957|-957|-957|-957,-2047|-2047|-2047|-2047|-9071|-9071|-9071|-9071,PT4=fqmul(P4,TW4),st3_{v26.8h|v22.8h|v30.8h}_[dst_g0_h1_col0],ld3_returns_x0=v26_x1=v22_x2=v30,blockpair_shape_after_zip;TW=[tw0x4|tw1x4];TP=[pre0x4|pre1x4]
0,1,4,0,x2,2,v30,P68,PT68,68,a272|a273|a274|a275|a656|a657|a658|a659,B0[272]|B0[273]|B0[274]|B0[275]|B1[272]|B1[273]|B1[274]|B1[275],1713,-655,200,757,1896,7175,200|200|200|200|757|757|757|757,1896|1896|1896|1896|7175|7175|7175|7175,PT68=fqmul(P68,TW68),st3_{v26.8h|v22.8h|v30.8h}_[dst_g0_h1_col0],ld3_returns_x0=v26_x1=v22_x2=v30,blockpair_shape_after_zip;TW=[tw0x4|tw1x4];TP=[pre0x4|pre1x4]
0,1,5,1,x0,0,v31,P69,PT69,69,a276|a277|a278|a279|a660|a661|a662|a663,B0[276]|B0[277]|B0[278]|B0[279]|B1[276]|B1[277]|B1[278]|B1[279],-872,-1444,100,-437,948,-4142,100|100|100|100|-437|-437|-437|-437,948|948|948|948|-4142|-4142|-4142|-4142,PT69=fqmul(P69,TW69),st3_{v31.8h|v27.8h|v23.8h}_[dst_g0_h1_col1],ld3_returns_x0=v31_x1=v27_x2=v23,blockpair_shape_after_zip;TW=[tw0x4|tw1x4];TP=[pre0x4|pre1x4]
0,1,5,1,x1,1,v27,P37,PT37,37,a148|a149|a150|a151|a532|a533|a534|a535,B0[148]|B0[149]|B0[150]|B0[151]|B1[148]|B1[149]|B1[150]|B1[151],1059,732,275,-1416,2607,-13422,275|275|275|275|-1416|-1416|-1416|-1416,2607|2607|2607|2607|-13422|-13422|-13422|-13422,PT37=fqmul(P37,TW37),st3_{v31.8h|v27.8h|v23.8h}_[dst_g0_h1_col1],ld3_returns_x0=v31_x1=v27_x2=v23,blockpair_shape_after_zip;TW=[tw0x4|tw1x4];TP=[pre0x4|pre1x4]
0,1,5,1,x2,2,v23,P5,PT5,5,a20|a21|a22|a23|a404|a405|a406|a407,B0[20]|B0[21]|B0[22]|B0[23]|B1[20]|B1[21]|B1[22]|B1[23],-1409,1209,-108,1685,-1024,15972,-108|-108|-108|-108|1685|1685|1685|1685,-1024|-1024|-1024|-1024|15972|15972|15972|15972,PT5=fqmul(P5,TW5),st3_{v31.8h|v27.8h|v23.8h}_[dst_g0_h1_col1],ld3_returns_x0=v31_x1=v27_x2=v23,blockpair_shape_after_zip;TW=[tw0x4|tw1x4];TP=[pre0x4|pre1x4]
0,1,6,2,x0,0,v24,P6,PT6,6,a24|a25|a26|a27|a408|a409|a410|a411,B0[24]|B0[25]|B0[26]|B0[27]|B1[24]|B1[25]|B1[26]|B1[27],1024,-1045,-54,548,-512,5194,-54|-54|-54|-54|548|548|548|548,-512|-512|-512|-512|5194|5194|5194|5194,PT6=fqmul(P6,TW6),st3_{v24.8h|v4.8h|v28.8h}_[dst_g0_h1_col2],ld3_returns_x0=v24_x1=v4_x2=v28,blockpair_shape_after_zip;TW=[tw0x4|tw1x4];TP=[pre0x4|pre1x4]
0,1,6,2,x1,1,v4,P70,PT70,70,a280|a281|a282|a283|a664|a665|a666|a667,B0[280]|B0[281]|B0[282]|B0[283]|B1[280]|B1[281]|B1[282]|B1[283],-436,-1637,50,-177,474,-1678,50|50|50|50|-177|-177|-177|-177,474|474|474|474|-1678|-1678|-1678|-1678,PT70=fqmul(P70,TW70),st3_{v24.8h|v4.8h|v28.8h}_[dst_g0_h1_col2],ld3_returns_x0=v24_x1=v4_x2=v28,blockpair_shape_after_zip;TW=[tw0x4|tw1x4];TP=[pre0x4|pre1x4]
0,1,6,2,x2,2,v28,P38,PT38,38,a152|a153|a154|a155|a536|a537|a538|a539,B0[152]|B0[153]|B0[154]|B0[155]|B1[152]|B1[153]|B1[154]|B1[155],-1199,-281,-1591,1507,-15081,14284,-1591|-1591|-1591|-1591|1507|1507|1507|1507,-15081|-15081|-15081|-15081|14284|14284|14284|14284,PT38=fqmul(P38,TW38),st3_{v24.8h|v4.8h|v28.8h}_[dst_g0_h1_col2],ld3_returns_x0=v24_x1=v4_x2=v28,blockpair_shape_after_zip;TW=[tw0x4|tw1x4];TP=[pre0x4|pre1x4]
0,1,7,3,x0,0,v29,P39,PT39,39,a156|a157|a158|a159|a540|a541|a542|a543,B0[156]|B0[157]|B0[158]|B0[159]|B1[156]|B1[157]|B1[158]|B1[159],1129,-1427,933,-1660,8844,-15735,933|933|933|933|-1660|-1660|-1660|-1660,8844|8844|8844|8844|-15735|-15735|-15735|-15735,PT39=fqmul(P39,TW39),st3_{v29.8h|v25.8h|v5.8h}_[dst_g0_h1_col3],ld3_returns_x0=v29_x1=v25_x2=v5,blockpair_shape_after_zip;TW=[tw0x4|tw1x4];TP=[pre0x4|pre1x4]
0,1,7,3,x1,1,v25,P7,PT7,7,a28|a29|a30|a31|a412|a413|a414|a415,B0[28]|B0[29]|B0[30]|B0[31]|B1[28]|B1[29]|B1[30]|B1[31],512,1681,-27,1282,-256,12152,-27|-27|-27|-27|1282|1282|1282|1282,-256|-256|-256|-256|12152|12152|12152|12152,PT7=fqmul(P7,TW7),st3_{v29.8h|v25.8h|v5.8h}_[dst_g0_h1_col3],ld3_returns_x0=v29_x1=v25_x2=v5,blockpair_shape_after_zip;TW=[tw0x4|tw1x4];TP=[pre0x4|pre1x4]
0,1,7,3,x2,2,v5,P71,PT71,71,a284|a285|a286|a287|a668|a669|a670|a671,B0[284]|B0[285]|B0[286]|B0[287]|B1[284]|B1[285]|B1[286]|B1[287],-218,397,25,-1108,237,-10502,25|25|25|25|-1108|-1108|-1108|-1108,237|237|237|237|-10502|-10502|-10502|-10502,PT71=fqmul(P71,TW71),st3_{v29.8h|v25.8h|v5.8h}_[dst_g0_h1_col3],ld3_returns_x0=v29_x1=v25_x2=v5,blockpair_shape_after_zip;TW=[tw0x4|tw1x4];TP=[pre0x4|pre1x4]
1,0,8,0,x0,0,v30,P72,PT72,72,a288|a289|a290|a291|a672|a673|a674|a675,B0[288]|B0[289]|B0[290]|B0[291]|B1[288]|B1[289]|B1[290]|B1[291],-109,1118,-1716,1521,-16266,14417,-1716|-1716|-1716|-1716|1521|1521|1521|1521,-16266|-16266|-16266|-16266|14417|14417|14417|14417,PT72=fqmul(P72,TW72),st3_{v30.8h|v26.8h|v22.8h}_[dst_g1_h0_col0],ld3_returns_x0=v30_x1=v26_x2=v22,blockpair_shape_after_zip;TW=[tw0x4|tw1x4];TP=[pre0x4|pre1x4]
1,0,8,0,x1,1,v26,P40,PT40,40,a160|a161|a162|a163|a544|a545|a546|a547,B0[160]|B0[161]|B0[162]|B0[163]|B1[160]|B1[161]|B1[162]|B1[163],-1164,-222,-1262,-704,-11962,-6673,-1262|-1262|-1262|-1262|-704|-704|-704|-704,-11962|-11962|-11962|-11962|-6673|-6673|-6673|-6673,PT40=fqmul(P40,TW40),st3_{v30.8h|v26.8h|v22.8h}_[dst_g1_h0_col0],ld3_returns_x0=v30_x1=v26_x2=v22,blockpair_shape_after_zip;TW=[tw0x4|tw1x4];TP=[pre0x4|pre1x4]
1,0,8,0,x2,2,v22,P8,PT8,8,a32|a33|a34|a35|a416|a417|a418|a419,B0[32]|B0[33]|B0[34]|B0[35]|B1[32]|B1[33]|B1[34]|B1[35],256,-395,1715,-256,16256,-2427,1715|1715|1715|1715|-256|-256|-256|-256,16256|16256|16256|16256|-2427|-2427|-2427|-2427,PT8=fqmul(P8,TW8),st3_{v30.8h|v26.8h|v22.8h}_[dst_g1_h0_col0],ld3_returns_x0=v30_x1=v26_x2=v22,blockpair_shape_after_zip;TW=[tw0x4|tw1x4];TP=[pre0x4|pre1x4]
1,0,9,1,x0,0,v23,P9,PT9,9,a36|a37|a38|a39|a420|a421|a422|a423,B0[36]|B0[37]|B0[38]|B0[39]|B1[36]|B1[37]|B1[38]|B1[39],128,1082,-871,-1583,-8256,-15005,-871|-871|-871|-871|-1583|-1583|-1583|-1583,-8256|-8256|-8256|-8256|-15005|-15005|-15005|-15005,PT9=fqmul(P9,TW9),st3_{v23.8h|v31.8h|v27.8h}_[dst_g1_h0_col1],ld3_returns_x0=v23_x1=v31_x2=v27,blockpair_shape_after_zip;TW=[tw0x4|tw1x4];TP=[pre0x4|pre1x4]
1,0,9,1,x1,1,v31,P73,PT73,73,a292|a293|a294|a295|a676|a677|a678|a679,B0[292]|B0[293]|B0[294]|B0[295]|B1[292]|B1[293]|B1[294]|B1[295],1674,-892,-858,-88,-8133,-834,-858|-858|-858|-858|-88|-88|-88|-88,-8133|-8133|-8133|-8133|-834|-834|-834|-834,PT73=fqmul(P73,TW73),st3_{v23.8h|v31.8h|v27.8h}_[dst_g1_h0_col1],ld3_returns_x0=v23_x1=v31_x2=v27,blockpair_shape_after_zip;TW=[tw0x4|tw1x4];TP=[pre0x4|pre1x4]
1,0,9,1,x2,2,v27,P41,PT41,41,a164|a165|a166|a167|a548|a549|a550|a551,B0[164]|B0[165]|B0[166]|B0[167]|B1[164]|B1[165]|B1[166]|B1[167],-582,1247,-631,-32,-5981,-303,-631|-631|-631|-631|-32|-32|-32|-32,-5981|-5981|-5981|-5981|-303|-303|-303|-303,PT41=fqmul(P41,TW41),st3_{v23.8h|v31.8h|v27.8h}_[dst_g1_h0_col1],ld3_returns_x0=v23_x1=v31_x2=v27,blockpair_shape_after_zip;TW=[tw0x4|tw1x4];TP=[pre0x4|pre1x4]
1,0,10,2,x0,0,v28,P42,PT42,42,a168|a169|a170|a171|a552|a553|a554|a555,B0[168]|B0[169]|B0[170]|B0[171]|B1[168]|B1[169]|B1[170]|B1[171],-291,-729,1413,-630,13393,-5972,1413|1413|1413|1413|-630|-630|-630|-630,13393|13393|13393|13393|-5972|-5972|-5972|-5972,PT42=fqmul(P42,TW42),st3_{v28.8h|v24.8h|v4.8h}_[dst_g1_h0_col2],ld3_returns_x0=v28_x1=v24_x2=v4,blockpair_shape_after_zip;TW=[tw0x4|tw1x4];TP=[pre0x4|pre1x4]
1,0,10,2,x1,1,v24,P10,PT10,10,a40|a41|a42|a43|a424|a425|a426|a427,B0[40]|B0[41]|B0[42]|B0[43]|B1[40]|B1[41]|B1[42]|B1[43],64,992,1293,1028,12256,9744,1293|1293|1293|1293|1028|1028|1028|1028,12256|12256|12256|12256|9744|9744|9744|9744,PT10=fqmul(P10,TW10),st3_{v28.8h|v24.8h|v4.8h}_[dst_g1_h0_col2],ld3_returns_x0=v28_x1=v24_x2=v4,blockpair_shape_after_zip;TW=[tw0x4|tw1x4];TP=[pre0x4|pre1x4]
1,0,10,2,x2,2,v4,P74,PT74,74,a296|a297|a298|a299|a680|a681|a682|a683,B0[296]|B0[297]|B0[298]|B0[299]|B1[296]|B1[297]|B1[298]|B1[299],837,588,-429,-4,-4066,-38,-429|-429|-429|-429|-4|-4|-4|-4,-4066|-4066|-4066|-4066|-38|-38|-38|-38,PT74=fqmul(P74,TW74),st3_{v28.8h|v24.8h|v4.8h}_[dst_g1_h0_col2],ld3_returns_x0=v28_x1=v24_x2=v4,blockpair_shape_after_zip;TW=[tw0x4|tw1x4];TP=[pre0x4|pre1x4]
1,0,11,3,x0,0,v5,P75,PT75,75,a300|a301|a302|a303|a684|a685|a686|a687,B0[300]|B0[301]|B0[302]|B0[303]|B1[300]|B1[301]|B1[302]|B1[303],-1310,341,1514,-943,14351,-8938,1514|1514|1514|1514|-943|-943|-943|-943,14351|14351|14351|14351|-8938|-8938|-8938|-8938,PT75=fqmul(P75,TW75),st3_{v5.8h|v29.8h|v25.8h}_[dst_g1_h0_col3],ld3_returns_x0=v5_x1=v29_x2=v25,blockpair_shape_after_zip;TW=[tw0x4|tw1x4];TP=[pre0x4|pre1x4]
1,0,11,3,x1,1,v29,P43,PT43,43,a172|a173|a174|a175|a556|a557|a558|a559,B0[172]|B0[173]|B0[174]|B0[175]|B1[172]|B1[173]|B1[174]|B1[175],1583,124,-1022,-1600,-9687,-15166,-1022|-1022|-1022|-1022|-1600|-1600|-1600|-1600,-9687|-9687|-9687|-9687|-15166|-15166|-15166|-15166,PT43=fqmul(P43,TW43),st3_{v5.8h|v29.8h|v25.8h}_[dst_g1_h0_col3],ld3_returns_x0=v5_x1=v29_x2=v25,blockpair_shape_after_zip;TW=[tw0x4|tw1x4];TP=[pre0x4|pre1x4]
1,0,11,3,x2,2,v25,P11,PT11,11,a44|a45|a46|a47|a428|a429|a430|a431,B0[44]|B0[45]|B0[46]|B0[47]|B1[44]|B1[45]|B1[46]|B1[47],32,-1212,-1082,361,-10256,3422,-1082|-1082|-1082|-1082|361|361|361|361,-10256|-10256|-10256|-10256|3422|3422|3422|3422,PT11=fqmul(P11,TW11),st3_{v5.8h|v29.8h|v25.8h}_[dst_g1_h0_col3],ld3_returns_x0=v5_x1=v29_x2=v25,blockpair_shape_after_zip;TW=[tw0x4|tw1x4];TP=[pre0x4|pre1x4]
1,1,12,0,x0,0,v22,P12,PT12,12,a48|a49|a50|a51|a432|a433|a434|a435,B0[48]|B0[49]|B0[50]|B0[51]|B1[48]|B1[49]|B1[50]|B1[51],16,1202,-541,-455,-5128,-4313,-541|-541|-541|-541|-455|-455|-455|-455,-5128|-5128|-5128|-5128|-4313|-4313|-4313|-4313,PT12=fqmul(P12,TW12),st3_{v22.8h|v30.8h|v26.8h}_[dst_g1_h1_col0],ld3_returns_x0=v22_x1=v30_x2=v26,blockpair_shape_after_zip;TW=[tw0x4|tw1x4];TP=[pre0x4|pre1x4]
1,1,12,0,x1,1,v30,P76,PT76,76,a304|a305|a306|a307|a688|a689|a690|a691,B0[304]|B0[305]|B0[306]|B0[307]|B1[304]|B1[305]|B1[306]|B1[307],-655,-1713,757,-200,7175,-1896,757|757|757|757|-200|-200|-200|-200,7175|7175|7175|7175|-1896|-1896|-1896|-1896,PT76=fqmul(P76,TW76),st3_{v22.8h|v30.8h|v26.8h}_[dst_g1_h1_col0],ld3_returns_x0=v22_x1=v30_x2=v26,blockpair_shape_after_zip;TW=[tw0x4|tw1x4];TP=[pre0x4|pre1x4]
1,1,12,0,x2,2,v26,P44,PT44,44,a176|a177|a178|a179|a560|a561|a562|a563,B0[176]|B0[177]|B0[178]|B0[179]|B1[176]|B1[177]|B1[178]|B1[179],-937,1577,-511,-387,-4844,-3668,-511|-511|-511|-511|-387|-387|-387|-387,-4844|-4844|-4844|-4844|-3668|-3668|-3668|-3668,PT44=fqmul(P44,TW44),st3_{v22.8h|v30.8h|v26.8h}_[dst_g1_h1_col0],ld3_returns_x0=v22_x1=v30_x2=v26,blockpair_shape_after_zip;TW=[tw0x4|tw1x4];TP=[pre0x4|pre1x4]
1,1,13,1,x0,0,v27,P45,PT45,45,a180|a181|a182|a183|a564|a565|a566|a567,B0[180]|B0[181]|B0[182]|B0[183]|B1[180]|B1[181]|B1[182]|B1[183],1260,-714,1473,-489,13962,-4635,1473|1473|1473|1473|-489|-489|-489|-489,13962|13962|13962|13962|-4635|-4635|-4635|-4635,PT45=fqmul(P45,TW45),st3_{v27.8h|v23.8h|v31.8h}_[dst_g1_h1_col1],ld3_returns_x0=v27_x1=v23_x2=v31,blockpair_shape_after_zip;TW=[tw0x4|tw1x4];TP=[pre0x4|pre1x4]
1,1,13,1,x1,1,v23,P13,PT13,13,a52|a53|a54|a55|a436|a437|a438|a439,B0[52]|B0[53]|B0[54]|B0[55]|B1[52]|B1[53]|B1[54]|B1[55],8,1626,1458,765,13820,7251,1458|1458|1458|1458|765|765|765|765,13820|13820|13820|13820|7251|7251|7251|7251,PT13=fqmul(P13,TW13),st3_{v27.8h|v23.8h|v31.8h}_[dst_g1_h1_col1],ld3_returns_x0=v27_x1=v23_x2=v31,blockpair_shape_after_zip;TW=[tw0x4|tw1x4];TP=[pre0x4|pre1x4]
1,1,13,1,x2,2,v31,P77,PT77,77,a308|a309|a310|a311|a692|a693|a694|a695,B0[308]|B0[309]|B0[310]|B0[311]|B1[308]|B1[309]|B1[310]|B1[311],1401,-235,-1350,1248,-12796,11829,-1350|-1350|-1350|-1350|1248|1248|1248|1248,-12796|-12796|-12796|-12796|11829|11829|11829|11829,PT77=fqmul(P77,TW77),st3_{v27.8h|v23.8h|v31.8h}_[dst_g1_h1_col1],ld3_returns_x0=v27_x1=v23_x2=v31,blockpair_shape_after_zip;TW=[tw0x4|tw1x4];TP=[pre0x4|pre1x4]
1,1,14,2,x0,0,v4,P78,PT78,78,a312|a313|a314|a315|a696|a697|a698|a699,B0[312]|B0[313]|B0[314]|B0[315]|B1[312]|B1[313]|B1[314]|B1[315],-1028,775,-675,371,-6398,3517,-675|-675|-675|-675|371|371|371|371,-6398|-6398|-6398|-6398|3517|3517|3517|3517,PT78=fqmul(P78,TW78),st3_{v4.8h|v28.8h|v24.8h}_[dst_g1_h1_col2],ld3_returns_x0=v4_x1=v28_x2=v24,blockpair_shape_after_zip;TW=[tw0x4|tw1x4];TP=[pre0x4|pre1x4]
1,1,14,2,x1,1,v28,P46,PT46,46,a184|a185|a186|a187|a568|a569|a570|a571,B0[184]|B0[185]|B0[186]|B0[187]|B1[184]|B1[185]|B1[186]|B1[187],630,-661,-992,1392,-9403,13194,-992|-992|-992|-992|1392|1392|1392|1392,-9403|-9403|-9403|-9403|13194|13194|13194|13194,PT46=fqmul(P46,TW46),st3_{v4.8h|v28.8h|v24.8h}_[dst_g1_h1_col2],ld3_returns_x0=v4_x1=v28_x2=v24,blockpair_shape_after_zip;TW=[tw0x4|tw1x4];TP=[pre0x4|pre1x4]
1,1,14,2,x2,2,v24,P14,PT14,14,a56|a57|a58|a59|a440|a441|a442|a443,B0[56]|B0[57]|B0[58]|B0[59]|B1[56]|B1[57]|B1[58]|B1[59],4,1331,729,1449,6910,13735,729|729|729|729|1449|1449|1449|1449,6910|6910|6910|6910|13735|13735|13735|13735,PT14=fqmul(P14,TW14),st3_{v4.8h|v28.8h|v24.8h}_[dst_g1_h1_col2],ld3_returns_x0=v4_x1=v28_x2=v24,blockpair_shape_after_zip;TW=[tw0x4|tw1x4];TP=[pre0x4|pre1x4]
1,1,15,3,x0,0,v25,P15,PT15,15,a60|a61|a62|a63|a444|a445|a446|a447,B0[60]|B0[61]|B0[62]|B0[63]|B1[60]|B1[61]|B1[62]|B1[63],2,-1668,-1364,223,-12929,2114,-1364|-1364|-1364|-1364|223|223|223|223,-12929|-12929|-12929|-12929|2114|2114|2114|2114,PT15=fqmul(P15,TW15),st3_{v25.8h|v5.8h|v29.8h}_[dst_g1_h1_col3],ld3_returns_x0=v25_x1=v5_x2=v29,blockpair_shape_after_zip;TW=[tw0x4|tw1x4];TP=[pre0x4|pre1x4]
1,1,15,3,x1,1,v5,P79,PT79,79,a316|a317|a318|a319|a700|a701|a702|a703,B0[316]|B0[317]|B0[318]|B0[319]|B1[316]|B1[317]|B1[318]|B1[319],-514,-1379,1391,174,13185,1649,1391|1391|1391|1391|174|174|174|174,13185|13185|13185|13185|1649|1649|1649|1649,PT79=fqmul(P79,TW79),st3_{v25.8h|v5.8h|v29.8h}_[dst_g1_h1_col3],ld3_returns_x0=v25_x1=v5_x2=v29,blockpair_shape_after_zip;TW=[tw0x4|tw1x4];TP=[pre0x4|pre1x4]
1,1,15,3,x2,2,v29,P47,PT47,47,a188|a189|a190|a191|a572|a573|a574|a575,B0[188]|B0[189]|B0[190]|B0[191]|B1[188]|B1[189]|B1[190]|B1[191],315,-1130,-496,-251,-4701,-2379,-496|-496|-496|-496|-251|-251|-251|-251,-4701|-4701|-4701|-4701|-2379|-2379|-2379|-2379,PT47=fqmul(P47,TW47),st3_{v25.8h|v5.8h|v29.8h}_[dst_g1_h1_col3],ld3_returns_x0=v25_x1=v5_x2=v29,blockpair_shape_after_zip;TW=[tw0x4|tw1x4];TP=[pre0x4|pre1x4]
2,0,16,0,x0,0,v26,P48,PT48,48,a192|a193|a194|a195|a576|a577|a578|a579,B0[192]|B0[193]|B0[194]|B0[195]|B1[192]|B1[193]|B1[194]|B1[195],-1571,1520,-248,460,-2351,4360,-248|-248|-248|-248|460|460|460|460,-2351|-2351|-2351|-2351|4360|4360|4360|4360,PT48=fqmul(P48,TW48),st3_{v26.8h|v22.8h|v30.8h}_[dst_g2_h0_col0],ld3_returns_x0=v26_x1=v22_x2=v30,blockpair_shape_after_zip;TW=[tw0x4|tw1x4];TP=[pre0x4|pre1x4]
2,0,16,0,x1,1,v22,P16,PT16,16,a64|a65|a66|a67|a448|a449|a450|a451,B0[64]|B0[65]|B0[66]|B0[67]|B1[64]|B1[65]|B1[66]|B1[67],1,867,-682,-147,-6464,-1393,-682|-682|-682|-682|-147|-147|-147|-147,-6464|-6464|-6464|-6464|-1393|-1393|-1393|-1393,PT16=fqmul(P16,TW16),st3_{v26.8h|v22.8h|v30.8h}_[dst_g2_h0_col0],ld3_returns_x0=v26_x1=v22_x2=v30,blockpair_shape_after_zip;TW=[tw0x4|tw1x4];TP=[pre0x4|pre1x4]
2,0,16,0,x2,2,v30,P80,PT80,80,a320|a321|a322|a323|a704|a705|a706|a707,B0[320]|B0[321]|B0[322]|B0[323]|B1[320]|B1[321]|B1[322]|B1[323],-257,723,-1033,1265,-9792,11991,-1033|-1033|-1033|-1033|1265|1265|1265|1265,-9792|-9792|-9792|-9792|11991|11991|11991|11991,PT80=fqmul(P80,TW80),st3_{v26.8h|v22.8h|v30.8h}_[dst_g2_h0_col0],ld3_returns_x0=v26_x1=v22_x2=v30,blockpair_shape_after_zip;TW=[tw0x4|tw1x4];TP=[pre0x4|pre1x4]
2,0,17,1,x0,0,v31,P81,PT81,81,a324|a325|a326|a327|a708|a709|a710|a711,B0[324]|B0[325]|B0[326]|B0[327]|B1[324]|B1[325]|B1[326]|B1[327],1600,190,1212,-1671,11488,-15839,1212|1212|1212|1212|-1671|-1671|-1671|-1671,11488|11488|11488|11488|-15839|-15839|-15839|-15839,PT81=fqmul(P81,TW81),st3_{v31.8h|v27.8h|v23.8h}_[dst_g2_h0_col1],ld3_returns_x0=v31_x1=v27_x2=v23,blockpair_shape_after_zip;TW=[tw0x4|tw1x4];TP=[pre0x4|pre1x4]
2,0,17,1,x1,1,v27,P49,PT49,49,a196|a197|a198|a199|a580|a581|a582|a583,B0[196]|B0[197]|B0[198]|B0[199]|B1[196]|B1[197]|B1[198]|B1[199],943,-1188,-124,1278,-1175,12114,-124|-124|-124|-124|1278|1278|1278|1278,-1175|-1175|-1175|-1175|12114|12114|12114|12114,PT49=fqmul(P49,TW49),st3_{v31.8h|v27.8h|v23.8h}_[dst_g2_h0_col1],ld3_returns_x0=v31_x1=v27_x2=v23,blockpair_shape_after_zip;TW=[tw0x4|tw1x4];TP=[pre0x4|pre1x4]
2,0,17,1,x2,2,v23,P17,PT17,17,a68|a69|a70|a71|a452|a453|a454|a455,B0[68]|B0[69]|B0[70]|B0[71]|B1[68]|B1[69]|B1[70]|B1[71],-1728,-432,-341,779,-3232,7384,-341|-341|-341|-341|779|779|779|779,-3232|-3232|-3232|-3232|7384|7384|7384|7384,PT17=fqmul(P17,TW17),st3_{v31.8h|v27.8h|v23.8h}_[dst_g2_h0_col1],ld3_returns_x0=v31_x1=v27_x2=v23,blockpair_shape_after_zip;TW=[tw0x4|tw1x4];TP=[pre0x4|pre1x4]
2,0,18,2,x0,0,v24,P18,PT18,18,a72|a73|a74|a75|a456|a457|a458|a459,B0[72]|B0[73]|B0[74]|B0[75]|B1[72]|B1[73]|B1[74]|B1[75],-864,-1591,1558,-436,14768,-4133,1558|1558|1558|1558|-436|-436|-436|-436,14768|14768|14768|14768|-4133|-4133|-4133|-4133,PT18=fqmul(P18,TW18),st3_{v24.8h|v4.8h|v28.8h}_[dst_g2_h0_col2],ld3_returns_x0=v24_x1=v4_x2=v28,blockpair_shape_after_zip;TW=[tw0x4|tw1x4];TP=[pre0x4|pre1x4]
2,0,18,2,x1,1,v4,P82,PT82,82,a328|a329|a330|a331|a712|a713|a714|a715,B0[328]|B0[329]|B0[330]|B0[331]|B1[328]|B1[329]|B1[330]|B1[331],800,1580,606,1024,5744,9706,606|606|606|606|1024|1024|1024|1024,5744|5744|5744|5744|9706|9706|9706|9706,PT82=fqmul(P82,TW82),st3_{v24.8h|v4.8h|v28.8h}_[dst_g2_h0_col2],ld3_returns_x0=v24_x1=v4_x2=v28,blockpair_shape_after_zip;TW=[tw0x4|tw1x4];TP=[pre0x4|pre1x4]
2,0,18,2,x2,2,v28,P50,PT50,50,a200|a201|a202|a203|a584|a585|a586|a587,B0[200]|B0[201]|B0[202]|B0[203]|B1[200]|B1[201]|B1[202]|B1[203],-1257,-54,-62,-1199,-588,-11365,-62|-62|-62|-62|-1199|-1199|-1199|-1199,-588|-588|-588|-588|-11365|-11365|-11365|-11365,PT50=fqmul(P50,TW50),st3_{v24.8h|v4.8h|v28.8h}_[dst_g2_h0_col2],ld3_returns_x0=v24_x1=v4_x2=v28,blockpair_shape_after_zip;TW=[tw0x4|tw1x4];TP=[pre0x4|pre1x4]
2,0,19,3,x0,0,v29,P51,PT51,51,a204|a205|a206|a207|a588|a589|a590|a591,B0[204]|B0[205]|B0[206]|B0[207]|B1[204]|B1[205]|B1[206]|B1[207],1100,-631,-31,1674,-294,15867,-31|-31|-31|-31|1674|1674|1674|1674,-294|-294|-294|-294|15867|15867|15867|15867,PT51=fqmul(P51,TW51),st3_{v29.8h|v25.8h|v5.8h}_[dst_g2_h0_col3],ld3_returns_x0=v29_x1=v25_x2=v5,blockpair_shape_after_zip;TW=[tw0x4|tw1x4];TP=[pre0x4|pre1x4]
2,0,19,3,x1,1,v25,P19,PT19,19,a76|a77|a78|a79|a460|a461|a462|a463,B0[76]|B0[77]|B0[78]|B0[79]|B1[76]|B1[77]|B1[78]|B1[79],-432,-858,779,923,7384,8749,779|779|779|779|923|923|923|923,7384|7384|7384|7384|8749|8749|8749|8749,PT19=fqmul(P19,TW19),st3_{v29.8h|v25.8h|v5.8h}_[dst_g2_h0_col3],ld3_returns_x0=v29_x1=v25_x2=v5,blockpair_shape_after_zip;TW=[tw0x4|tw1x4];TP=[pre0x4|pre1x4]
2,0,19,3,x2,2,v5,P83,PT83,83,a332|a333|a334|a335|a716|a717|a718|a719,B0[332]|B0[333]|B0[334]|B0[335]|B1[332]|B1[333]|B1[334]|B1[335],400,-871,303,-582,2872,-5517,303|303|303|303|-582|-582|-582|-582,2872|2872|2872|2872|-5517|-5517|-5517|-5517,PT83=fqmul(P83,TW83),st3_{v29.8h|v25.8h|v5.8h}_[dst_g2_h0_col3],ld3_returns_x0=v29_x1=v25_x2=v5,blockpair_shape_after_zip;TW=[tw0x4|tw1x4];TP=[pre0x4|pre1x4]
2,1,20,0,x0,0,v30,P84,PT84,84,a336|a337|a338|a339|a720|a721|a722|a723,B0[336]|B0[337]|B0[338]|B0[339]|B1[336]|B1[337]|B1[338]|B1[339],200,-511,-1577,-655,-14948,-6209,-1577|-1577|-1577|-1577|-655|-655|-655|-655,-14948|-14948|-14948|-14948|-6209|-6209|-6209|-6209,PT84=fqmul(P84,TW84),st3_{v30.8h|v26.8h|v22.8h}_[dst_g2_h1_col0],ld3_returns_x0=v30_x1=v26_x2=v22,blockpair_shape_after_zip;TW=[tw0x4|tw1x4];TP=[pre0x4|pre1x4]
2,1,20,0,x1,1,v26,P52,PT52,52,a208|a209|a210|a211|a592|a593|a594|a595,B0[208]|B0[209]|B0[210]|B0[211]|B1[208]|B1[209]|B1[210]|B1[211],550,757,1713,-1181,16237,-11194,1713|1713|1713|1713|-1181|-1181|-1181|-1181,16237|16237|16237|16237|-11194|-11194|-11194|-11194,PT52=fqmul(P52,TW52),st3_{v30.8h|v26.8h|v22.8h}_[dst_g2_h1_col0],ld3_returns_x0=v30_x1=v26_x2=v22,blockpair_shape_after_zip;TW=[tw0x4|tw1x4];TP=[pre0x4|pre1x4]
2,1,20,0,x2,2,v22,P20,PT20,20,a80|a81|a82|a83|a464|a465|a466|a467,B0[80]|B0[81]|B0[82]|B0[83]|B1[80]|B1[81]|B1[82]|B1[83],-216,-39,-1339,-1058,-12692,-10029,-1339|-1339|-1339|-1339|-1058|-1058|-1058|-1058,-12692|-12692|-12692|-12692|-10029|-10029|-10029|-10029,PT20=fqmul(P20,TW20),st3_{v30.8h|v26.8h|v22.8h}_[dst_g2_h1_col0],ld3_returns_x0=v30_x1=v26_x2=v22,blockpair_shape_after_zip;TW=[tw0x4|tw1x4];TP=[pre0x4|pre1x4]
2,1,21,1,x0,0,v23,P21,PT21,21,a84|a85|a86|a87|a468|a469|a470|a471,B0[84]|B0[85]|B0[86]|B0[87]|B1[84]|B1[85]|B1[86]|B1[87],-108,-1416,1059,1209,10038,11460,1059|1059|1059|1059|1209|1209|1209|1209,10038|10038|10038|10038|11460|11460|11460|11460,PT21=fqmul(P21,TW21),st3_{v23.8h|v31.8h|v27.8h}_[dst_g2_h1_col1],ld3_returns_x0=v23_x1=v31_x2=v27,blockpair_shape_after_zip;TW=[tw0x4|tw1x4];TP=[pre0x4|pre1x4]
2,1,21,1,x1,1,v31,P85,PT85,85,a340|a341|a342|a343|a724|a725|a726|a727,B0[340]|B0[341]|B0[342]|B0[343]|B1[340]|B1[341]|B1[342]|B1[343],100,1391,940,-1444,8910,-13687,940|940|940|940|-1444|-1444|-1444|-1444,8910|8910|8910|8910|-13687|-13687|-13687|-13687,PT85=fqmul(P85,TW85),st3_{v23.8h|v31.8h|v27.8h}_[dst_g2_h1_col1],ld3_returns_x0=v23_x1=v31_x2=v27,blockpair_shape_after_zip;TW=[tw0x4|tw1x4];TP=[pre0x4|pre1x4]
2,1,21,1,x2,2,v27,P53,PT53,53,a212|a213|a214|a215|a596|a597|a598|a599,B0[212]|B0[213]|B0[214]|B0[215]|B1[212]|B1[213]|B1[214]|B1[215],275,-437,-872,732,-8265,6938,-872|-872|-872|-872|732|732|732|732,-8265|-8265|-8265|-8265|6938|6938|6938|6938,PT53=fqmul(P53,TW53),st3_{v23.8h|v31.8h|v27.8h}_[dst_g2_h1_col1],ld3_returns_x0=v23_x1=v31_x2=v27,blockpair_shape_after_zip;TW=[tw0x4|tw1x4];TP=[pre0x4|pre1x4]
2,1,22,2,x0,0,v28,P54,PT54,54,a216|a217|a218|a219|a600|a601|a602|a603,B0[216]|B0[217]|B0[218]|B0[219]|B1[216]|B1[217]|B1[218]|B1[219],-1591,-177,-436,-281,-4133,-2664,-436|-436|-436|-436|-281|-281|-281|-281,-4133|-4133|-4133|-4133|-2664|-2664|-2664|-2664,PT54=fqmul(P54,TW54),st3_{v28.8h|v24.8h|v4.8h}_[dst_g2_h1_col2],ld3_returns_x0=v28_x1=v24_x2=v4,blockpair_shape_after_zip;TW=[tw0x4|tw1x4];TP=[pre0x4|pre1x4]
2,1,22,2,x1,1,v24,P22,PT22,22,a88|a89|a90|a91|a472|a473|a474|a475,B0[88]|B0[89]|B0[90]|B0[91]|B1[88]|B1[89]|B1[90]|B1[91],-54,1507,-1199,-1045,-11365,-9905,-1199|-1199|-1199|-1199|-1045|-1045|-1045|-1045,-11365|-11365|-11365|-11365|-9905|-9905|-9905|-9905,PT22=fqmul(P22,TW22),st3_{v28.8h|v24.8h|v4.8h}_[dst_g2_h1_col2],ld3_returns_x0=v28_x1=v24_x2=v4,blockpair_shape_after_zip;TW=[tw0x4|tw1x4];TP=[pre0x4|pre1x4]
2,1,22,2,x2,2,v4,P86,PT86,86,a344|a345|a346|a347|a728|a729|a730|a731,B0[344]|B0[345]|B0[346]|B0[347]|B1[344]|B1[345]|B1[346]|B1[347],50,-1351,470,-1637,4455,-15517,470|470|470|470|-1637|-1637|-1637|-1637,4455|4455|4455|4455|-15517|-15517|-15517|-15517,PT86=fqmul(P86,TW86),st3_{v28.8h|v24.8h|v4.8h}_[dst_g2_h1_col2],ld3_returns_x0=v28_x1=v24_x2=v4,blockpair_shape_after_zip;TW=[tw0x4|tw1x4];TP=[pre0x4|pre1x4]
2,1,23,3,x0,0,v5,P87,PT87,87,a348|a349|a350|a351|a732|a733|a734|a735,B0[348]|B0[349]|B0[350]|B0[351]|B1[348]|B1[349]|B1[350]|B1[351],25,410,235,397,2228,3763,235|235|235|235|397|397|397|397,2228|2228|2228|2228|3763|3763|3763|3763,PT87=fqmul(P87,TW87),st3_{v5.8h|v29.8h|v25.8h}_[dst_g2_h1_col3],ld3_returns_x0=v5_x1=v29_x2=v25,blockpair_shape_after_zip;TW=[tw0x4|tw1x4];TP=[pre0x4|pre1x4]
2,1,23,3,x1,1,v29,P55,PT55,55,a220|a221|a222|a223|a604|a605|a606|a607,B0[220]|B0[221]|B0[222]|B0[223]|B1[220]|B1[221]|B1[222]|B1[223],933,-1108,-218,-1427,-2066,-13526,-218|-218|-218|-218|-1427|-1427|-1427|-1427,-2066|-2066|-2066|-2066|-13526|-13526|-13526|-13526,PT55=fqmul(P55,TW55),st3_{v5.8h|v29.8h|v25.8h}_[dst_g2_h1_col3],ld3_returns_x0=v5_x1=v29_x2=v25,blockpair_shape_after_zip;TW=[tw0x4|tw1x4];TP=[pre0x4|pre1x4]
2,1,23,3,x2,2,v25,P23,PT23,23,a92|a93|a94|a95|a476|a477|a478|a479,B0[92]|B0[93]|B0[94]|B0[95]|B1[92]|B1[93]|B1[94]|B1[95],-27,-1660,1129,1681,10701,15934,1129|1129|1129|1129|1681|1681|1681|1681,10701|10701|10701|10701|15934|15934|15934|15934,PT23=fqmul(P23,TW23),st3_{v5.8h|v29.8h|v25.8h}_[dst_g2_h1_col3],ld3_returns_x0=v5_x1=v29_x2=v25,blockpair_shape_after_zip;TW=[tw0x4|tw1x4];TP=[pre0x4|pre1x4]
3,0,24,0,x0,0,v22,P24,PT24,24,a96|a97|a98|a99|a480|a481|a482|a483,B0[96]|B0[97]|B0[98]|B0[99]|B1[96]|B1[97]|B1[98]|B1[99],1715,-704,-1164,-395,-11033,-3744,-1164|-1164|-1164|-1164|-395|-395|-395|-395,-11033|-11033|-11033|-11033|-3744|-3744|-3744|-3744,PT24=fqmul(P24,TW24),st3_{v22.8h|v30.8h|v26.8h}_[dst_g3_h0_col0],ld3_returns_x0=v22_x1=v30_x2=v26,blockpair_shape_after_zip;TW=[tw0x4|tw1x4];TP=[pre0x4|pre1x4]
3,0,24,0,x1,1,v30,P88,PT88,88,a352|a353|a354|a355|a736|a737|a738|a739,B0[352]|B0[353]|B0[354]|B0[355]|B1[352]|B1[353]|B1[354]|B1[355],-1716,1590,-1611,1118,-15270,10597,-1611|-1611|-1611|-1611|1118|1118|1118|1118,-15270|-15270|-15270|-15270|10597|10597|10597|10597,PT88=fqmul(P88,TW88),st3_{v22.8h|v30.8h|v26.8h}_[dst_g3_h0_col0],ld3_returns_x0=v22_x1=v30_x2=v26,blockpair_shape_after_zip;TW=[tw0x4|tw1x4];TP=[pre0x4|pre1x4]
3,0,24,0,x2,2,v26,P56,PT56,56,a224|a225|a226|a227|a608|a609|a610|a611,B0[224]|B0[225]|B0[226]|B0[227]|B1[224]|B1[225]|B1[226]|B1[227],-1262,1521,-109,-222,-1033,-2104,-109|-109|-109|-109|-222|-222|-222|-222,-1033|-1033|-1033|-1033|-2104|-2104|-2104|-2104,PT56=fqmul(P56,TW56),st3_{v22.8h|v30.8h|v26.8h}_[dst_g3_h0_col0],ld3_returns_x0=v22_x1=v30_x2=v26,blockpair_shape_after_zip;TW=[tw0x4|tw1x4];TP=[pre0x4|pre1x4]
3,0,25,1,x0,0,v27,P57,PT57,57,a228|a229|a230|a231|a612|a613|a614|a615,B0[228]|B0[229]|B0[230]|B0[231]|B1[228]|B1[229]|B1[230]|B1[231],-631,-88,1674,1247,15867,11820,1674|1674|1674|1674|1247|1247|1247|1247,15867|15867|15867|15867|11820|11820|11820|11820,PT57=fqmul(P57,TW57),st3_{v27.8h|v23.8h|v31.8h}_[dst_g3_h0_col1],ld3_returns_x0=v27_x1=v23_x2=v31,blockpair_shape_after_zip;TW=[tw0x4|tw1x4];TP=[pre0x4|pre1x4]
3,0,25,1,x1,1,v23,P25,PT25,25,a100|a101|a102|a103|a484|a485|a486|a487,B0[100]|B0[101]|B0[102]|B0[103]|B1[100]|B1[101]|B1[102]|B1[103],-871,-32,-582,1082,-5517,10256,-582|-582|-582|-582|1082|1082|1082|1082,-5517|-5517|-5517|-5517|10256|10256|10256|10256,PT25=fqmul(P25,TW25),st3_{v27.8h|v23.8h|v31.8h}_[dst_g3_h0_col1],ld3_returns_x0=v27_x1=v23_x2=v31,blockpair_shape_after_zip;TW=[tw0x4|tw1x4];TP=[pre0x4|pre1x4]
3,0,25,1,x2,2,v31,P89,PT89,89,a356|a357|a358|a359|a740|a741|a742|a743,B0[356]|B0[357]|B0[358]|B0[359]|B1[356]|B1[357]|B1[358]|B1[359],-858,-242,923,-892,8749,-8455,923|923|923|923|-892|-892|-892|-892,8749|8749|8749|8749|-8455|-8455|-8455|-8455,PT89=fqmul(P89,TW89),st3_{v27.8h|v23.8h|v31.8h}_[dst_g3_h0_col1],ld3_returns_x0=v27_x1=v23_x2=v31,blockpair_shape_after_zip;TW=[tw0x4|tw1x4];TP=[pre0x4|pre1x4]
3,0,26,2,x0,0,v4,P90,PT90,90,a360|a361|a362|a363|a744|a745|a746|a747,B0[360]|B0[361]|B0[362]|B0[363]|B1[360]|B1[361]|B1[362]|B1[363],-429,-11,-1267,588,-12010,5573,-1267|-1267|-1267|-1267|588|588|588|588,-12010|-12010|-12010|-12010|5573|5573|5573|5573,PT90=fqmul(P90,TW90),st3_{v4.8h|v28.8h|v24.8h}_[dst_g3_h0_col2],ld3_returns_x0=v4_x1=v28_x2=v24,blockpair_shape_after_zip;TW=[tw0x4|tw1x4];TP=[pre0x4|pre1x4]
3,0,26,2,x1,1,v28,P58,PT58,58,a232|a233|a234|a235|a616|a617|a618|a619,B0[232]|B0[233]|B0[234]|B0[235]|B1[232]|B1[233]|B1[234]|B1[235],1413,-4,837,-729,7934,-6910,837|837|837|837|-729|-729|-729|-729,7934|7934|7934|7934|-6910|-6910|-6910|-6910,PT58=fqmul(P58,TW58),st3_{v4.8h|v28.8h|v24.8h}_[dst_g3_h0_col2],ld3_returns_x0=v4_x1=v28_x2=v24,blockpair_shape_after_zip;TW=[tw0x4|tw1x4];TP=[pre0x4|pre1x4]
3,0,26,2,x2,2,v24,P26,PT26,26,a104|a105|a106|a107|a488|a489|a490|a491,B0[104]|B0[105]|B0[106]|B0[107]|B1[104]|B1[105]|B1[106]|B1[107],1293,-630,-291,992,-2758,9403,-291|-291|-291|-291|992|992|992|992,-2758|-2758|-2758|-2758|9403|9403|9403|9403,PT26=fqmul(P26,TW26),st3_{v4.8h|v28.8h|v24.8h}_[dst_g3_h0_col2],ld3_returns_x0=v4_x1=v28_x2=v24,blockpair_shape_after_zip;TW=[tw0x4|tw1x4];TP=[pre0x4|pre1x4]
3,0,27,3,x0,0,v25,P27,PT27,27,a108|a109|a110|a111|a492|a493|a494|a495,B0[108]|B0[109]|B0[110]|B0[111]|B1[108]|B1[109]|B1[110]|B1[111],-1082,-1600,1583,-1212,15005,-11488,1583|1583|1583|1583|-1212|-1212|-1212|-1212,15005|15005|15005|15005|-11488|-11488|-11488|-11488,PT27=fqmul(P27,TW27),st3_{v25.8h|v5.8h|v29.8h}_[dst_g3_h0_col3],ld3_returns_x0=v25_x1=v5_x2=v29,blockpair_shape_after_zip;TW=[tw0x4|tw1x4];TP=[pre0x4|pre1x4]
3,0,27,3,x1,1,v5,P91,PT91,91,a364|a365|a366|a367|a748|a749|a750|a751,B0[364]|B0[365]|B0[366]|B0[367]|B1[364]|B1[365]|B1[366]|B1[367],1514,1728,1095,341,10379,3232,1095|1095|1095|1095|341|341|341|341,10379|10379|10379|10379|3232|3232|3232|3232,PT91=fqmul(P91,TW91),st3_{v25.8h|v5.8h|v29.8h}_[dst_g3_h0_col3],ld3_returns_x0=v25_x1=v5_x2=v29,blockpair_shape_after_zip;TW=[tw0x4|tw1x4];TP=[pre0x4|pre1x4]
3,0,27,3,x2,2,v29,P59,PT59,59,a236|a237|a238|a239|a620|a621|a622|a623,B0[236]|B0[237]|B0[238]|B0[239]|B1[236]|B1[237]|B1[238]|B1[239],-1022,-943,-1310,124,-12417,1175,-1310|-1310|-1310|-1310|124|124|124|124,-12417|-12417|-12417|-12417|1175|1175|1175|1175,PT59=fqmul(P59,TW59),st3_{v25.8h|v5.8h|v29.8h}_[dst_g3_h0_col3],ld3_returns_x0=v25_x1=v5_x2=v29,blockpair_shape_after_zip;TW=[tw0x4|tw1x4];TP=[pre0x4|pre1x4]
3,1,28,0,x0,0,v26,P60,PT60,60,a240|a241|a242|a243|a624|a625|a626|a627,B0[240]|B0[241]|B0[242]|B0[243]|B1[240]|B1[241]|B1[242]|B1[243],-511,-200,-655,1577,-6209,14948,-655|-655|-655|-655|1577|1577|1577|1577,-6209|-6209|-6209|-6209|14948|14948|14948|14948,PT60=fqmul(P60,TW60),st3_{v26.8h|v22.8h|v30.8h}_[dst_g3_h1_col0],ld3_returns_x0=v26_x1=v22_x2=v30,blockpair_shape_after_zip;TW=[tw0x4|tw1x4];TP=[pre0x4|pre1x4]
3,1,28,0,x1,1,v22,P28,PT28,28,a112|a113|a114|a115|a496|a497|a498|a499,B0[112]|B0[113]|B0[114]|B0[115]|B1[112]|B1[113]|B1[114]|B1[115],-541,-387,-937,1202,-8882,11393,-937|-937|-937|-937|1202|1202|1202|1202,-8882|-8882|-8882|-8882|11393|11393|11393|11393,PT28=fqmul(P28,TW28),st3_{v26.8h|v22.8h|v30.8h}_[dst_g3_h1_col0],ld3_returns_x0=v26_x1=v22_x2=v30,blockpair_shape_after_zip;TW=[tw0x4|tw1x4];TP=[pre0x4|pre1x4]
3,1,28,0,x2,2,v30,P92,PT92,92,a368|a369|a370|a371|a752|a753|a754|a755,B0[368]|B0[369]|B0[370]|B0[371]|B1[368]|B1[369]|B1[370]|B1[371],757,-550,-1181,-1713,-11194,-16237,-1181|-1181|-1181|-1181|-1713|-1713|-1713|-1713,-11194|-11194|-11194|-11194|-16237|-16237|-16237|-16237,PT92=fqmul(P92,TW92),st3_{v26.8h|v22.8h|v30.8h}_[dst_g3_h1_col0],ld3_returns_x0=v26_x1=v22_x2=v30,blockpair_shape_after_zip;TW=[tw0x4|tw1x4];TP=[pre0x4|pre1x4]
3,1,29,1,x0,0,v31,P93,PT93,93,a372|a373|a374|a375|a756|a757|a758|a759,B0[372]|B0[373]|B0[374]|B0[375]|B1[372]|B1[373]|B1[374]|B1[375],-1350,-25,1138,-235,10787,-2228,1138|1138|1138|1138|-235|-235|-235|-235,10787|10787|10787|10787|-2228|-2228|-2228|-2228,PT93=fqmul(P93,TW93),st3_{v31.8h|v27.8h|v23.8h}_[dst_g3_h1_col1],ld3_returns_x0=v31_x1=v27_x2=v23,blockpair_shape_after_zip;TW=[tw0x4|tw1x4];TP=[pre0x4|pre1x4]
3,1,29,1,x1,1,v27,P61,PT61,61,a244|a245|a246|a247|a628|a629|a630|a631,B0[244]|B0[245]|B0[246]|B0[247]|B1[244]|B1[245]|B1[246]|B1[247],1473,1248,1401,-714,13280,-6768,1401|1401|1401|1401|-714|-714|-714|-714,13280|13280|13280|13280|-6768|-6768|-6768|-6768,PT61=fqmul(P61,TW61),st3_{v31.8h|v27.8h|v23.8h}_[dst_g3_h1_col1],ld3_returns_x0=v31_x1=v27_x2=v23,blockpair_shape_after_zip;TW=[tw0x4|tw1x4];TP=[pre0x4|pre1x4]
3,1,29,1,x2,2,v23,P29,PT29,29,a116|a117|a118|a119|a500|a501|a502|a503,B0[116]|B0[117]|B0[118]|B0[119]|B1[116]|B1[117]|B1[118]|B1[119],1458,-489,1260,1626,11943,15412,1260|1260|1260|1260|1626|1626|1626|1626,11943|11943|11943|11943|15412|15412|15412|15412,PT29=fqmul(P29,TW29),st3_{v31.8h|v27.8h|v23.8h}_[dst_g3_h1_col1],ld3_returns_x0=v31_x1=v27_x2=v23,blockpair_shape_after_zip;TW=[tw0x4|tw1x4];TP=[pre0x4|pre1x4]
3,1,30,2,x0,0,v24,P30,PT30,30,a120|a121|a122|a123|a504|a505|a506|a507,B0[120]|B0[121]|B0[122]|B0[123]|B1[120]|B1[121]|B1[122]|B1[123],729,1392,630,1331,5972,12616,630|630|630|630|1331|1331|1331|1331,5972|5972|5972|5972|12616|12616|12616|12616,PT30=fqmul(P30,TW30),st3_{v24.8h|v4.8h|v28.8h}_[dst_g3_h1_col2],ld3_returns_x0=v24_x1=v4_x2=v28,blockpair_shape_after_zip;TW=[tw0x4|tw1x4];TP=[pre0x4|pre1x4]
3,1,30,2,x1,1,v4,P94,PT94,94,a376|a377|a378|a379|a760|a761|a762|a763,B0[376]|B0[377]|B0[378]|B0[379]|B1[376]|B1[377]|B1[378]|B1[379],-675,156,569,775,5393,7346,569|569|569|569|775|775|775|775,5393|5393|5393|5393|7346|7346|7346|7346,PT94=fqmul(P94,TW94),st3_{v24.8h|v4.8h|v28.8h}_[dst_g3_h1_col2],ld3_returns_x0=v24_x1=v4_x2=v28,blockpair_shape_after_zip;TW=[tw0x4|tw1x4];TP=[pre0x4|pre1x4]
3,1,30,2,x2,2,v28,P62,PT62,62,a248|a249|a250|a251|a632|a633|a634|a635,B0[248]|B0[249]|B0[250]|B0[251]|B1[248]|B1[249]|B1[250]|B1[251],-992,371,-1028,-661,-9744,-6265,-1028|-1028|-1028|-1028|-661|-661|-661|-661,-9744|-9744|-9744|-9744|-6265|-6265|-6265|-6265,PT62=fqmul(P62,TW62),st3_{v24.8h|v4.8h|v28.8h}_[dst_g3_h1_col2],ld3_returns_x0=v24_x1=v4_x2=v28,blockpair_shape_after_zip;TW=[tw0x4|tw1x4];TP=[pre0x4|pre1x4]
3,1,31,3,x0,0,v29,P63,PT63,63,a252|a253|a254|a255|a636|a637|a638|a639,B0[252]|B0[253]|B0[254]|B0[255]|B1[252]|B1[253]|B1[254]|B1[255],-496,174,-514,-1130,-4872,-10711,-514|-514|-514|-514|-1130|-1130|-1130|-1130,-4872|-4872|-4872|-4872|-10711|-10711|-10711|-10711,PT63=fqmul(P63,TW63),st3_{v29.8h|v25.8h|v5.8h}_[dst_g3_h1_col3],ld3_returns_x0=v29_x1=v25_x2=v5,blockpair_shape_after_zip;TW=[tw0x4|tw1x4];TP=[pre0x4|pre1x4]
3,1,31,3,x1,1,v25,P31,PT31,31,a124|a125|a126|a127|a508|a509|a510|a511,B0[124]|B0[125]|B0[126]|B0[127]|B1[124]|B1[125]|B1[126]|B1[127],-1364,-251,315,-1668,2986,-15811,315|315|315|315|-1668|-1668|-1668|-1668,2986|2986|2986|2986|-15811|-15811|-15811|-15811,PT31=fqmul(P31,TW31),st3_{v29.8h|v25.8h|v5.8h}_[dst_g3_h1_col3],ld3_returns_x0=v29_x1=v25_x2=v5,blockpair_shape_after_zip;TW=[tw0x4|tw1x4];TP=[pre0x4|pre1x4]
3,1,31,3,x2,2,v5,P95,PT95,95,a380|a381|a382|a383|a764|a765|a766|a767,B0[380]|B0[381]|B0[382]|B0[383]|B1[380]|B1[381]|B1[382]|B1[383],1391,-1250,-1444,-1379,-13687,-13071,-1444|-1444|-1444|-1444|-1379|-1379|-1379|-1379,-13687|-13687|-13687|-13687|-13071|-13071|-13071|-13071,PT95=fqmul(P95,TW95),st3_{v29.8h|v25.8h|v5.8h}_[dst_g3_h1_col3],ld3_returns_x0=v29_x1=v25_x2=v5,blockpair_shape_after_zip;TW=[tw0x4|tw1x4];TP=[pre0x4|pre1x4]
