branch,base_F,block_k,position_start,position_end,lane_count,exponent,twist_table,twist_index,twist_mont,twist_normal,operation,expanded_positions,notes
0,2,0,0,3,4,-0,twist_branch0,0,-147,1,r[0..3]=r[0..3]*2^(-0),r[0]|r[1]|r[2]|r[3],same_twist_for_four_quartic_lanes
0,2,1,4,7,4,-1,twist_branch0,1,1655,1729,r[4..7]=r[4..7]*2^(-1),r[4]|r[5]|r[6]|r[7],same_twist_for_four_quartic_lanes
0,2,2,8,11,4,-2,twist_branch0,2,-901,2593,r[8..11]=r[8..11]*2^(-2),r[8]|r[9]|r[10]|r[11],same_twist_for_four_quartic_lanes
0,2,3,12,15,4,-3,twist_branch0,3,1278,3025,r[12..15]=r[12..15]*2^(-3),r[12]|r[13]|r[14]|r[15],same_twist_for_four_quartic_lanes
0,2,4,16,19,4,-4,twist_branch0,4,639,3241,r[16..19]=r[16..19]*2^(-4),r[16]|r[17]|r[18]|r[19],same_twist_for_four_quartic_lanes
0,2,5,20,23,4,-5,twist_branch0,5,-1409,3349,r[20..23]=r[20..23]*2^(-5),r[20]|r[21]|r[22]|r[23],same_twist_for_four_quartic_lanes
0,2,6,24,27,4,-6,twist_branch0,6,1024,3403,r[24..27]=r[24..27]*2^(-6),r[24]|r[25]|r[26]|r[27],same_twist_for_four_quartic_lanes
0,2,7,28,31,4,-7,twist_branch0,7,512,3430,r[28..31]=r[28..31]*2^(-7),r[28]|r[29]|r[30]|r[31],same_twist_for_four_quartic_lanes
0,2,8,32,35,4,-8,twist_branch0,8,256,1715,r[32..35]=r[32..35]*2^(-8),r[32]|r[33]|r[34]|r[35],same_twist_for_four_quartic_lanes
0,2,9,36,39,4,-9,twist_branch0,9,128,2586,r[36..39]=r[36..39]*2^(-9),r[36]|r[37]|r[38]|r[39],same_twist_for_four_quartic_lanes
0,2,10,40,43,4,-10,twist_branch0,10,64,1293,r[40..43]=r[40..43]*2^(-10),r[40]|r[41]|r[42]|r[43],same_twist_for_four_quartic_lanes
0,2,11,44,47,4,-11,twist_branch0,11,32,2375,r[44..47]=r[44..47]*2^(-11),r[44]|r[45]|r[46]|r[47],same_twist_for_four_quartic_lanes
0,2,12,48,51,4,-12,twist_branch0,12,16,2916,r[48..51]=r[48..51]*2^(-12),r[48]|r[49]|r[50]|r[51],same_twist_for_four_quartic_lanes
0,2,13,52,55,4,-13,twist_branch0,13,8,1458,r[52..55]=r[52..55]*2^(-13),r[52]|r[53]|r[54]|r[55],same_twist_for_four_quartic_lanes
0,2,14,56,59,4,-14,twist_branch0,14,4,729,r[56..59]=r[56..59]*2^(-14),r[56]|r[57]|r[58]|r[59],same_twist_for_four_quartic_lanes
0,2,15,60,63,4,-15,twist_branch0,15,2,2093,r[60..63]=r[60..63]*2^(-15),r[60]|r[61]|r[62]|r[63],same_twist_for_four_quartic_lanes
0,2,16,64,67,4,-16,twist_branch0,16,1,2775,r[64..67]=r[64..67]*2^(-16),r[64]|r[65]|r[66]|r[67],same_twist_for_four_quartic_lanes
0,2,17,68,71,4,-17,twist_branch0,17,-1728,3116,r[68..71]=r[68..71]*2^(-17),r[68]|r[69]|r[70]|r[71],same_twist_for_four_quartic_lanes
0,2,18,72,75,4,-18,twist_branch0,18,-864,1558,r[72..75]=r[72..75]*2^(-18),r[72]|r[73]|r[74]|r[75],same_twist_for_four_quartic_lanes
0,2,19,76,79,4,-19,twist_branch0,19,-432,779,r[76..79]=r[76..79]*2^(-19),r[76]|r[77]|r[78]|r[79],same_twist_for_four_quartic_lanes
0,2,20,80,83,4,-20,twist_branch0,20,-216,2118,r[80..83]=r[80..83]*2^(-20),r[80]|r[81]|r[82]|r[83],same_twist_for_four_quartic_lanes
0,2,21,84,87,4,-21,twist_branch0,21,-108,1059,r[84..87]=r[84..87]*2^(-21),r[84]|r[85]|r[86]|r[87],same_twist_for_four_quartic_lanes
0,2,22,88,91,4,-22,twist_branch0,22,-54,2258,r[88..91]=r[88..91]*2^(-22),r[88]|r[89]|r[90]|r[91],same_twist_for_four_quartic_lanes
0,2,23,92,95,4,-23,twist_branch0,23,-27,1129,r[92..95]=r[92..95]*2^(-23),r[92]|r[93]|r[94]|r[95],same_twist_for_four_quartic_lanes
0,2,24,96,99,4,-24,twist_branch0,24,1715,2293,r[96..99]=r[96..99]*2^(-24),r[96]|r[97]|r[98]|r[99],same_twist_for_four_quartic_lanes
0,2,25,100,103,4,-25,twist_branch0,25,-871,2875,r[100..103]=r[100..103]*2^(-25),r[100]|r[101]|r[102]|r[103],same_twist_for_four_quartic_lanes
0,2,26,104,107,4,-26,twist_branch0,26,1293,3166,r[104..107]=r[104..107]*2^(-26),r[104]|r[105]|r[106]|r[107],same_twist_for_four_quartic_lanes
0,2,27,108,111,4,-27,twist_branch0,27,-1082,1583,r[108..111]=r[108..111]*2^(-27),r[108]|r[109]|r[110]|r[111],same_twist_for_four_quartic_lanes
0,2,28,112,115,4,-28,twist_branch0,28,-541,2520,r[112..115]=r[112..115]*2^(-28),r[112]|r[113]|r[114]|r[115],same_twist_for_four_quartic_lanes
0,2,29,116,119,4,-29,twist_branch0,29,1458,1260,r[116..119]=r[116..119]*2^(-29),r[116]|r[117]|r[118]|r[119],same_twist_for_four_quartic_lanes
0,2,30,120,123,4,-30,twist_branch0,30,729,630,r[120..123]=r[120..123]*2^(-30),r[120]|r[121]|r[122]|r[123],same_twist_for_four_quartic_lanes
0,2,31,124,127,4,-31,twist_branch0,31,-1364,315,r[124..127]=r[124..127]*2^(-31),r[124]|r[125]|r[126]|r[127],same_twist_for_four_quartic_lanes
0,2,32,128,131,4,-32,twist_branch0,32,-682,1886,r[128..131]=r[128..131]*2^(-32),r[128]|r[129]|r[130]|r[131],same_twist_for_four_quartic_lanes
0,2,33,132,135,4,-33,twist_branch0,33,-341,943,r[132..135]=r[132..135]*2^(-33),r[132]|r[133]|r[134]|r[135],same_twist_for_four_quartic_lanes
0,2,34,136,139,4,-34,twist_branch0,34,1558,2200,r[136..139]=r[136..139]*2^(-34),r[136]|r[137]|r[138]|r[139],same_twist_for_four_quartic_lanes
0,2,35,140,143,4,-35,twist_branch0,35,779,1100,r[140..143]=r[140..143]*2^(-35),r[140]|r[141]|r[142]|r[143],same_twist_for_four_quartic_lanes
0,2,36,144,147,4,-36,twist_branch0,36,-1339,550,r[144..147]=r[144..147]*2^(-36),r[144]|r[145]|r[146]|r[147],same_twist_for_four_quartic_lanes
0,2,37,148,151,4,-37,twist_branch0,37,1059,275,r[148..151]=r[148..151]*2^(-37),r[148]|r[149]|r[150]|r[151],same_twist_for_four_quartic_lanes
0,2,38,152,155,4,-38,twist_branch0,38,-1199,1866,r[152..155]=r[152..155]*2^(-38),r[152]|r[153]|r[154]|r[155],same_twist_for_four_quartic_lanes
0,2,39,156,159,4,-39,twist_branch0,39,1129,933,r[156..159]=r[156..159]*2^(-39),r[156]|r[157]|r[158]|r[159],same_twist_for_four_quartic_lanes
0,2,40,160,163,4,-40,twist_branch0,40,-1164,2195,r[160..163]=r[160..163]*2^(-40),r[160]|r[161]|r[162]|r[163],same_twist_for_four_quartic_lanes
0,2,41,164,167,4,-41,twist_branch0,41,-582,2826,r[164..167]=r[164..167]*2^(-41),r[164]|r[165]|r[166]|r[167],same_twist_for_four_quartic_lanes
0,2,42,168,171,4,-42,twist_branch0,42,-291,1413,r[168..171]=r[168..171]*2^(-42),r[168]|r[169]|r[170]|r[171],same_twist_for_four_quartic_lanes
0,2,43,172,175,4,-43,twist_branch0,43,1583,2435,r[172..175]=r[172..175]*2^(-43),r[172]|r[173]|r[174]|r[175],same_twist_for_four_quartic_lanes
0,2,44,176,179,4,-44,twist_branch0,44,-937,2946,r[176..179]=r[176..179]*2^(-44),r[176]|r[177]|r[178]|r[179],same_twist_for_four_quartic_lanes
0,2,45,180,183,4,-45,twist_branch0,45,1260,1473,r[180..183]=r[180..183]*2^(-45),r[180]|r[181]|r[182]|r[183],same_twist_for_four_quartic_lanes
0,2,46,184,187,4,-46,twist_branch0,46,630,2465,r[184..187]=r[184..187]*2^(-46),r[184]|r[185]|r[186]|r[187],same_twist_for_four_quartic_lanes
0,2,47,188,191,4,-47,twist_branch0,47,315,2961,r[188..191]=r[188..191]*2^(-47),r[188]|r[189]|r[190]|r[191],same_twist_for_four_quartic_lanes
0,2,48,192,195,4,-48,twist_branch0,48,-1571,3209,r[192..195]=r[192..195]*2^(-48),r[192]|r[193]|r[194]|r[195],same_twist_for_four_quartic_lanes
0,2,49,196,199,4,-49,twist_branch0,49,943,3333,r[196..199]=r[196..199]*2^(-49),r[196]|r[197]|r[198]|r[199],same_twist_for_four_quartic_lanes
0,2,50,200,203,4,-50,twist_branch0,50,-1257,3395,r[200..203]=r[200..203]*2^(-50),r[200]|r[201]|r[202]|r[203],same_twist_for_four_quartic_lanes
0,2,51,204,207,4,-51,twist_branch0,51,1100,3426,r[204..207]=r[204..207]*2^(-51),r[204]|r[205]|r[206]|r[207],same_twist_for_four_quartic_lanes
0,2,52,208,211,4,-52,twist_branch0,52,550,1713,r[208..211]=r[208..211]*2^(-52),r[208]|r[209]|r[210]|r[211],same_twist_for_four_quartic_lanes
0,2,53,212,215,4,-53,twist_branch0,53,275,2585,r[212..215]=r[212..215]*2^(-53),r[212]|r[213]|r[214]|r[215],same_twist_for_four_quartic_lanes
0,2,54,216,219,4,-54,twist_branch0,54,-1591,3021,r[216..219]=r[216..219]*2^(-54),r[216]|r[217]|r[218]|r[219],same_twist_for_four_quartic_lanes
0,2,55,220,223,4,-55,twist_branch0,55,933,3239,r[220..223]=r[220..223]*2^(-55),r[220]|r[221]|r[222]|r[223],same_twist_for_four_quartic_lanes
0,2,56,224,227,4,-56,twist_branch0,56,-1262,3348,r[224..227]=r[224..227]*2^(-56),r[224]|r[225]|r[226]|r[227],same_twist_for_four_quartic_lanes
0,2,57,228,231,4,-57,twist_branch0,57,-631,1674,r[228..231]=r[228..231]*2^(-57),r[228]|r[229]|r[230]|r[231],same_twist_for_four_quartic_lanes
0,2,58,232,235,4,-58,twist_branch0,58,1413,837,r[232..235]=r[232..235]*2^(-58),r[232]|r[233]|r[234]|r[235],same_twist_for_four_quartic_lanes
0,2,59,236,239,4,-59,twist_branch0,59,-1022,2147,r[236..239]=r[236..239]*2^(-59),r[236]|r[237]|r[238]|r[239],same_twist_for_four_quartic_lanes
0,2,60,240,243,4,-60,twist_branch0,60,-511,2802,r[240..243]=r[240..243]*2^(-60),r[240]|r[241]|r[242]|r[243],same_twist_for_four_quartic_lanes
0,2,61,244,247,4,-61,twist_branch0,61,1473,1401,r[244..247]=r[244..247]*2^(-61),r[244]|r[245]|r[246]|r[247],same_twist_for_four_quartic_lanes
0,2,62,248,251,4,-62,twist_branch0,62,-992,2429,r[248..251]=r[248..251]*2^(-62),r[248]|r[249]|r[250]|r[251],same_twist_for_four_quartic_lanes
0,2,63,252,255,4,-63,twist_branch0,63,-496,2943,r[252..255]=r[252..255]*2^(-63),r[252]|r[253]|r[254]|r[255],same_twist_for_four_quartic_lanes
0,2,64,256,259,4,-64,twist_branch0,64,-248,3200,r[256..259]=r[256..259]*2^(-64),r[256]|r[257]|r[258]|r[259],same_twist_for_four_quartic_lanes
0,2,65,260,263,4,-65,twist_branch0,65,-124,1600,r[260..263]=r[260..263]*2^(-65),r[260]|r[261]|r[262]|r[263],same_twist_for_four_quartic_lanes
0,2,66,264,267,4,-66,twist_branch0,66,-62,800,r[264..267]=r[264..267]*2^(-66),r[264]|r[265]|r[266]|r[267],same_twist_for_four_quartic_lanes
0,2,67,268,271,4,-67,twist_branch0,67,-31,400,r[268..271]=r[268..271]*2^(-67),r[268]|r[269]|r[270]|r[271],same_twist_for_four_quartic_lanes
0,2,68,272,275,4,-68,twist_branch0,68,1713,200,r[272..275]=r[272..275]*2^(-68),r[272]|r[273]|r[274]|r[275],same_twist_for_four_quartic_lanes
0,2,69,276,279,4,-69,twist_branch0,69,-872,100,r[276..279]=r[276..279]*2^(-69),r[276]|r[277]|r[278]|r[279],same_twist_for_four_quartic_lanes
0,2,70,280,283,4,-70,twist_branch0,70,-436,50,r[280..283]=r[280..283]*2^(-70),r[280]|r[281]|r[282]|r[283],same_twist_for_four_quartic_lanes
0,2,71,284,287,4,-71,twist_branch0,71,-218,25,r[284..287]=r[284..287]*2^(-71),r[284]|r[285]|r[286]|r[287],same_twist_for_four_quartic_lanes
0,2,72,288,291,4,-72,twist_branch0,72,-109,1741,r[288..291]=r[288..291]*2^(-72),r[288]|r[289]|r[290]|r[291],same_twist_for_four_quartic_lanes
0,2,73,292,295,4,-73,twist_branch0,73,1674,2599,r[292..295]=r[292..295]*2^(-73),r[292]|r[293]|r[294]|r[295],same_twist_for_four_quartic_lanes
0,2,74,296,299,4,-74,twist_branch0,74,837,3028,r[296..299]=r[296..299]*2^(-74),r[296]|r[297]|r[298]|r[299],same_twist_for_four_quartic_lanes
0,2,75,300,303,4,-75,twist_branch0,75,-1310,1514,r[300..303]=r[300..303]*2^(-75),r[300]|r[301]|r[302]|r[303],same_twist_for_four_quartic_lanes
0,2,76,304,307,4,-76,twist_branch0,76,-655,757,r[304..307]=r[304..307]*2^(-76),r[304]|r[305]|r[306]|r[307],same_twist_for_four_quartic_lanes
0,2,77,308,311,4,-77,twist_branch0,77,1401,2107,r[308..311]=r[308..311]*2^(-77),r[308]|r[309]|r[310]|r[311],same_twist_for_four_quartic_lanes
0,2,78,312,315,4,-78,twist_branch0,78,-1028,2782,r[312..315]=r[312..315]*2^(-78),r[312]|r[313]|r[314]|r[315],same_twist_for_four_quartic_lanes
0,2,79,316,319,4,-79,twist_branch0,79,-514,1391,r[316..319]=r[316..319]*2^(-79),r[316]|r[317]|r[318]|r[319],same_twist_for_four_quartic_lanes
0,2,80,320,323,4,-80,twist_branch0,80,-257,2424,r[320..323]=r[320..323]*2^(-80),r[320]|r[321]|r[322]|r[323],same_twist_for_four_quartic_lanes
0,2,81,324,327,4,-81,twist_branch0,81,1600,1212,r[324..327]=r[324..327]*2^(-81),r[324]|r[325]|r[326]|r[327],same_twist_for_four_quartic_lanes
0,2,82,328,331,4,-82,twist_branch0,82,800,606,r[328..331]=r[328..331]*2^(-82),r[328]|r[329]|r[330]|r[331],same_twist_for_four_quartic_lanes
0,2,83,332,335,4,-83,twist_branch0,83,400,303,r[332..335]=r[332..335]*2^(-83),r[332]|r[333]|r[334]|r[335],same_twist_for_four_quartic_lanes
0,2,84,336,339,4,-84,twist_branch0,84,200,1880,r[336..339]=r[336..339]*2^(-84),r[336]|r[337]|r[338]|r[339],same_twist_for_four_quartic_lanes
0,2,85,340,343,4,-85,twist_branch0,85,100,940,r[340..343]=r[340..343]*2^(-85),r[340]|r[341]|r[342]|r[343],same_twist_for_four_quartic_lanes
0,2,86,344,347,4,-86,twist_branch0,86,50,470,r[344..347]=r[344..347]*2^(-86),r[344]|r[345]|r[346]|r[347],same_twist_for_four_quartic_lanes
0,2,87,348,351,4,-87,twist_branch0,87,25,235,r[348..351]=r[348..351]*2^(-87),r[348]|r[349]|r[350]|r[351],same_twist_for_four_quartic_lanes
0,2,88,352,355,4,-88,twist_branch0,88,-1716,1846,r[352..355]=r[352..355]*2^(-88),r[352]|r[353]|r[354]|r[355],same_twist_for_four_quartic_lanes
0,2,89,356,359,4,-89,twist_branch0,89,-858,923,r[356..359]=r[356..359]*2^(-89),r[356]|r[357]|r[358]|r[359],same_twist_for_four_quartic_lanes
0,2,90,360,363,4,-90,twist_branch0,90,-429,2190,r[360..363]=r[360..363]*2^(-90),r[360]|r[361]|r[362]|r[363],same_twist_for_four_quartic_lanes
0,2,91,364,367,4,-91,twist_branch0,91,1514,1095,r[364..367]=r[364..367]*2^(-91),r[364]|r[365]|r[366]|r[367],same_twist_for_four_quartic_lanes
0,2,92,368,371,4,-92,twist_branch0,92,757,2276,r[368..371]=r[368..371]*2^(-92),r[368]|r[369]|r[370]|r[371],same_twist_for_four_quartic_lanes
0,2,93,372,375,4,-93,twist_branch0,93,-1350,1138,r[372..375]=r[372..375]*2^(-93),r[372]|r[373]|r[374]|r[375],same_twist_for_four_quartic_lanes
0,2,94,376,379,4,-94,twist_branch0,94,-675,569,r[376..379]=r[376..379]*2^(-94),r[376]|r[377]|r[378]|r[379],same_twist_for_four_quartic_lanes
0,2,95,380,383,4,-95,twist_branch0,95,1391,2013,r[380..383]=r[380..383]*2^(-95),r[380]|r[381]|r[382]|r[383],same_twist_for_four_quartic_lanes
1,22,0,384,387,4,-0,twist_branch1,0,-147,1,r[384..387]=r[384..387]*22^(-0),r[384]|r[385]|r[386]|r[387],same_twist_for_four_quartic_lanes
1,22,1,388,391,4,-1,twist_branch1,1,779,1100,r[388..391]=r[388..391]*22^(-1),r[388]|r[389]|r[390]|r[391],same_twist_for_four_quartic_lanes
1,22,2,392,395,4,-2,twist_branch1,2,-436,50,r[392..395]=r[392..395]*22^(-2),r[392]|r[393]|r[394]|r[395],same_twist_for_four_quartic_lanes
1,22,3,396,399,4,-3,twist_branch1,3,923,3145,r[396..399]=r[396..399]*22^(-3),r[396]|r[397]|r[398]|r[399],same_twist_for_four_quartic_lanes
1,22,4,400,403,4,-4,twist_branch1,4,-1058,2500,r[400..403]=r[400..403]*22^(-4),r[400]|r[401]|r[402]|r[403],same_twist_for_four_quartic_lanes
1,22,5,404,407,4,-5,twist_branch1,5,1209,1685,r[404..407]=r[404..407]*22^(-5),r[404]|r[405]|r[406]|r[407],same_twist_for_four_quartic_lanes
1,22,6,408,411,4,-6,twist_branch1,6,-1045,548,r[408..411]=r[408..411]*22^(-6),r[408]|r[409]|r[410]|r[411],same_twist_for_four_quartic_lanes
1,22,7,412,415,4,-7,twist_branch1,7,1681,1282,r[412..415]=r[412..415]*22^(-7),r[412]|r[413]|r[414]|r[415],same_twist_for_four_quartic_lanes
1,22,8,416,419,4,-8,twist_branch1,8,-395,3201,r[416..419]=r[416..419]*22^(-8),r[416]|r[417]|r[418]|r[419],same_twist_for_four_quartic_lanes
1,22,9,420,423,4,-9,twist_branch1,9,1082,1874,r[420..423]=r[420..423]*22^(-9),r[420]|r[421]|r[422]|r[423],same_twist_for_four_quartic_lanes
1,22,10,424,427,4,-10,twist_branch1,10,992,1028,r[424..427]=r[424..427]*22^(-10),r[424]|r[425]|r[426]|r[427],same_twist_for_four_quartic_lanes
1,22,11,428,431,4,-11,twist_branch1,11,-1212,361,r[428..431]=r[428..431]*22^(-11),r[428]|r[429]|r[430]|r[431],same_twist_for_four_quartic_lanes
1,22,12,432,435,4,-12,twist_branch1,12,1202,3002,r[432..435]=r[432..435]*22^(-12),r[432]|r[433]|r[434]|r[435],same_twist_for_four_quartic_lanes
1,22,13,436,439,4,-13,twist_branch1,13,1626,765,r[436..439]=r[436..439]*22^(-13),r[436]|r[437]|r[438]|r[439],same_twist_for_four_quartic_lanes
1,22,14,440,443,4,-14,twist_branch1,14,1331,1449,r[440..443]=r[440..443]*22^(-14),r[440]|r[441]|r[442]|r[443],same_twist_for_four_quartic_lanes
1,22,15,444,447,4,-15,twist_branch1,15,-1668,223,r[444..447]=r[444..447]*22^(-15),r[444]|r[445]|r[446]|r[447],same_twist_for_four_quartic_lanes
1,22,16,448,451,4,-16,twist_branch1,16,867,3310,r[448..451]=r[448..451]*22^(-16),r[448]|r[449]|r[450]|r[451],same_twist_for_four_quartic_lanes
1,22,17,452,455,4,-17,twist_branch1,17,-432,779,r[452..455]=r[452..455]*22^(-17),r[452]|r[453]|r[454]|r[455],same_twist_for_four_quartic_lanes
1,22,18,456,459,4,-18,twist_branch1,18,-1591,3021,r[456..459]=r[456..459]*22^(-18),r[456]|r[457]|r[458]|r[459],same_twist_for_four_quartic_lanes
1,22,19,460,463,4,-19,twist_branch1,19,-858,923,r[460..463]=r[460..463]*22^(-19),r[460]|r[461]|r[462]|r[463],same_twist_for_four_quartic_lanes
1,22,20,464,467,4,-20,twist_branch1,20,-39,2399,r[464..467]=r[464..467]*22^(-20),r[464]|r[465]|r[466]|r[467],same_twist_for_four_quartic_lanes
1,22,21,468,471,4,-21,twist_branch1,21,-1416,1209,r[468..471]=r[468..471]*22^(-21),r[468]|r[469]|r[470]|r[471],same_twist_for_four_quartic_lanes
1,22,22,472,475,4,-22,twist_branch1,22,1507,2412,r[472..475]=r[472..475]*22^(-22),r[472]|r[473]|r[474]|r[475],same_twist_for_four_quartic_lanes
1,22,23,476,479,4,-23,twist_branch1,23,-1660,1681,r[476..479]=r[476..479]*22^(-23),r[476]|r[477]|r[478]|r[479],same_twist_for_four_quartic_lanes
1,22,24,480,483,4,-24,twist_branch1,24,-704,3062,r[480..483]=r[480..483]*22^(-24),r[480]|r[481]|r[482]|r[483],same_twist_for_four_quartic_lanes
1,22,25,484,487,4,-25,twist_branch1,25,-32,1082,r[484..487]=r[484..487]*22^(-25),r[484]|r[485]|r[486]|r[487],same_twist_for_four_quartic_lanes
1,22,26,488,491,4,-26,twist_branch1,26,-630,992,r[488..491]=r[488..491]*22^(-26),r[488]|r[489]|r[490]|r[491],same_twist_for_four_quartic_lanes
1,22,27,492,495,4,-27,twist_branch1,27,-1600,2245,r[492..495]=r[492..495]*22^(-27),r[492]|r[493]|r[494]|r[495],same_twist_for_four_quartic_lanes
1,22,28,496,499,4,-28,twist_branch1,28,-387,1202,r[496..499]=r[496..499]*22^(-28),r[496]|r[497]|r[498]|r[499],same_twist_for_four_quartic_lanes
1,22,29,500,503,4,-29,twist_branch1,29,-489,1626,r[500..503]=r[500..503]*22^(-29),r[500]|r[501]|r[502]|r[503],same_twist_for_four_quartic_lanes
1,22,30,504,507,4,-30,twist_branch1,30,1392,1331,r[504..507]=r[504..507]*22^(-30),r[504]|r[505]|r[506]|r[507],same_twist_for_four_quartic_lanes
1,22,31,508,511,4,-31,twist_branch1,31,-251,1789,r[508..511]=r[508..511]*22^(-31),r[508]|r[509]|r[510]|r[511],same_twist_for_four_quartic_lanes
1,22,32,512,515,4,-32,twist_branch1,32,460,867,r[512..515]=r[512..515]*22^(-32),r[512]|r[513]|r[514]|r[515],same_twist_for_four_quartic_lanes
1,22,33,516,519,4,-33,twist_branch1,33,1278,3025,r[516..519]=r[516..519]*22^(-33),r[516]|r[517]|r[518]|r[519],same_twist_for_four_quartic_lanes
1,22,34,520,523,4,-34,twist_branch1,34,-1199,1866,r[520..523]=r[520..523]*22^(-34),r[520]|r[521]|r[522]|r[523],same_twist_for_four_quartic_lanes
1,22,35,524,527,4,-35,twist_branch1,35,1674,2599,r[524..527]=r[524..527]*22^(-35),r[524]|r[525]|r[526]|r[527],same_twist_for_four_quartic_lanes
1,22,36,528,531,4,-36,twist_branch1,36,-1181,3418,r[528..531]=r[528..531]*22^(-36),r[528]|r[529]|r[530]|r[531],same_twist_for_four_quartic_lanes
1,22,37,532,535,4,-37,twist_branch1,37,732,2041,r[532..535]=r[532..535]*22^(-37),r[532]|r[533]|r[534]|r[535],same_twist_for_four_quartic_lanes
1,22,38,536,539,4,-38,twist_branch1,38,-281,1507,r[536..539]=r[536..539]*22^(-38),r[536]|r[537]|r[538]|r[539],same_twist_for_four_quartic_lanes
1,22,39,540,543,4,-39,twist_branch1,39,-1427,1797,r[540..543]=r[540..543]*22^(-39),r[540]|r[541]|r[542]|r[543],same_twist_for_four_quartic_lanes
1,22,40,544,547,4,-40,twist_branch1,40,-222,2753,r[544..547]=r[544..547]*22^(-40),r[544]|r[545]|r[546]|r[547],same_twist_for_four_quartic_lanes
1,22,41,548,551,4,-41,twist_branch1,41,1247,3425,r[548..551]=r[548..551]*22^(-41),r[548]|r[549]|r[550]|r[551],same_twist_for_four_quartic_lanes
1,22,42,552,555,4,-42,twist_branch1,42,-729,2827,r[552..555]=r[552..555]*22^(-42),r[552]|r[553]|r[554]|r[555],same_twist_for_four_quartic_lanes
1,22,43,556,559,4,-43,twist_branch1,43,124,1857,r[556..559]=r[556..559]*22^(-43),r[556]|r[557]|r[558]|r[559],same_twist_for_four_quartic_lanes
1,22,44,560,563,4,-44,twist_branch1,44,1577,3070,r[560..563]=r[560..563]*22^(-44),r[560]|r[561]|r[562]|r[563],same_twist_for_four_quartic_lanes
1,22,45,564,567,4,-45,twist_branch1,45,-714,2968,r[564..567]=r[564..567]*22^(-45),r[564]|r[565]|r[566]|r[567],same_twist_for_four_quartic_lanes
1,22,46,568,571,4,-46,twist_branch1,46,-661,1392,r[568..571]=r[568..571]*22^(-46),r[568]|r[569]|r[570]|r[571],same_twist_for_four_quartic_lanes
1,22,47,572,575,4,-47,twist_branch1,47,-1130,3206,r[572..575]=r[572..575]*22^(-47),r[572]|r[573]|r[574]|r[575],same_twist_for_four_quartic_lanes
1,22,48,576,579,4,-48,twist_branch1,48,1520,460,r[576..579]=r[576..579]*22^(-48),r[576]|r[577]|r[578]|r[579],same_twist_for_four_quartic_lanes
1,22,49,580,583,4,-49,twist_branch1,49,-1188,1278,r[580..583]=r[580..583]*22^(-49),r[580]|r[581]|r[582]|r[583],same_twist_for_four_quartic_lanes
1,22,50,584,587,4,-50,twist_branch1,50,-54,2258,r[584..587]=r[584..587]*22^(-50),r[584]|r[585]|r[586]|r[587],same_twist_for_four_quartic_lanes
1,22,51,588,591,4,-51,twist_branch1,51,-631,1674,r[588..591]=r[588..591]*22^(-51),r[588]|r[589]|r[590]|r[591],same_twist_for_four_quartic_lanes
1,22,52,592,595,4,-52,twist_branch1,52,757,2276,r[592..595]=r[592..595]*22^(-52),r[592]|r[593]|r[594]|r[595],same_twist_for_four_quartic_lanes
1,22,53,596,599,4,-53,twist_branch1,53,-437,732,r[596..599]=r[596..599]*22^(-53),r[596]|r[597]|r[598]|r[599],same_twist_for_four_quartic_lanes
1,22,54,600,603,4,-54,twist_branch1,54,-177,3176,r[600..603]=r[600..603]*22^(-54),r[600]|r[601]|r[602]|r[603],same_twist_for_four_quartic_lanes
1,22,55,604,607,4,-55,twist_branch1,55,-1108,2030,r[604..607]=r[604..607]*22^(-55),r[604]|r[605]|r[606]|r[607],same_twist_for_four_quartic_lanes
1,22,56,608,611,4,-56,twist_branch1,56,1521,3235,r[608..611]=r[608..611]*22^(-56),r[608]|r[609]|r[610]|r[611],same_twist_for_four_quartic_lanes
1,22,57,612,615,4,-57,twist_branch1,57,-88,1247,r[612..615]=r[612..615]*22^(-57),r[612]|r[613]|r[614]|r[615],same_twist_for_four_quartic_lanes
1,22,58,616,619,4,-58,twist_branch1,58,-4,2728,r[616..619]=r[616..619]*22^(-58),r[616]|r[617]|r[618]|r[619],same_twist_for_four_quartic_lanes
1,22,59,620,623,4,-59,twist_branch1,59,-943,124,r[620..623]=r[620..623]*22^(-59),r[620]|r[621]|r[622]|r[623],same_twist_for_four_quartic_lanes
1,22,60,624,627,4,-60,twist_branch1,60,-200,1577,r[624..627]=r[624..627]*22^(-60),r[624]|r[625]|r[626]|r[627],same_twist_for_four_quartic_lanes
1,22,61,628,631,4,-61,twist_branch1,61,1248,2743,r[628..631]=r[628..631]*22^(-61),r[628]|r[629]|r[630]|r[631],same_twist_for_four_quartic_lanes
1,22,62,632,635,4,-62,twist_branch1,62,371,2796,r[632..635]=r[632..635]*22^(-62),r[632]|r[633]|r[634]|r[635],same_twist_for_four_quartic_lanes
1,22,63,636,639,4,-63,twist_branch1,63,174,2327,r[636..639]=r[636..639]*22^(-63),r[636]|r[637]|r[638]|r[639],same_twist_for_four_quartic_lanes
1,22,64,640,643,4,-64,twist_branch1,64,1265,1520,r[640..643]=r[640..643]*22^(-64),r[640]|r[641]|r[642]|r[643],same_twist_for_four_quartic_lanes
1,22,65,644,647,4,-65,twist_branch1,65,-1671,2269,r[644..647]=r[644..647]*22^(-65),r[644]|r[645]|r[646]|r[647],same_twist_for_four_quartic_lanes
1,22,66,648,651,4,-66,twist_branch1,66,1024,3403,r[648..651]=r[648..651]*22^(-66),r[648]|r[649]|r[650]|r[651],same_twist_for_four_quartic_lanes
1,22,67,652,655,4,-67,twist_branch1,67,-582,2826,r[652..655]=r[652..655]*22^(-67),r[652]|r[653]|r[654]|r[655],same_twist_for_four_quartic_lanes
1,22,68,656,659,4,-68,twist_branch1,68,-655,757,r[656..659]=r[656..659]*22^(-68),r[656]|r[657]|r[658]|r[659],same_twist_for_four_quartic_lanes
1,22,69,660,663,4,-69,twist_branch1,69,-1444,3020,r[660..663]=r[660..663]*22^(-69),r[660]|r[661]|r[662]|r[663],same_twist_for_four_quartic_lanes
1,22,70,664,667,4,-70,twist_branch1,70,-1637,3280,r[664..667]=r[664..667]*22^(-70),r[664]|r[665]|r[666]|r[667],same_twist_for_four_quartic_lanes
1,22,71,668,671,4,-71,twist_branch1,71,397,2349,r[668..671]=r[668..671]*22^(-71),r[668]|r[669]|r[670]|r[671],same_twist_for_four_quartic_lanes
1,22,72,672,675,4,-72,twist_branch1,72,1118,1521,r[672..675]=r[672..675]*22^(-72),r[672]|r[673]|r[674]|r[675],same_twist_for_four_quartic_lanes
1,22,73,676,679,4,-73,twist_branch1,73,-892,3369,r[676..679]=r[676..679]*22^(-73),r[676]|r[677]|r[678]|r[679],same_twist_for_four_quartic_lanes
1,22,74,680,683,4,-74,twist_branch1,74,588,3453,r[680..683]=r[680..683]*22^(-74),r[680]|r[681]|r[682]|r[683],same_twist_for_four_quartic_lanes
1,22,75,684,687,4,-75,twist_branch1,75,341,2514,r[684..687]=r[684..687]*22^(-75),r[684]|r[685]|r[686]|r[687],same_twist_for_four_quartic_lanes
1,22,76,688,691,4,-76,twist_branch1,76,-1713,3257,r[688..691]=r[688..691]*22^(-76),r[688]|r[689]|r[690]|r[691],same_twist_for_four_quartic_lanes
1,22,77,692,695,4,-77,twist_branch1,77,-235,1248,r[692..695]=r[692..695]*22^(-77),r[692]|r[693]|r[694]|r[695],same_twist_for_four_quartic_lanes
1,22,78,696,699,4,-78,twist_branch1,78,775,371,r[696..699]=r[696..699]*22^(-78),r[696]|r[697]|r[698]|r[699],same_twist_for_four_quartic_lanes
1,22,79,700,703,4,-79,twist_branch1,79,-1379,174,r[700..703]=r[700..703]*22^(-79),r[700]|r[701]|r[702]|r[703],same_twist_for_four_quartic_lanes
1,22,80,704,707,4,-80,twist_branch1,80,723,1265,r[704..707]=r[704..707]*22^(-80),r[704]|r[705]|r[706]|r[707],same_twist_for_four_quartic_lanes
1,22,81,708,711,4,-81,twist_branch1,81,190,1786,r[708..711]=r[708..711]*22^(-81),r[708]|r[709]|r[710]|r[711],same_twist_for_four_quartic_lanes
1,22,82,712,715,4,-82,twist_branch1,82,1580,1024,r[712..715]=r[712..715]*22^(-82),r[712]|r[713]|r[714]|r[715],same_twist_for_four_quartic_lanes
1,22,83,716,719,4,-83,twist_branch1,83,-871,2875,r[716..719]=r[716..719]*22^(-83),r[716]|r[717]|r[718]|r[719],same_twist_for_four_quartic_lanes
1,22,84,720,723,4,-84,twist_branch1,84,-511,2802,r[720..723]=r[720..723]*22^(-84),r[720]|r[721]|r[722]|r[723],same_twist_for_four_quartic_lanes
1,22,85,724,727,4,-85,twist_branch1,85,1391,2013,r[724..727]=r[724..727]*22^(-85),r[724]|r[725]|r[726]|r[727],same_twist_for_four_quartic_lanes
1,22,86,728,731,4,-86,twist_branch1,86,-1351,1820,r[728..731]=r[728..731]*22^(-86),r[728]|r[729]|r[730]|r[731],same_twist_for_four_quartic_lanes
1,22,87,732,735,4,-87,twist_branch1,87,410,397,r[732..735]=r[732..735]*22^(-87),r[732]|r[733]|r[734]|r[735],same_twist_for_four_quartic_lanes
1,22,88,736,739,4,-88,twist_branch1,88,1590,1118,r[736..739]=r[736..739]*22^(-88),r[736]|r[737]|r[738]|r[739],same_twist_for_four_quartic_lanes
1,22,89,740,743,4,-89,twist_branch1,89,-242,2565,r[740..743]=r[740..743]*22^(-89),r[740]|r[741]|r[742]|r[743],same_twist_for_four_quartic_lanes
1,22,90,744,747,4,-90,twist_branch1,90,-11,588,r[744..747]=r[744..747]*22^(-90),r[744]|r[745]|r[746]|r[747],same_twist_for_four_quartic_lanes
1,22,91,748,751,4,-91,twist_branch1,91,1728,341,r[748..751]=r[748..751]*22^(-91),r[748]|r[749]|r[750]|r[751],same_twist_for_four_quartic_lanes
1,22,92,752,755,4,-92,twist_branch1,92,-550,1744,r[752..755]=r[752..755]*22^(-92),r[752]|r[753]|r[754]|r[755],same_twist_for_four_quartic_lanes
1,22,93,756,759,4,-93,twist_branch1,93,-25,3222,r[756..759]=r[756..759]*22^(-93),r[756]|r[757]|r[758]|r[759],same_twist_for_four_quartic_lanes
1,22,94,760,763,4,-94,twist_branch1,94,156,775,r[760..763]=r[760..763]*22^(-94),r[760]|r[761]|r[762]|r[763],same_twist_for_four_quartic_lanes
1,22,95,764,767,4,-95,twist_branch1,95,-1250,2078,r[764..767]=r[764..767]*22^(-95),r[764]|r[765]|r[766]|r[767],same_twist_for_four_quartic_lanes
