pair_i,low_input_pos,high_input_pos,top_zeta_mont,top_zeta_normal,asm_loop_iter,asm_lane,asm_low_load_register,asm_high_load_register,asm_temp_register,branch0_output_pos,branch0_output_register,branch0_formula,branch1_output_pos,branch1_output_register,branch1_formula,notes
0,0,384,-1033,2735,0,0,v4,v10,v16,0,v4,t=fqmul_zeta_top_a[384];r[0]=a[0]+t,384,v10,t=fqmul_zeta_top_a[384];r[384]=a[0]+a[384]-t,matches_original_ntt_s_level0_load_shape
1,1,385,-1033,2735,0,1,v4,v10,v16,1,v4,t=fqmul_zeta_top_a[385];r[1]=a[1]+t,385,v10,t=fqmul_zeta_top_a[385];r[385]=a[1]+a[385]-t,matches_original_ntt_s_level0_load_shape
2,2,386,-1033,2735,0,2,v4,v10,v16,2,v4,t=fqmul_zeta_top_a[386];r[2]=a[2]+t,386,v10,t=fqmul_zeta_top_a[386];r[386]=a[2]+a[386]-t,matches_original_ntt_s_level0_load_shape
3,3,387,-1033,2735,0,3,v4,v10,v16,3,v4,t=fqmul_zeta_top_a[387];r[3]=a[3]+t,387,v10,t=fqmul_zeta_top_a[387];r[387]=a[3]+a[387]-t,matches_original_ntt_s_level0_load_shape
4,4,388,-1033,2735,0,4,v4,v10,v16,4,v4,t=fqmul_zeta_top_a[388];r[4]=a[4]+t,388,v10,t=fqmul_zeta_top_a[388];r[388]=a[4]+a[388]-t,matches_original_ntt_s_level0_load_shape
5,5,389,-1033,2735,0,5,v4,v10,v16,5,v4,t=fqmul_zeta_top_a[389];r[5]=a[5]+t,389,v10,t=fqmul_zeta_top_a[389];r[389]=a[5]+a[389]-t,matches_original_ntt_s_level0_load_shape
6,6,390,-1033,2735,0,6,v4,v10,v16,6,v4,t=fqmul_zeta_top_a[390];r[6]=a[6]+t,390,v10,t=fqmul_zeta_top_a[390];r[390]=a[6]+a[390]-t,matches_original_ntt_s_level0_load_shape
7,7,391,-1033,2735,0,7,v4,v10,v16,7,v4,t=fqmul_zeta_top_a[391];r[7]=a[7]+t,391,v10,t=fqmul_zeta_top_a[391];r[391]=a[7]+a[391]-t,matches_original_ntt_s_level0_load_shape
8,8,392,-1033,2735,1,0,v4,v10,v16,8,v4,t=fqmul_zeta_top_a[392];r[8]=a[8]+t,392,v10,t=fqmul_zeta_top_a[392];r[392]=a[8]+a[392]-t,matches_original_ntt_s_level0_load_shape
9,9,393,-1033,2735,1,1,v4,v10,v16,9,v4,t=fqmul_zeta_top_a[393];r[9]=a[9]+t,393,v10,t=fqmul_zeta_top_a[393];r[393]=a[9]+a[393]-t,matches_original_ntt_s_level0_load_shape
10,10,394,-1033,2735,1,2,v4,v10,v16,10,v4,t=fqmul_zeta_top_a[394];r[10]=a[10]+t,394,v10,t=fqmul_zeta_top_a[394];r[394]=a[10]+a[394]-t,matches_original_ntt_s_level0_load_shape
11,11,395,-1033,2735,1,3,v4,v10,v16,11,v4,t=fqmul_zeta_top_a[395];r[11]=a[11]+t,395,v10,t=fqmul_zeta_top_a[395];r[395]=a[11]+a[395]-t,matches_original_ntt_s_level0_load_shape
12,12,396,-1033,2735,1,4,v4,v10,v16,12,v4,t=fqmul_zeta_top_a[396];r[12]=a[12]+t,396,v10,t=fqmul_zeta_top_a[396];r[396]=a[12]+a[396]-t,matches_original_ntt_s_level0_load_shape
13,13,397,-1033,2735,1,5,v4,v10,v16,13,v4,t=fqmul_zeta_top_a[397];r[13]=a[13]+t,397,v10,t=fqmul_zeta_top_a[397];r[397]=a[13]+a[397]-t,matches_original_ntt_s_level0_load_shape
14,14,398,-1033,2735,1,6,v4,v10,v16,14,v4,t=fqmul_zeta_top_a[398];r[14]=a[14]+t,398,v10,t=fqmul_zeta_top_a[398];r[398]=a[14]+a[398]-t,matches_original_ntt_s_level0_load_shape
15,15,399,-1033,2735,1,7,v4,v10,v16,15,v4,t=fqmul_zeta_top_a[399];r[15]=a[15]+t,399,v10,t=fqmul_zeta_top_a[399];r[399]=a[15]+a[399]-t,matches_original_ntt_s_level0_load_shape
16,16,400,-1033,2735,2,0,v4,v10,v16,16,v4,t=fqmul_zeta_top_a[400];r[16]=a[16]+t,400,v10,t=fqmul_zeta_top_a[400];r[400]=a[16]+a[400]-t,matches_original_ntt_s_level0_load_shape
17,17,401,-1033,2735,2,1,v4,v10,v16,17,v4,t=fqmul_zeta_top_a[401];r[17]=a[17]+t,401,v10,t=fqmul_zeta_top_a[401];r[401]=a[17]+a[401]-t,matches_original_ntt_s_level0_load_shape
18,18,402,-1033,2735,2,2,v4,v10,v16,18,v4,t=fqmul_zeta_top_a[402];r[18]=a[18]+t,402,v10,t=fqmul_zeta_top_a[402];r[402]=a[18]+a[402]-t,matches_original_ntt_s_level0_load_shape
19,19,403,-1033,2735,2,3,v4,v10,v16,19,v4,t=fqmul_zeta_top_a[403];r[19]=a[19]+t,403,v10,t=fqmul_zeta_top_a[403];r[403]=a[19]+a[403]-t,matches_original_ntt_s_level0_load_shape
20,20,404,-1033,2735,2,4,v4,v10,v16,20,v4,t=fqmul_zeta_top_a[404];r[20]=a[20]+t,404,v10,t=fqmul_zeta_top_a[404];r[404]=a[20]+a[404]-t,matches_original_ntt_s_level0_load_shape
21,21,405,-1033,2735,2,5,v4,v10,v16,21,v4,t=fqmul_zeta_top_a[405];r[21]=a[21]+t,405,v10,t=fqmul_zeta_top_a[405];r[405]=a[21]+a[405]-t,matches_original_ntt_s_level0_load_shape
22,22,406,-1033,2735,2,6,v4,v10,v16,22,v4,t=fqmul_zeta_top_a[406];r[22]=a[22]+t,406,v10,t=fqmul_zeta_top_a[406];r[406]=a[22]+a[406]-t,matches_original_ntt_s_level0_load_shape
23,23,407,-1033,2735,2,7,v4,v10,v16,23,v4,t=fqmul_zeta_top_a[407];r[23]=a[23]+t,407,v10,t=fqmul_zeta_top_a[407];r[407]=a[23]+a[407]-t,matches_original_ntt_s_level0_load_shape
24,24,408,-1033,2735,3,0,v4,v10,v16,24,v4,t=fqmul_zeta_top_a[408];r[24]=a[24]+t,408,v10,t=fqmul_zeta_top_a[408];r[408]=a[24]+a[408]-t,matches_original_ntt_s_level0_load_shape
25,25,409,-1033,2735,3,1,v4,v10,v16,25,v4,t=fqmul_zeta_top_a[409];r[25]=a[25]+t,409,v10,t=fqmul_zeta_top_a[409];r[409]=a[25]+a[409]-t,matches_original_ntt_s_level0_load_shape
26,26,410,-1033,2735,3,2,v4,v10,v16,26,v4,t=fqmul_zeta_top_a[410];r[26]=a[26]+t,410,v10,t=fqmul_zeta_top_a[410];r[410]=a[26]+a[410]-t,matches_original_ntt_s_level0_load_shape
27,27,411,-1033,2735,3,3,v4,v10,v16,27,v4,t=fqmul_zeta_top_a[411];r[27]=a[27]+t,411,v10,t=fqmul_zeta_top_a[411];r[411]=a[27]+a[411]-t,matches_original_ntt_s_level0_load_shape
28,28,412,-1033,2735,3,4,v4,v10,v16,28,v4,t=fqmul_zeta_top_a[412];r[28]=a[28]+t,412,v10,t=fqmul_zeta_top_a[412];r[412]=a[28]+a[412]-t,matches_original_ntt_s_level0_load_shape
29,29,413,-1033,2735,3,5,v4,v10,v16,29,v4,t=fqmul_zeta_top_a[413];r[29]=a[29]+t,413,v10,t=fqmul_zeta_top_a[413];r[413]=a[29]+a[413]-t,matches_original_ntt_s_level0_load_shape
30,30,414,-1033,2735,3,6,v4,v10,v16,30,v4,t=fqmul_zeta_top_a[414];r[30]=a[30]+t,414,v10,t=fqmul_zeta_top_a[414];r[414]=a[30]+a[414]-t,matches_original_ntt_s_level0_load_shape
31,31,415,-1033,2735,3,7,v4,v10,v16,31,v4,t=fqmul_zeta_top_a[415];r[31]=a[31]+t,415,v10,t=fqmul_zeta_top_a[415];r[415]=a[31]+a[415]-t,matches_original_ntt_s_level0_load_shape
32,32,416,-1033,2735,4,0,v4,v10,v16,32,v4,t=fqmul_zeta_top_a[416];r[32]=a[32]+t,416,v10,t=fqmul_zeta_top_a[416];r[416]=a[32]+a[416]-t,matches_original_ntt_s_level0_load_shape
33,33,417,-1033,2735,4,1,v4,v10,v16,33,v4,t=fqmul_zeta_top_a[417];r[33]=a[33]+t,417,v10,t=fqmul_zeta_top_a[417];r[417]=a[33]+a[417]-t,matches_original_ntt_s_level0_load_shape
34,34,418,-1033,2735,4,2,v4,v10,v16,34,v4,t=fqmul_zeta_top_a[418];r[34]=a[34]+t,418,v10,t=fqmul_zeta_top_a[418];r[418]=a[34]+a[418]-t,matches_original_ntt_s_level0_load_shape
35,35,419,-1033,2735,4,3,v4,v10,v16,35,v4,t=fqmul_zeta_top_a[419];r[35]=a[35]+t,419,v10,t=fqmul_zeta_top_a[419];r[419]=a[35]+a[419]-t,matches_original_ntt_s_level0_load_shape
36,36,420,-1033,2735,4,4,v4,v10,v16,36,v4,t=fqmul_zeta_top_a[420];r[36]=a[36]+t,420,v10,t=fqmul_zeta_top_a[420];r[420]=a[36]+a[420]-t,matches_original_ntt_s_level0_load_shape
37,37,421,-1033,2735,4,5,v4,v10,v16,37,v4,t=fqmul_zeta_top_a[421];r[37]=a[37]+t,421,v10,t=fqmul_zeta_top_a[421];r[421]=a[37]+a[421]-t,matches_original_ntt_s_level0_load_shape
38,38,422,-1033,2735,4,6,v4,v10,v16,38,v4,t=fqmul_zeta_top_a[422];r[38]=a[38]+t,422,v10,t=fqmul_zeta_top_a[422];r[422]=a[38]+a[422]-t,matches_original_ntt_s_level0_load_shape
39,39,423,-1033,2735,4,7,v4,v10,v16,39,v4,t=fqmul_zeta_top_a[423];r[39]=a[39]+t,423,v10,t=fqmul_zeta_top_a[423];r[423]=a[39]+a[423]-t,matches_original_ntt_s_level0_load_shape
40,40,424,-1033,2735,5,0,v4,v10,v16,40,v4,t=fqmul_zeta_top_a[424];r[40]=a[40]+t,424,v10,t=fqmul_zeta_top_a[424];r[424]=a[40]+a[424]-t,matches_original_ntt_s_level0_load_shape
41,41,425,-1033,2735,5,1,v4,v10,v16,41,v4,t=fqmul_zeta_top_a[425];r[41]=a[41]+t,425,v10,t=fqmul_zeta_top_a[425];r[425]=a[41]+a[425]-t,matches_original_ntt_s_level0_load_shape
42,42,426,-1033,2735,5,2,v4,v10,v16,42,v4,t=fqmul_zeta_top_a[426];r[42]=a[42]+t,426,v10,t=fqmul_zeta_top_a[426];r[426]=a[42]+a[426]-t,matches_original_ntt_s_level0_load_shape
43,43,427,-1033,2735,5,3,v4,v10,v16,43,v4,t=fqmul_zeta_top_a[427];r[43]=a[43]+t,427,v10,t=fqmul_zeta_top_a[427];r[427]=a[43]+a[427]-t,matches_original_ntt_s_level0_load_shape
44,44,428,-1033,2735,5,4,v4,v10,v16,44,v4,t=fqmul_zeta_top_a[428];r[44]=a[44]+t,428,v10,t=fqmul_zeta_top_a[428];r[428]=a[44]+a[428]-t,matches_original_ntt_s_level0_load_shape
45,45,429,-1033,2735,5,5,v4,v10,v16,45,v4,t=fqmul_zeta_top_a[429];r[45]=a[45]+t,429,v10,t=fqmul_zeta_top_a[429];r[429]=a[45]+a[429]-t,matches_original_ntt_s_level0_load_shape
46,46,430,-1033,2735,5,6,v4,v10,v16,46,v4,t=fqmul_zeta_top_a[430];r[46]=a[46]+t,430,v10,t=fqmul_zeta_top_a[430];r[430]=a[46]+a[430]-t,matches_original_ntt_s_level0_load_shape
47,47,431,-1033,2735,5,7,v4,v10,v16,47,v4,t=fqmul_zeta_top_a[431];r[47]=a[47]+t,431,v10,t=fqmul_zeta_top_a[431];r[431]=a[47]+a[431]-t,matches_original_ntt_s_level0_load_shape
48,48,432,-1033,2735,6,0,v4,v10,v16,48,v4,t=fqmul_zeta_top_a[432];r[48]=a[48]+t,432,v10,t=fqmul_zeta_top_a[432];r[432]=a[48]+a[432]-t,matches_original_ntt_s_level0_load_shape
49,49,433,-1033,2735,6,1,v4,v10,v16,49,v4,t=fqmul_zeta_top_a[433];r[49]=a[49]+t,433,v10,t=fqmul_zeta_top_a[433];r[433]=a[49]+a[433]-t,matches_original_ntt_s_level0_load_shape
50,50,434,-1033,2735,6,2,v4,v10,v16,50,v4,t=fqmul_zeta_top_a[434];r[50]=a[50]+t,434,v10,t=fqmul_zeta_top_a[434];r[434]=a[50]+a[434]-t,matches_original_ntt_s_level0_load_shape
51,51,435,-1033,2735,6,3,v4,v10,v16,51,v4,t=fqmul_zeta_top_a[435];r[51]=a[51]+t,435,v10,t=fqmul_zeta_top_a[435];r[435]=a[51]+a[435]-t,matches_original_ntt_s_level0_load_shape
52,52,436,-1033,2735,6,4,v4,v10,v16,52,v4,t=fqmul_zeta_top_a[436];r[52]=a[52]+t,436,v10,t=fqmul_zeta_top_a[436];r[436]=a[52]+a[436]-t,matches_original_ntt_s_level0_load_shape
53,53,437,-1033,2735,6,5,v4,v10,v16,53,v4,t=fqmul_zeta_top_a[437];r[53]=a[53]+t,437,v10,t=fqmul_zeta_top_a[437];r[437]=a[53]+a[437]-t,matches_original_ntt_s_level0_load_shape
54,54,438,-1033,2735,6,6,v4,v10,v16,54,v4,t=fqmul_zeta_top_a[438];r[54]=a[54]+t,438,v10,t=fqmul_zeta_top_a[438];r[438]=a[54]+a[438]-t,matches_original_ntt_s_level0_load_shape
55,55,439,-1033,2735,6,7,v4,v10,v16,55,v4,t=fqmul_zeta_top_a[439];r[55]=a[55]+t,439,v10,t=fqmul_zeta_top_a[439];r[439]=a[55]+a[439]-t,matches_original_ntt_s_level0_load_shape
56,56,440,-1033,2735,7,0,v4,v10,v16,56,v4,t=fqmul_zeta_top_a[440];r[56]=a[56]+t,440,v10,t=fqmul_zeta_top_a[440];r[440]=a[56]+a[440]-t,matches_original_ntt_s_level0_load_shape
57,57,441,-1033,2735,7,1,v4,v10,v16,57,v4,t=fqmul_zeta_top_a[441];r[57]=a[57]+t,441,v10,t=fqmul_zeta_top_a[441];r[441]=a[57]+a[441]-t,matches_original_ntt_s_level0_load_shape
58,58,442,-1033,2735,7,2,v4,v10,v16,58,v4,t=fqmul_zeta_top_a[442];r[58]=a[58]+t,442,v10,t=fqmul_zeta_top_a[442];r[442]=a[58]+a[442]-t,matches_original_ntt_s_level0_load_shape
59,59,443,-1033,2735,7,3,v4,v10,v16,59,v4,t=fqmul_zeta_top_a[443];r[59]=a[59]+t,443,v10,t=fqmul_zeta_top_a[443];r[443]=a[59]+a[443]-t,matches_original_ntt_s_level0_load_shape
60,60,444,-1033,2735,7,4,v4,v10,v16,60,v4,t=fqmul_zeta_top_a[444];r[60]=a[60]+t,444,v10,t=fqmul_zeta_top_a[444];r[444]=a[60]+a[444]-t,matches_original_ntt_s_level0_load_shape
61,61,445,-1033,2735,7,5,v4,v10,v16,61,v4,t=fqmul_zeta_top_a[445];r[61]=a[61]+t,445,v10,t=fqmul_zeta_top_a[445];r[445]=a[61]+a[445]-t,matches_original_ntt_s_level0_load_shape
62,62,446,-1033,2735,7,6,v4,v10,v16,62,v4,t=fqmul_zeta_top_a[446];r[62]=a[62]+t,446,v10,t=fqmul_zeta_top_a[446];r[446]=a[62]+a[446]-t,matches_original_ntt_s_level0_load_shape
63,63,447,-1033,2735,7,7,v4,v10,v16,63,v4,t=fqmul_zeta_top_a[447];r[63]=a[63]+t,447,v10,t=fqmul_zeta_top_a[447];r[447]=a[63]+a[447]-t,matches_original_ntt_s_level0_load_shape
64,64,448,-1033,2735,0,0,v5,v11,v17,64,v5,t=fqmul_zeta_top_a[448];r[64]=a[64]+t,448,v11,t=fqmul_zeta_top_a[448];r[448]=a[64]+a[448]-t,matches_original_ntt_s_level0_load_shape
65,65,449,-1033,2735,0,1,v5,v11,v17,65,v5,t=fqmul_zeta_top_a[449];r[65]=a[65]+t,449,v11,t=fqmul_zeta_top_a[449];r[449]=a[65]+a[449]-t,matches_original_ntt_s_level0_load_shape
66,66,450,-1033,2735,0,2,v5,v11,v17,66,v5,t=fqmul_zeta_top_a[450];r[66]=a[66]+t,450,v11,t=fqmul_zeta_top_a[450];r[450]=a[66]+a[450]-t,matches_original_ntt_s_level0_load_shape
67,67,451,-1033,2735,0,3,v5,v11,v17,67,v5,t=fqmul_zeta_top_a[451];r[67]=a[67]+t,451,v11,t=fqmul_zeta_top_a[451];r[451]=a[67]+a[451]-t,matches_original_ntt_s_level0_load_shape
68,68,452,-1033,2735,0,4,v5,v11,v17,68,v5,t=fqmul_zeta_top_a[452];r[68]=a[68]+t,452,v11,t=fqmul_zeta_top_a[452];r[452]=a[68]+a[452]-t,matches_original_ntt_s_level0_load_shape
69,69,453,-1033,2735,0,5,v5,v11,v17,69,v5,t=fqmul_zeta_top_a[453];r[69]=a[69]+t,453,v11,t=fqmul_zeta_top_a[453];r[453]=a[69]+a[453]-t,matches_original_ntt_s_level0_load_shape
70,70,454,-1033,2735,0,6,v5,v11,v17,70,v5,t=fqmul_zeta_top_a[454];r[70]=a[70]+t,454,v11,t=fqmul_zeta_top_a[454];r[454]=a[70]+a[454]-t,matches_original_ntt_s_level0_load_shape
71,71,455,-1033,2735,0,7,v5,v11,v17,71,v5,t=fqmul_zeta_top_a[455];r[71]=a[71]+t,455,v11,t=fqmul_zeta_top_a[455];r[455]=a[71]+a[455]-t,matches_original_ntt_s_level0_load_shape
72,72,456,-1033,2735,1,0,v5,v11,v17,72,v5,t=fqmul_zeta_top_a[456];r[72]=a[72]+t,456,v11,t=fqmul_zeta_top_a[456];r[456]=a[72]+a[456]-t,matches_original_ntt_s_level0_load_shape
73,73,457,-1033,2735,1,1,v5,v11,v17,73,v5,t=fqmul_zeta_top_a[457];r[73]=a[73]+t,457,v11,t=fqmul_zeta_top_a[457];r[457]=a[73]+a[457]-t,matches_original_ntt_s_level0_load_shape
74,74,458,-1033,2735,1,2,v5,v11,v17,74,v5,t=fqmul_zeta_top_a[458];r[74]=a[74]+t,458,v11,t=fqmul_zeta_top_a[458];r[458]=a[74]+a[458]-t,matches_original_ntt_s_level0_load_shape
75,75,459,-1033,2735,1,3,v5,v11,v17,75,v5,t=fqmul_zeta_top_a[459];r[75]=a[75]+t,459,v11,t=fqmul_zeta_top_a[459];r[459]=a[75]+a[459]-t,matches_original_ntt_s_level0_load_shape
76,76,460,-1033,2735,1,4,v5,v11,v17,76,v5,t=fqmul_zeta_top_a[460];r[76]=a[76]+t,460,v11,t=fqmul_zeta_top_a[460];r[460]=a[76]+a[460]-t,matches_original_ntt_s_level0_load_shape
77,77,461,-1033,2735,1,5,v5,v11,v17,77,v5,t=fqmul_zeta_top_a[461];r[77]=a[77]+t,461,v11,t=fqmul_zeta_top_a[461];r[461]=a[77]+a[461]-t,matches_original_ntt_s_level0_load_shape
78,78,462,-1033,2735,1,6,v5,v11,v17,78,v5,t=fqmul_zeta_top_a[462];r[78]=a[78]+t,462,v11,t=fqmul_zeta_top_a[462];r[462]=a[78]+a[462]-t,matches_original_ntt_s_level0_load_shape
79,79,463,-1033,2735,1,7,v5,v11,v17,79,v5,t=fqmul_zeta_top_a[463];r[79]=a[79]+t,463,v11,t=fqmul_zeta_top_a[463];r[463]=a[79]+a[463]-t,matches_original_ntt_s_level0_load_shape
80,80,464,-1033,2735,2,0,v5,v11,v17,80,v5,t=fqmul_zeta_top_a[464];r[80]=a[80]+t,464,v11,t=fqmul_zeta_top_a[464];r[464]=a[80]+a[464]-t,matches_original_ntt_s_level0_load_shape
81,81,465,-1033,2735,2,1,v5,v11,v17,81,v5,t=fqmul_zeta_top_a[465];r[81]=a[81]+t,465,v11,t=fqmul_zeta_top_a[465];r[465]=a[81]+a[465]-t,matches_original_ntt_s_level0_load_shape
82,82,466,-1033,2735,2,2,v5,v11,v17,82,v5,t=fqmul_zeta_top_a[466];r[82]=a[82]+t,466,v11,t=fqmul_zeta_top_a[466];r[466]=a[82]+a[466]-t,matches_original_ntt_s_level0_load_shape
83,83,467,-1033,2735,2,3,v5,v11,v17,83,v5,t=fqmul_zeta_top_a[467];r[83]=a[83]+t,467,v11,t=fqmul_zeta_top_a[467];r[467]=a[83]+a[467]-t,matches_original_ntt_s_level0_load_shape
84,84,468,-1033,2735,2,4,v5,v11,v17,84,v5,t=fqmul_zeta_top_a[468];r[84]=a[84]+t,468,v11,t=fqmul_zeta_top_a[468];r[468]=a[84]+a[468]-t,matches_original_ntt_s_level0_load_shape
85,85,469,-1033,2735,2,5,v5,v11,v17,85,v5,t=fqmul_zeta_top_a[469];r[85]=a[85]+t,469,v11,t=fqmul_zeta_top_a[469];r[469]=a[85]+a[469]-t,matches_original_ntt_s_level0_load_shape
86,86,470,-1033,2735,2,6,v5,v11,v17,86,v5,t=fqmul_zeta_top_a[470];r[86]=a[86]+t,470,v11,t=fqmul_zeta_top_a[470];r[470]=a[86]+a[470]-t,matches_original_ntt_s_level0_load_shape
87,87,471,-1033,2735,2,7,v5,v11,v17,87,v5,t=fqmul_zeta_top_a[471];r[87]=a[87]+t,471,v11,t=fqmul_zeta_top_a[471];r[471]=a[87]+a[471]-t,matches_original_ntt_s_level0_load_shape
88,88,472,-1033,2735,3,0,v5,v11,v17,88,v5,t=fqmul_zeta_top_a[472];r[88]=a[88]+t,472,v11,t=fqmul_zeta_top_a[472];r[472]=a[88]+a[472]-t,matches_original_ntt_s_level0_load_shape
89,89,473,-1033,2735,3,1,v5,v11,v17,89,v5,t=fqmul_zeta_top_a[473];r[89]=a[89]+t,473,v11,t=fqmul_zeta_top_a[473];r[473]=a[89]+a[473]-t,matches_original_ntt_s_level0_load_shape
90,90,474,-1033,2735,3,2,v5,v11,v17,90,v5,t=fqmul_zeta_top_a[474];r[90]=a[90]+t,474,v11,t=fqmul_zeta_top_a[474];r[474]=a[90]+a[474]-t,matches_original_ntt_s_level0_load_shape
91,91,475,-1033,2735,3,3,v5,v11,v17,91,v5,t=fqmul_zeta_top_a[475];r[91]=a[91]+t,475,v11,t=fqmul_zeta_top_a[475];r[475]=a[91]+a[475]-t,matches_original_ntt_s_level0_load_shape
92,92,476,-1033,2735,3,4,v5,v11,v17,92,v5,t=fqmul_zeta_top_a[476];r[92]=a[92]+t,476,v11,t=fqmul_zeta_top_a[476];r[476]=a[92]+a[476]-t,matches_original_ntt_s_level0_load_shape
93,93,477,-1033,2735,3,5,v5,v11,v17,93,v5,t=fqmul_zeta_top_a[477];r[93]=a[93]+t,477,v11,t=fqmul_zeta_top_a[477];r[477]=a[93]+a[477]-t,matches_original_ntt_s_level0_load_shape
94,94,478,-1033,2735,3,6,v5,v11,v17,94,v5,t=fqmul_zeta_top_a[478];r[94]=a[94]+t,478,v11,t=fqmul_zeta_top_a[478];r[478]=a[94]+a[478]-t,matches_original_ntt_s_level0_load_shape
95,95,479,-1033,2735,3,7,v5,v11,v17,95,v5,t=fqmul_zeta_top_a[479];r[95]=a[95]+t,479,v11,t=fqmul_zeta_top_a[479];r[479]=a[95]+a[479]-t,matches_original_ntt_s_level0_load_shape
96,96,480,-1033,2735,4,0,v5,v11,v17,96,v5,t=fqmul_zeta_top_a[480];r[96]=a[96]+t,480,v11,t=fqmul_zeta_top_a[480];r[480]=a[96]+a[480]-t,matches_original_ntt_s_level0_load_shape
97,97,481,-1033,2735,4,1,v5,v11,v17,97,v5,t=fqmul_zeta_top_a[481];r[97]=a[97]+t,481,v11,t=fqmul_zeta_top_a[481];r[481]=a[97]+a[481]-t,matches_original_ntt_s_level0_load_shape
98,98,482,-1033,2735,4,2,v5,v11,v17,98,v5,t=fqmul_zeta_top_a[482];r[98]=a[98]+t,482,v11,t=fqmul_zeta_top_a[482];r[482]=a[98]+a[482]-t,matches_original_ntt_s_level0_load_shape
99,99,483,-1033,2735,4,3,v5,v11,v17,99,v5,t=fqmul_zeta_top_a[483];r[99]=a[99]+t,483,v11,t=fqmul_zeta_top_a[483];r[483]=a[99]+a[483]-t,matches_original_ntt_s_level0_load_shape
100,100,484,-1033,2735,4,4,v5,v11,v17,100,v5,t=fqmul_zeta_top_a[484];r[100]=a[100]+t,484,v11,t=fqmul_zeta_top_a[484];r[484]=a[100]+a[484]-t,matches_original_ntt_s_level0_load_shape
101,101,485,-1033,2735,4,5,v5,v11,v17,101,v5,t=fqmul_zeta_top_a[485];r[101]=a[101]+t,485,v11,t=fqmul_zeta_top_a[485];r[485]=a[101]+a[485]-t,matches_original_ntt_s_level0_load_shape
102,102,486,-1033,2735,4,6,v5,v11,v17,102,v5,t=fqmul_zeta_top_a[486];r[102]=a[102]+t,486,v11,t=fqmul_zeta_top_a[486];r[486]=a[102]+a[486]-t,matches_original_ntt_s_level0_load_shape
103,103,487,-1033,2735,4,7,v5,v11,v17,103,v5,t=fqmul_zeta_top_a[487];r[103]=a[103]+t,487,v11,t=fqmul_zeta_top_a[487];r[487]=a[103]+a[487]-t,matches_original_ntt_s_level0_load_shape
104,104,488,-1033,2735,5,0,v5,v11,v17,104,v5,t=fqmul_zeta_top_a[488];r[104]=a[104]+t,488,v11,t=fqmul_zeta_top_a[488];r[488]=a[104]+a[488]-t,matches_original_ntt_s_level0_load_shape
105,105,489,-1033,2735,5,1,v5,v11,v17,105,v5,t=fqmul_zeta_top_a[489];r[105]=a[105]+t,489,v11,t=fqmul_zeta_top_a[489];r[489]=a[105]+a[489]-t,matches_original_ntt_s_level0_load_shape
106,106,490,-1033,2735,5,2,v5,v11,v17,106,v5,t=fqmul_zeta_top_a[490];r[106]=a[106]+t,490,v11,t=fqmul_zeta_top_a[490];r[490]=a[106]+a[490]-t,matches_original_ntt_s_level0_load_shape
107,107,491,-1033,2735,5,3,v5,v11,v17,107,v5,t=fqmul_zeta_top_a[491];r[107]=a[107]+t,491,v11,t=fqmul_zeta_top_a[491];r[491]=a[107]+a[491]-t,matches_original_ntt_s_level0_load_shape
108,108,492,-1033,2735,5,4,v5,v11,v17,108,v5,t=fqmul_zeta_top_a[492];r[108]=a[108]+t,492,v11,t=fqmul_zeta_top_a[492];r[492]=a[108]+a[492]-t,matches_original_ntt_s_level0_load_shape
109,109,493,-1033,2735,5,5,v5,v11,v17,109,v5,t=fqmul_zeta_top_a[493];r[109]=a[109]+t,493,v11,t=fqmul_zeta_top_a[493];r[493]=a[109]+a[493]-t,matches_original_ntt_s_level0_load_shape
110,110,494,-1033,2735,5,6,v5,v11,v17,110,v5,t=fqmul_zeta_top_a[494];r[110]=a[110]+t,494,v11,t=fqmul_zeta_top_a[494];r[494]=a[110]+a[494]-t,matches_original_ntt_s_level0_load_shape
111,111,495,-1033,2735,5,7,v5,v11,v17,111,v5,t=fqmul_zeta_top_a[495];r[111]=a[111]+t,495,v11,t=fqmul_zeta_top_a[495];r[495]=a[111]+a[495]-t,matches_original_ntt_s_level0_load_shape
112,112,496,-1033,2735,6,0,v5,v11,v17,112,v5,t=fqmul_zeta_top_a[496];r[112]=a[112]+t,496,v11,t=fqmul_zeta_top_a[496];r[496]=a[112]+a[496]-t,matches_original_ntt_s_level0_load_shape
113,113,497,-1033,2735,6,1,v5,v11,v17,113,v5,t=fqmul_zeta_top_a[497];r[113]=a[113]+t,497,v11,t=fqmul_zeta_top_a[497];r[497]=a[113]+a[497]-t,matches_original_ntt_s_level0_load_shape
114,114,498,-1033,2735,6,2,v5,v11,v17,114,v5,t=fqmul_zeta_top_a[498];r[114]=a[114]+t,498,v11,t=fqmul_zeta_top_a[498];r[498]=a[114]+a[498]-t,matches_original_ntt_s_level0_load_shape
115,115,499,-1033,2735,6,3,v5,v11,v17,115,v5,t=fqmul_zeta_top_a[499];r[115]=a[115]+t,499,v11,t=fqmul_zeta_top_a[499];r[499]=a[115]+a[499]-t,matches_original_ntt_s_level0_load_shape
116,116,500,-1033,2735,6,4,v5,v11,v17,116,v5,t=fqmul_zeta_top_a[500];r[116]=a[116]+t,500,v11,t=fqmul_zeta_top_a[500];r[500]=a[116]+a[500]-t,matches_original_ntt_s_level0_load_shape
117,117,501,-1033,2735,6,5,v5,v11,v17,117,v5,t=fqmul_zeta_top_a[501];r[117]=a[117]+t,501,v11,t=fqmul_zeta_top_a[501];r[501]=a[117]+a[501]-t,matches_original_ntt_s_level0_load_shape
118,118,502,-1033,2735,6,6,v5,v11,v17,118,v5,t=fqmul_zeta_top_a[502];r[118]=a[118]+t,502,v11,t=fqmul_zeta_top_a[502];r[502]=a[118]+a[502]-t,matches_original_ntt_s_level0_load_shape
119,119,503,-1033,2735,6,7,v5,v11,v17,119,v5,t=fqmul_zeta_top_a[503];r[119]=a[119]+t,503,v11,t=fqmul_zeta_top_a[503];r[503]=a[119]+a[503]-t,matches_original_ntt_s_level0_load_shape
120,120,504,-1033,2735,7,0,v5,v11,v17,120,v5,t=fqmul_zeta_top_a[504];r[120]=a[120]+t,504,v11,t=fqmul_zeta_top_a[504];r[504]=a[120]+a[504]-t,matches_original_ntt_s_level0_load_shape
121,121,505,-1033,2735,7,1,v5,v11,v17,121,v5,t=fqmul_zeta_top_a[505];r[121]=a[121]+t,505,v11,t=fqmul_zeta_top_a[505];r[505]=a[121]+a[505]-t,matches_original_ntt_s_level0_load_shape
122,122,506,-1033,2735,7,2,v5,v11,v17,122,v5,t=fqmul_zeta_top_a[506];r[122]=a[122]+t,506,v11,t=fqmul_zeta_top_a[506];r[506]=a[122]+a[506]-t,matches_original_ntt_s_level0_load_shape
123,123,507,-1033,2735,7,3,v5,v11,v17,123,v5,t=fqmul_zeta_top_a[507];r[123]=a[123]+t,507,v11,t=fqmul_zeta_top_a[507];r[507]=a[123]+a[507]-t,matches_original_ntt_s_level0_load_shape
124,124,508,-1033,2735,7,4,v5,v11,v17,124,v5,t=fqmul_zeta_top_a[508];r[124]=a[124]+t,508,v11,t=fqmul_zeta_top_a[508];r[508]=a[124]+a[508]-t,matches_original_ntt_s_level0_load_shape
125,125,509,-1033,2735,7,5,v5,v11,v17,125,v5,t=fqmul_zeta_top_a[509];r[125]=a[125]+t,509,v11,t=fqmul_zeta_top_a[509];r[509]=a[125]+a[509]-t,matches_original_ntt_s_level0_load_shape
126,126,510,-1033,2735,7,6,v5,v11,v17,126,v5,t=fqmul_zeta_top_a[510];r[126]=a[126]+t,510,v11,t=fqmul_zeta_top_a[510];r[510]=a[126]+a[510]-t,matches_original_ntt_s_level0_load_shape
127,127,511,-1033,2735,7,7,v5,v11,v17,127,v5,t=fqmul_zeta_top_a[511];r[127]=a[127]+t,511,v11,t=fqmul_zeta_top_a[511];r[511]=a[127]+a[511]-t,matches_original_ntt_s_level0_load_shape
128,128,512,-1033,2735,0,0,v6,v12,v18,128,v6,t=fqmul_zeta_top_a[512];r[128]=a[128]+t,512,v12,t=fqmul_zeta_top_a[512];r[512]=a[128]+a[512]-t,matches_original_ntt_s_level0_load_shape
129,129,513,-1033,2735,0,1,v6,v12,v18,129,v6,t=fqmul_zeta_top_a[513];r[129]=a[129]+t,513,v12,t=fqmul_zeta_top_a[513];r[513]=a[129]+a[513]-t,matches_original_ntt_s_level0_load_shape
130,130,514,-1033,2735,0,2,v6,v12,v18,130,v6,t=fqmul_zeta_top_a[514];r[130]=a[130]+t,514,v12,t=fqmul_zeta_top_a[514];r[514]=a[130]+a[514]-t,matches_original_ntt_s_level0_load_shape
131,131,515,-1033,2735,0,3,v6,v12,v18,131,v6,t=fqmul_zeta_top_a[515];r[131]=a[131]+t,515,v12,t=fqmul_zeta_top_a[515];r[515]=a[131]+a[515]-t,matches_original_ntt_s_level0_load_shape
132,132,516,-1033,2735,0,4,v6,v12,v18,132,v6,t=fqmul_zeta_top_a[516];r[132]=a[132]+t,516,v12,t=fqmul_zeta_top_a[516];r[516]=a[132]+a[516]-t,matches_original_ntt_s_level0_load_shape
133,133,517,-1033,2735,0,5,v6,v12,v18,133,v6,t=fqmul_zeta_top_a[517];r[133]=a[133]+t,517,v12,t=fqmul_zeta_top_a[517];r[517]=a[133]+a[517]-t,matches_original_ntt_s_level0_load_shape
134,134,518,-1033,2735,0,6,v6,v12,v18,134,v6,t=fqmul_zeta_top_a[518];r[134]=a[134]+t,518,v12,t=fqmul_zeta_top_a[518];r[518]=a[134]+a[518]-t,matches_original_ntt_s_level0_load_shape
135,135,519,-1033,2735,0,7,v6,v12,v18,135,v6,t=fqmul_zeta_top_a[519];r[135]=a[135]+t,519,v12,t=fqmul_zeta_top_a[519];r[519]=a[135]+a[519]-t,matches_original_ntt_s_level0_load_shape
136,136,520,-1033,2735,1,0,v6,v12,v18,136,v6,t=fqmul_zeta_top_a[520];r[136]=a[136]+t,520,v12,t=fqmul_zeta_top_a[520];r[520]=a[136]+a[520]-t,matches_original_ntt_s_level0_load_shape
137,137,521,-1033,2735,1,1,v6,v12,v18,137,v6,t=fqmul_zeta_top_a[521];r[137]=a[137]+t,521,v12,t=fqmul_zeta_top_a[521];r[521]=a[137]+a[521]-t,matches_original_ntt_s_level0_load_shape
138,138,522,-1033,2735,1,2,v6,v12,v18,138,v6,t=fqmul_zeta_top_a[522];r[138]=a[138]+t,522,v12,t=fqmul_zeta_top_a[522];r[522]=a[138]+a[522]-t,matches_original_ntt_s_level0_load_shape
139,139,523,-1033,2735,1,3,v6,v12,v18,139,v6,t=fqmul_zeta_top_a[523];r[139]=a[139]+t,523,v12,t=fqmul_zeta_top_a[523];r[523]=a[139]+a[523]-t,matches_original_ntt_s_level0_load_shape
140,140,524,-1033,2735,1,4,v6,v12,v18,140,v6,t=fqmul_zeta_top_a[524];r[140]=a[140]+t,524,v12,t=fqmul_zeta_top_a[524];r[524]=a[140]+a[524]-t,matches_original_ntt_s_level0_load_shape
141,141,525,-1033,2735,1,5,v6,v12,v18,141,v6,t=fqmul_zeta_top_a[525];r[141]=a[141]+t,525,v12,t=fqmul_zeta_top_a[525];r[525]=a[141]+a[525]-t,matches_original_ntt_s_level0_load_shape
142,142,526,-1033,2735,1,6,v6,v12,v18,142,v6,t=fqmul_zeta_top_a[526];r[142]=a[142]+t,526,v12,t=fqmul_zeta_top_a[526];r[526]=a[142]+a[526]-t,matches_original_ntt_s_level0_load_shape
143,143,527,-1033,2735,1,7,v6,v12,v18,143,v6,t=fqmul_zeta_top_a[527];r[143]=a[143]+t,527,v12,t=fqmul_zeta_top_a[527];r[527]=a[143]+a[527]-t,matches_original_ntt_s_level0_load_shape
144,144,528,-1033,2735,2,0,v6,v12,v18,144,v6,t=fqmul_zeta_top_a[528];r[144]=a[144]+t,528,v12,t=fqmul_zeta_top_a[528];r[528]=a[144]+a[528]-t,matches_original_ntt_s_level0_load_shape
145,145,529,-1033,2735,2,1,v6,v12,v18,145,v6,t=fqmul_zeta_top_a[529];r[145]=a[145]+t,529,v12,t=fqmul_zeta_top_a[529];r[529]=a[145]+a[529]-t,matches_original_ntt_s_level0_load_shape
146,146,530,-1033,2735,2,2,v6,v12,v18,146,v6,t=fqmul_zeta_top_a[530];r[146]=a[146]+t,530,v12,t=fqmul_zeta_top_a[530];r[530]=a[146]+a[530]-t,matches_original_ntt_s_level0_load_shape
147,147,531,-1033,2735,2,3,v6,v12,v18,147,v6,t=fqmul_zeta_top_a[531];r[147]=a[147]+t,531,v12,t=fqmul_zeta_top_a[531];r[531]=a[147]+a[531]-t,matches_original_ntt_s_level0_load_shape
148,148,532,-1033,2735,2,4,v6,v12,v18,148,v6,t=fqmul_zeta_top_a[532];r[148]=a[148]+t,532,v12,t=fqmul_zeta_top_a[532];r[532]=a[148]+a[532]-t,matches_original_ntt_s_level0_load_shape
149,149,533,-1033,2735,2,5,v6,v12,v18,149,v6,t=fqmul_zeta_top_a[533];r[149]=a[149]+t,533,v12,t=fqmul_zeta_top_a[533];r[533]=a[149]+a[533]-t,matches_original_ntt_s_level0_load_shape
150,150,534,-1033,2735,2,6,v6,v12,v18,150,v6,t=fqmul_zeta_top_a[534];r[150]=a[150]+t,534,v12,t=fqmul_zeta_top_a[534];r[534]=a[150]+a[534]-t,matches_original_ntt_s_level0_load_shape
151,151,535,-1033,2735,2,7,v6,v12,v18,151,v6,t=fqmul_zeta_top_a[535];r[151]=a[151]+t,535,v12,t=fqmul_zeta_top_a[535];r[535]=a[151]+a[535]-t,matches_original_ntt_s_level0_load_shape
152,152,536,-1033,2735,3,0,v6,v12,v18,152,v6,t=fqmul_zeta_top_a[536];r[152]=a[152]+t,536,v12,t=fqmul_zeta_top_a[536];r[536]=a[152]+a[536]-t,matches_original_ntt_s_level0_load_shape
153,153,537,-1033,2735,3,1,v6,v12,v18,153,v6,t=fqmul_zeta_top_a[537];r[153]=a[153]+t,537,v12,t=fqmul_zeta_top_a[537];r[537]=a[153]+a[537]-t,matches_original_ntt_s_level0_load_shape
154,154,538,-1033,2735,3,2,v6,v12,v18,154,v6,t=fqmul_zeta_top_a[538];r[154]=a[154]+t,538,v12,t=fqmul_zeta_top_a[538];r[538]=a[154]+a[538]-t,matches_original_ntt_s_level0_load_shape
155,155,539,-1033,2735,3,3,v6,v12,v18,155,v6,t=fqmul_zeta_top_a[539];r[155]=a[155]+t,539,v12,t=fqmul_zeta_top_a[539];r[539]=a[155]+a[539]-t,matches_original_ntt_s_level0_load_shape
156,156,540,-1033,2735,3,4,v6,v12,v18,156,v6,t=fqmul_zeta_top_a[540];r[156]=a[156]+t,540,v12,t=fqmul_zeta_top_a[540];r[540]=a[156]+a[540]-t,matches_original_ntt_s_level0_load_shape
157,157,541,-1033,2735,3,5,v6,v12,v18,157,v6,t=fqmul_zeta_top_a[541];r[157]=a[157]+t,541,v12,t=fqmul_zeta_top_a[541];r[541]=a[157]+a[541]-t,matches_original_ntt_s_level0_load_shape
158,158,542,-1033,2735,3,6,v6,v12,v18,158,v6,t=fqmul_zeta_top_a[542];r[158]=a[158]+t,542,v12,t=fqmul_zeta_top_a[542];r[542]=a[158]+a[542]-t,matches_original_ntt_s_level0_load_shape
159,159,543,-1033,2735,3,7,v6,v12,v18,159,v6,t=fqmul_zeta_top_a[543];r[159]=a[159]+t,543,v12,t=fqmul_zeta_top_a[543];r[543]=a[159]+a[543]-t,matches_original_ntt_s_level0_load_shape
160,160,544,-1033,2735,4,0,v6,v12,v18,160,v6,t=fqmul_zeta_top_a[544];r[160]=a[160]+t,544,v12,t=fqmul_zeta_top_a[544];r[544]=a[160]+a[544]-t,matches_original_ntt_s_level0_load_shape
161,161,545,-1033,2735,4,1,v6,v12,v18,161,v6,t=fqmul_zeta_top_a[545];r[161]=a[161]+t,545,v12,t=fqmul_zeta_top_a[545];r[545]=a[161]+a[545]-t,matches_original_ntt_s_level0_load_shape
162,162,546,-1033,2735,4,2,v6,v12,v18,162,v6,t=fqmul_zeta_top_a[546];r[162]=a[162]+t,546,v12,t=fqmul_zeta_top_a[546];r[546]=a[162]+a[546]-t,matches_original_ntt_s_level0_load_shape
163,163,547,-1033,2735,4,3,v6,v12,v18,163,v6,t=fqmul_zeta_top_a[547];r[163]=a[163]+t,547,v12,t=fqmul_zeta_top_a[547];r[547]=a[163]+a[547]-t,matches_original_ntt_s_level0_load_shape
164,164,548,-1033,2735,4,4,v6,v12,v18,164,v6,t=fqmul_zeta_top_a[548];r[164]=a[164]+t,548,v12,t=fqmul_zeta_top_a[548];r[548]=a[164]+a[548]-t,matches_original_ntt_s_level0_load_shape
165,165,549,-1033,2735,4,5,v6,v12,v18,165,v6,t=fqmul_zeta_top_a[549];r[165]=a[165]+t,549,v12,t=fqmul_zeta_top_a[549];r[549]=a[165]+a[549]-t,matches_original_ntt_s_level0_load_shape
166,166,550,-1033,2735,4,6,v6,v12,v18,166,v6,t=fqmul_zeta_top_a[550];r[166]=a[166]+t,550,v12,t=fqmul_zeta_top_a[550];r[550]=a[166]+a[550]-t,matches_original_ntt_s_level0_load_shape
167,167,551,-1033,2735,4,7,v6,v12,v18,167,v6,t=fqmul_zeta_top_a[551];r[167]=a[167]+t,551,v12,t=fqmul_zeta_top_a[551];r[551]=a[167]+a[551]-t,matches_original_ntt_s_level0_load_shape
168,168,552,-1033,2735,5,0,v6,v12,v18,168,v6,t=fqmul_zeta_top_a[552];r[168]=a[168]+t,552,v12,t=fqmul_zeta_top_a[552];r[552]=a[168]+a[552]-t,matches_original_ntt_s_level0_load_shape
169,169,553,-1033,2735,5,1,v6,v12,v18,169,v6,t=fqmul_zeta_top_a[553];r[169]=a[169]+t,553,v12,t=fqmul_zeta_top_a[553];r[553]=a[169]+a[553]-t,matches_original_ntt_s_level0_load_shape
170,170,554,-1033,2735,5,2,v6,v12,v18,170,v6,t=fqmul_zeta_top_a[554];r[170]=a[170]+t,554,v12,t=fqmul_zeta_top_a[554];r[554]=a[170]+a[554]-t,matches_original_ntt_s_level0_load_shape
171,171,555,-1033,2735,5,3,v6,v12,v18,171,v6,t=fqmul_zeta_top_a[555];r[171]=a[171]+t,555,v12,t=fqmul_zeta_top_a[555];r[555]=a[171]+a[555]-t,matches_original_ntt_s_level0_load_shape
172,172,556,-1033,2735,5,4,v6,v12,v18,172,v6,t=fqmul_zeta_top_a[556];r[172]=a[172]+t,556,v12,t=fqmul_zeta_top_a[556];r[556]=a[172]+a[556]-t,matches_original_ntt_s_level0_load_shape
173,173,557,-1033,2735,5,5,v6,v12,v18,173,v6,t=fqmul_zeta_top_a[557];r[173]=a[173]+t,557,v12,t=fqmul_zeta_top_a[557];r[557]=a[173]+a[557]-t,matches_original_ntt_s_level0_load_shape
174,174,558,-1033,2735,5,6,v6,v12,v18,174,v6,t=fqmul_zeta_top_a[558];r[174]=a[174]+t,558,v12,t=fqmul_zeta_top_a[558];r[558]=a[174]+a[558]-t,matches_original_ntt_s_level0_load_shape
175,175,559,-1033,2735,5,7,v6,v12,v18,175,v6,t=fqmul_zeta_top_a[559];r[175]=a[175]+t,559,v12,t=fqmul_zeta_top_a[559];r[559]=a[175]+a[559]-t,matches_original_ntt_s_level0_load_shape
176,176,560,-1033,2735,6,0,v6,v12,v18,176,v6,t=fqmul_zeta_top_a[560];r[176]=a[176]+t,560,v12,t=fqmul_zeta_top_a[560];r[560]=a[176]+a[560]-t,matches_original_ntt_s_level0_load_shape
177,177,561,-1033,2735,6,1,v6,v12,v18,177,v6,t=fqmul_zeta_top_a[561];r[177]=a[177]+t,561,v12,t=fqmul_zeta_top_a[561];r[561]=a[177]+a[561]-t,matches_original_ntt_s_level0_load_shape
178,178,562,-1033,2735,6,2,v6,v12,v18,178,v6,t=fqmul_zeta_top_a[562];r[178]=a[178]+t,562,v12,t=fqmul_zeta_top_a[562];r[562]=a[178]+a[562]-t,matches_original_ntt_s_level0_load_shape
179,179,563,-1033,2735,6,3,v6,v12,v18,179,v6,t=fqmul_zeta_top_a[563];r[179]=a[179]+t,563,v12,t=fqmul_zeta_top_a[563];r[563]=a[179]+a[563]-t,matches_original_ntt_s_level0_load_shape
180,180,564,-1033,2735,6,4,v6,v12,v18,180,v6,t=fqmul_zeta_top_a[564];r[180]=a[180]+t,564,v12,t=fqmul_zeta_top_a[564];r[564]=a[180]+a[564]-t,matches_original_ntt_s_level0_load_shape
181,181,565,-1033,2735,6,5,v6,v12,v18,181,v6,t=fqmul_zeta_top_a[565];r[181]=a[181]+t,565,v12,t=fqmul_zeta_top_a[565];r[565]=a[181]+a[565]-t,matches_original_ntt_s_level0_load_shape
182,182,566,-1033,2735,6,6,v6,v12,v18,182,v6,t=fqmul_zeta_top_a[566];r[182]=a[182]+t,566,v12,t=fqmul_zeta_top_a[566];r[566]=a[182]+a[566]-t,matches_original_ntt_s_level0_load_shape
183,183,567,-1033,2735,6,7,v6,v12,v18,183,v6,t=fqmul_zeta_top_a[567];r[183]=a[183]+t,567,v12,t=fqmul_zeta_top_a[567];r[567]=a[183]+a[567]-t,matches_original_ntt_s_level0_load_shape
184,184,568,-1033,2735,7,0,v6,v12,v18,184,v6,t=fqmul_zeta_top_a[568];r[184]=a[184]+t,568,v12,t=fqmul_zeta_top_a[568];r[568]=a[184]+a[568]-t,matches_original_ntt_s_level0_load_shape
185,185,569,-1033,2735,7,1,v6,v12,v18,185,v6,t=fqmul_zeta_top_a[569];r[185]=a[185]+t,569,v12,t=fqmul_zeta_top_a[569];r[569]=a[185]+a[569]-t,matches_original_ntt_s_level0_load_shape
186,186,570,-1033,2735,7,2,v6,v12,v18,186,v6,t=fqmul_zeta_top_a[570];r[186]=a[186]+t,570,v12,t=fqmul_zeta_top_a[570];r[570]=a[186]+a[570]-t,matches_original_ntt_s_level0_load_shape
187,187,571,-1033,2735,7,3,v6,v12,v18,187,v6,t=fqmul_zeta_top_a[571];r[187]=a[187]+t,571,v12,t=fqmul_zeta_top_a[571];r[571]=a[187]+a[571]-t,matches_original_ntt_s_level0_load_shape
188,188,572,-1033,2735,7,4,v6,v12,v18,188,v6,t=fqmul_zeta_top_a[572];r[188]=a[188]+t,572,v12,t=fqmul_zeta_top_a[572];r[572]=a[188]+a[572]-t,matches_original_ntt_s_level0_load_shape
189,189,573,-1033,2735,7,5,v6,v12,v18,189,v6,t=fqmul_zeta_top_a[573];r[189]=a[189]+t,573,v12,t=fqmul_zeta_top_a[573];r[573]=a[189]+a[573]-t,matches_original_ntt_s_level0_load_shape
190,190,574,-1033,2735,7,6,v6,v12,v18,190,v6,t=fqmul_zeta_top_a[574];r[190]=a[190]+t,574,v12,t=fqmul_zeta_top_a[574];r[574]=a[190]+a[574]-t,matches_original_ntt_s_level0_load_shape
191,191,575,-1033,2735,7,7,v6,v12,v18,191,v6,t=fqmul_zeta_top_a[575];r[191]=a[191]+t,575,v12,t=fqmul_zeta_top_a[575];r[575]=a[191]+a[575]-t,matches_original_ntt_s_level0_load_shape
192,192,576,-1033,2735,0,0,v7,v13,v19,192,v7,t=fqmul_zeta_top_a[576];r[192]=a[192]+t,576,v13,t=fqmul_zeta_top_a[576];r[576]=a[192]+a[576]-t,matches_original_ntt_s_level0_load_shape
193,193,577,-1033,2735,0,1,v7,v13,v19,193,v7,t=fqmul_zeta_top_a[577];r[193]=a[193]+t,577,v13,t=fqmul_zeta_top_a[577];r[577]=a[193]+a[577]-t,matches_original_ntt_s_level0_load_shape
194,194,578,-1033,2735,0,2,v7,v13,v19,194,v7,t=fqmul_zeta_top_a[578];r[194]=a[194]+t,578,v13,t=fqmul_zeta_top_a[578];r[578]=a[194]+a[578]-t,matches_original_ntt_s_level0_load_shape
195,195,579,-1033,2735,0,3,v7,v13,v19,195,v7,t=fqmul_zeta_top_a[579];r[195]=a[195]+t,579,v13,t=fqmul_zeta_top_a[579];r[579]=a[195]+a[579]-t,matches_original_ntt_s_level0_load_shape
196,196,580,-1033,2735,0,4,v7,v13,v19,196,v7,t=fqmul_zeta_top_a[580];r[196]=a[196]+t,580,v13,t=fqmul_zeta_top_a[580];r[580]=a[196]+a[580]-t,matches_original_ntt_s_level0_load_shape
197,197,581,-1033,2735,0,5,v7,v13,v19,197,v7,t=fqmul_zeta_top_a[581];r[197]=a[197]+t,581,v13,t=fqmul_zeta_top_a[581];r[581]=a[197]+a[581]-t,matches_original_ntt_s_level0_load_shape
198,198,582,-1033,2735,0,6,v7,v13,v19,198,v7,t=fqmul_zeta_top_a[582];r[198]=a[198]+t,582,v13,t=fqmul_zeta_top_a[582];r[582]=a[198]+a[582]-t,matches_original_ntt_s_level0_load_shape
199,199,583,-1033,2735,0,7,v7,v13,v19,199,v7,t=fqmul_zeta_top_a[583];r[199]=a[199]+t,583,v13,t=fqmul_zeta_top_a[583];r[583]=a[199]+a[583]-t,matches_original_ntt_s_level0_load_shape
200,200,584,-1033,2735,1,0,v7,v13,v19,200,v7,t=fqmul_zeta_top_a[584];r[200]=a[200]+t,584,v13,t=fqmul_zeta_top_a[584];r[584]=a[200]+a[584]-t,matches_original_ntt_s_level0_load_shape
201,201,585,-1033,2735,1,1,v7,v13,v19,201,v7,t=fqmul_zeta_top_a[585];r[201]=a[201]+t,585,v13,t=fqmul_zeta_top_a[585];r[585]=a[201]+a[585]-t,matches_original_ntt_s_level0_load_shape
202,202,586,-1033,2735,1,2,v7,v13,v19,202,v7,t=fqmul_zeta_top_a[586];r[202]=a[202]+t,586,v13,t=fqmul_zeta_top_a[586];r[586]=a[202]+a[586]-t,matches_original_ntt_s_level0_load_shape
203,203,587,-1033,2735,1,3,v7,v13,v19,203,v7,t=fqmul_zeta_top_a[587];r[203]=a[203]+t,587,v13,t=fqmul_zeta_top_a[587];r[587]=a[203]+a[587]-t,matches_original_ntt_s_level0_load_shape
204,204,588,-1033,2735,1,4,v7,v13,v19,204,v7,t=fqmul_zeta_top_a[588];r[204]=a[204]+t,588,v13,t=fqmul_zeta_top_a[588];r[588]=a[204]+a[588]-t,matches_original_ntt_s_level0_load_shape
205,205,589,-1033,2735,1,5,v7,v13,v19,205,v7,t=fqmul_zeta_top_a[589];r[205]=a[205]+t,589,v13,t=fqmul_zeta_top_a[589];r[589]=a[205]+a[589]-t,matches_original_ntt_s_level0_load_shape
206,206,590,-1033,2735,1,6,v7,v13,v19,206,v7,t=fqmul_zeta_top_a[590];r[206]=a[206]+t,590,v13,t=fqmul_zeta_top_a[590];r[590]=a[206]+a[590]-t,matches_original_ntt_s_level0_load_shape
207,207,591,-1033,2735,1,7,v7,v13,v19,207,v7,t=fqmul_zeta_top_a[591];r[207]=a[207]+t,591,v13,t=fqmul_zeta_top_a[591];r[591]=a[207]+a[591]-t,matches_original_ntt_s_level0_load_shape
208,208,592,-1033,2735,2,0,v7,v13,v19,208,v7,t=fqmul_zeta_top_a[592];r[208]=a[208]+t,592,v13,t=fqmul_zeta_top_a[592];r[592]=a[208]+a[592]-t,matches_original_ntt_s_level0_load_shape
209,209,593,-1033,2735,2,1,v7,v13,v19,209,v7,t=fqmul_zeta_top_a[593];r[209]=a[209]+t,593,v13,t=fqmul_zeta_top_a[593];r[593]=a[209]+a[593]-t,matches_original_ntt_s_level0_load_shape
210,210,594,-1033,2735,2,2,v7,v13,v19,210,v7,t=fqmul_zeta_top_a[594];r[210]=a[210]+t,594,v13,t=fqmul_zeta_top_a[594];r[594]=a[210]+a[594]-t,matches_original_ntt_s_level0_load_shape
211,211,595,-1033,2735,2,3,v7,v13,v19,211,v7,t=fqmul_zeta_top_a[595];r[211]=a[211]+t,595,v13,t=fqmul_zeta_top_a[595];r[595]=a[211]+a[595]-t,matches_original_ntt_s_level0_load_shape
212,212,596,-1033,2735,2,4,v7,v13,v19,212,v7,t=fqmul_zeta_top_a[596];r[212]=a[212]+t,596,v13,t=fqmul_zeta_top_a[596];r[596]=a[212]+a[596]-t,matches_original_ntt_s_level0_load_shape
213,213,597,-1033,2735,2,5,v7,v13,v19,213,v7,t=fqmul_zeta_top_a[597];r[213]=a[213]+t,597,v13,t=fqmul_zeta_top_a[597];r[597]=a[213]+a[597]-t,matches_original_ntt_s_level0_load_shape
214,214,598,-1033,2735,2,6,v7,v13,v19,214,v7,t=fqmul_zeta_top_a[598];r[214]=a[214]+t,598,v13,t=fqmul_zeta_top_a[598];r[598]=a[214]+a[598]-t,matches_original_ntt_s_level0_load_shape
215,215,599,-1033,2735,2,7,v7,v13,v19,215,v7,t=fqmul_zeta_top_a[599];r[215]=a[215]+t,599,v13,t=fqmul_zeta_top_a[599];r[599]=a[215]+a[599]-t,matches_original_ntt_s_level0_load_shape
216,216,600,-1033,2735,3,0,v7,v13,v19,216,v7,t=fqmul_zeta_top_a[600];r[216]=a[216]+t,600,v13,t=fqmul_zeta_top_a[600];r[600]=a[216]+a[600]-t,matches_original_ntt_s_level0_load_shape
217,217,601,-1033,2735,3,1,v7,v13,v19,217,v7,t=fqmul_zeta_top_a[601];r[217]=a[217]+t,601,v13,t=fqmul_zeta_top_a[601];r[601]=a[217]+a[601]-t,matches_original_ntt_s_level0_load_shape
218,218,602,-1033,2735,3,2,v7,v13,v19,218,v7,t=fqmul_zeta_top_a[602];r[218]=a[218]+t,602,v13,t=fqmul_zeta_top_a[602];r[602]=a[218]+a[602]-t,matches_original_ntt_s_level0_load_shape
219,219,603,-1033,2735,3,3,v7,v13,v19,219,v7,t=fqmul_zeta_top_a[603];r[219]=a[219]+t,603,v13,t=fqmul_zeta_top_a[603];r[603]=a[219]+a[603]-t,matches_original_ntt_s_level0_load_shape
220,220,604,-1033,2735,3,4,v7,v13,v19,220,v7,t=fqmul_zeta_top_a[604];r[220]=a[220]+t,604,v13,t=fqmul_zeta_top_a[604];r[604]=a[220]+a[604]-t,matches_original_ntt_s_level0_load_shape
221,221,605,-1033,2735,3,5,v7,v13,v19,221,v7,t=fqmul_zeta_top_a[605];r[221]=a[221]+t,605,v13,t=fqmul_zeta_top_a[605];r[605]=a[221]+a[605]-t,matches_original_ntt_s_level0_load_shape
222,222,606,-1033,2735,3,6,v7,v13,v19,222,v7,t=fqmul_zeta_top_a[606];r[222]=a[222]+t,606,v13,t=fqmul_zeta_top_a[606];r[606]=a[222]+a[606]-t,matches_original_ntt_s_level0_load_shape
223,223,607,-1033,2735,3,7,v7,v13,v19,223,v7,t=fqmul_zeta_top_a[607];r[223]=a[223]+t,607,v13,t=fqmul_zeta_top_a[607];r[607]=a[223]+a[607]-t,matches_original_ntt_s_level0_load_shape
224,224,608,-1033,2735,4,0,v7,v13,v19,224,v7,t=fqmul_zeta_top_a[608];r[224]=a[224]+t,608,v13,t=fqmul_zeta_top_a[608];r[608]=a[224]+a[608]-t,matches_original_ntt_s_level0_load_shape
225,225,609,-1033,2735,4,1,v7,v13,v19,225,v7,t=fqmul_zeta_top_a[609];r[225]=a[225]+t,609,v13,t=fqmul_zeta_top_a[609];r[609]=a[225]+a[609]-t,matches_original_ntt_s_level0_load_shape
226,226,610,-1033,2735,4,2,v7,v13,v19,226,v7,t=fqmul_zeta_top_a[610];r[226]=a[226]+t,610,v13,t=fqmul_zeta_top_a[610];r[610]=a[226]+a[610]-t,matches_original_ntt_s_level0_load_shape
227,227,611,-1033,2735,4,3,v7,v13,v19,227,v7,t=fqmul_zeta_top_a[611];r[227]=a[227]+t,611,v13,t=fqmul_zeta_top_a[611];r[611]=a[227]+a[611]-t,matches_original_ntt_s_level0_load_shape
228,228,612,-1033,2735,4,4,v7,v13,v19,228,v7,t=fqmul_zeta_top_a[612];r[228]=a[228]+t,612,v13,t=fqmul_zeta_top_a[612];r[612]=a[228]+a[612]-t,matches_original_ntt_s_level0_load_shape
229,229,613,-1033,2735,4,5,v7,v13,v19,229,v7,t=fqmul_zeta_top_a[613];r[229]=a[229]+t,613,v13,t=fqmul_zeta_top_a[613];r[613]=a[229]+a[613]-t,matches_original_ntt_s_level0_load_shape
230,230,614,-1033,2735,4,6,v7,v13,v19,230,v7,t=fqmul_zeta_top_a[614];r[230]=a[230]+t,614,v13,t=fqmul_zeta_top_a[614];r[614]=a[230]+a[614]-t,matches_original_ntt_s_level0_load_shape
231,231,615,-1033,2735,4,7,v7,v13,v19,231,v7,t=fqmul_zeta_top_a[615];r[231]=a[231]+t,615,v13,t=fqmul_zeta_top_a[615];r[615]=a[231]+a[615]-t,matches_original_ntt_s_level0_load_shape
232,232,616,-1033,2735,5,0,v7,v13,v19,232,v7,t=fqmul_zeta_top_a[616];r[232]=a[232]+t,616,v13,t=fqmul_zeta_top_a[616];r[616]=a[232]+a[616]-t,matches_original_ntt_s_level0_load_shape
233,233,617,-1033,2735,5,1,v7,v13,v19,233,v7,t=fqmul_zeta_top_a[617];r[233]=a[233]+t,617,v13,t=fqmul_zeta_top_a[617];r[617]=a[233]+a[617]-t,matches_original_ntt_s_level0_load_shape
234,234,618,-1033,2735,5,2,v7,v13,v19,234,v7,t=fqmul_zeta_top_a[618];r[234]=a[234]+t,618,v13,t=fqmul_zeta_top_a[618];r[618]=a[234]+a[618]-t,matches_original_ntt_s_level0_load_shape
235,235,619,-1033,2735,5,3,v7,v13,v19,235,v7,t=fqmul_zeta_top_a[619];r[235]=a[235]+t,619,v13,t=fqmul_zeta_top_a[619];r[619]=a[235]+a[619]-t,matches_original_ntt_s_level0_load_shape
236,236,620,-1033,2735,5,4,v7,v13,v19,236,v7,t=fqmul_zeta_top_a[620];r[236]=a[236]+t,620,v13,t=fqmul_zeta_top_a[620];r[620]=a[236]+a[620]-t,matches_original_ntt_s_level0_load_shape
237,237,621,-1033,2735,5,5,v7,v13,v19,237,v7,t=fqmul_zeta_top_a[621];r[237]=a[237]+t,621,v13,t=fqmul_zeta_top_a[621];r[621]=a[237]+a[621]-t,matches_original_ntt_s_level0_load_shape
238,238,622,-1033,2735,5,6,v7,v13,v19,238,v7,t=fqmul_zeta_top_a[622];r[238]=a[238]+t,622,v13,t=fqmul_zeta_top_a[622];r[622]=a[238]+a[622]-t,matches_original_ntt_s_level0_load_shape
239,239,623,-1033,2735,5,7,v7,v13,v19,239,v7,t=fqmul_zeta_top_a[623];r[239]=a[239]+t,623,v13,t=fqmul_zeta_top_a[623];r[623]=a[239]+a[623]-t,matches_original_ntt_s_level0_load_shape
240,240,624,-1033,2735,6,0,v7,v13,v19,240,v7,t=fqmul_zeta_top_a[624];r[240]=a[240]+t,624,v13,t=fqmul_zeta_top_a[624];r[624]=a[240]+a[624]-t,matches_original_ntt_s_level0_load_shape
241,241,625,-1033,2735,6,1,v7,v13,v19,241,v7,t=fqmul_zeta_top_a[625];r[241]=a[241]+t,625,v13,t=fqmul_zeta_top_a[625];r[625]=a[241]+a[625]-t,matches_original_ntt_s_level0_load_shape
242,242,626,-1033,2735,6,2,v7,v13,v19,242,v7,t=fqmul_zeta_top_a[626];r[242]=a[242]+t,626,v13,t=fqmul_zeta_top_a[626];r[626]=a[242]+a[626]-t,matches_original_ntt_s_level0_load_shape
243,243,627,-1033,2735,6,3,v7,v13,v19,243,v7,t=fqmul_zeta_top_a[627];r[243]=a[243]+t,627,v13,t=fqmul_zeta_top_a[627];r[627]=a[243]+a[627]-t,matches_original_ntt_s_level0_load_shape
244,244,628,-1033,2735,6,4,v7,v13,v19,244,v7,t=fqmul_zeta_top_a[628];r[244]=a[244]+t,628,v13,t=fqmul_zeta_top_a[628];r[628]=a[244]+a[628]-t,matches_original_ntt_s_level0_load_shape
245,245,629,-1033,2735,6,5,v7,v13,v19,245,v7,t=fqmul_zeta_top_a[629];r[245]=a[245]+t,629,v13,t=fqmul_zeta_top_a[629];r[629]=a[245]+a[629]-t,matches_original_ntt_s_level0_load_shape
246,246,630,-1033,2735,6,6,v7,v13,v19,246,v7,t=fqmul_zeta_top_a[630];r[246]=a[246]+t,630,v13,t=fqmul_zeta_top_a[630];r[630]=a[246]+a[630]-t,matches_original_ntt_s_level0_load_shape
247,247,631,-1033,2735,6,7,v7,v13,v19,247,v7,t=fqmul_zeta_top_a[631];r[247]=a[247]+t,631,v13,t=fqmul_zeta_top_a[631];r[631]=a[247]+a[631]-t,matches_original_ntt_s_level0_load_shape
248,248,632,-1033,2735,7,0,v7,v13,v19,248,v7,t=fqmul_zeta_top_a[632];r[248]=a[248]+t,632,v13,t=fqmul_zeta_top_a[632];r[632]=a[248]+a[632]-t,matches_original_ntt_s_level0_load_shape
249,249,633,-1033,2735,7,1,v7,v13,v19,249,v7,t=fqmul_zeta_top_a[633];r[249]=a[249]+t,633,v13,t=fqmul_zeta_top_a[633];r[633]=a[249]+a[633]-t,matches_original_ntt_s_level0_load_shape
250,250,634,-1033,2735,7,2,v7,v13,v19,250,v7,t=fqmul_zeta_top_a[634];r[250]=a[250]+t,634,v13,t=fqmul_zeta_top_a[634];r[634]=a[250]+a[634]-t,matches_original_ntt_s_level0_load_shape
251,251,635,-1033,2735,7,3,v7,v13,v19,251,v7,t=fqmul_zeta_top_a[635];r[251]=a[251]+t,635,v13,t=fqmul_zeta_top_a[635];r[635]=a[251]+a[635]-t,matches_original_ntt_s_level0_load_shape
252,252,636,-1033,2735,7,4,v7,v13,v19,252,v7,t=fqmul_zeta_top_a[636];r[252]=a[252]+t,636,v13,t=fqmul_zeta_top_a[636];r[636]=a[252]+a[636]-t,matches_original_ntt_s_level0_load_shape
253,253,637,-1033,2735,7,5,v7,v13,v19,253,v7,t=fqmul_zeta_top_a[637];r[253]=a[253]+t,637,v13,t=fqmul_zeta_top_a[637];r[637]=a[253]+a[637]-t,matches_original_ntt_s_level0_load_shape
254,254,638,-1033,2735,7,6,v7,v13,v19,254,v7,t=fqmul_zeta_top_a[638];r[254]=a[254]+t,638,v13,t=fqmul_zeta_top_a[638];r[638]=a[254]+a[638]-t,matches_original_ntt_s_level0_load_shape
255,255,639,-1033,2735,7,7,v7,v13,v19,255,v7,t=fqmul_zeta_top_a[639];r[255]=a[255]+t,639,v13,t=fqmul_zeta_top_a[639];r[639]=a[255]+a[639]-t,matches_original_ntt_s_level0_load_shape
256,256,640,-1033,2735,0,0,v8,v14,v20,256,v8,t=fqmul_zeta_top_a[640];r[256]=a[256]+t,640,v14,t=fqmul_zeta_top_a[640];r[640]=a[256]+a[640]-t,matches_original_ntt_s_level0_load_shape
257,257,641,-1033,2735,0,1,v8,v14,v20,257,v8,t=fqmul_zeta_top_a[641];r[257]=a[257]+t,641,v14,t=fqmul_zeta_top_a[641];r[641]=a[257]+a[641]-t,matches_original_ntt_s_level0_load_shape
258,258,642,-1033,2735,0,2,v8,v14,v20,258,v8,t=fqmul_zeta_top_a[642];r[258]=a[258]+t,642,v14,t=fqmul_zeta_top_a[642];r[642]=a[258]+a[642]-t,matches_original_ntt_s_level0_load_shape
259,259,643,-1033,2735,0,3,v8,v14,v20,259,v8,t=fqmul_zeta_top_a[643];r[259]=a[259]+t,643,v14,t=fqmul_zeta_top_a[643];r[643]=a[259]+a[643]-t,matches_original_ntt_s_level0_load_shape
260,260,644,-1033,2735,0,4,v8,v14,v20,260,v8,t=fqmul_zeta_top_a[644];r[260]=a[260]+t,644,v14,t=fqmul_zeta_top_a[644];r[644]=a[260]+a[644]-t,matches_original_ntt_s_level0_load_shape
261,261,645,-1033,2735,0,5,v8,v14,v20,261,v8,t=fqmul_zeta_top_a[645];r[261]=a[261]+t,645,v14,t=fqmul_zeta_top_a[645];r[645]=a[261]+a[645]-t,matches_original_ntt_s_level0_load_shape
262,262,646,-1033,2735,0,6,v8,v14,v20,262,v8,t=fqmul_zeta_top_a[646];r[262]=a[262]+t,646,v14,t=fqmul_zeta_top_a[646];r[646]=a[262]+a[646]-t,matches_original_ntt_s_level0_load_shape
263,263,647,-1033,2735,0,7,v8,v14,v20,263,v8,t=fqmul_zeta_top_a[647];r[263]=a[263]+t,647,v14,t=fqmul_zeta_top_a[647];r[647]=a[263]+a[647]-t,matches_original_ntt_s_level0_load_shape
264,264,648,-1033,2735,1,0,v8,v14,v20,264,v8,t=fqmul_zeta_top_a[648];r[264]=a[264]+t,648,v14,t=fqmul_zeta_top_a[648];r[648]=a[264]+a[648]-t,matches_original_ntt_s_level0_load_shape
265,265,649,-1033,2735,1,1,v8,v14,v20,265,v8,t=fqmul_zeta_top_a[649];r[265]=a[265]+t,649,v14,t=fqmul_zeta_top_a[649];r[649]=a[265]+a[649]-t,matches_original_ntt_s_level0_load_shape
266,266,650,-1033,2735,1,2,v8,v14,v20,266,v8,t=fqmul_zeta_top_a[650];r[266]=a[266]+t,650,v14,t=fqmul_zeta_top_a[650];r[650]=a[266]+a[650]-t,matches_original_ntt_s_level0_load_shape
267,267,651,-1033,2735,1,3,v8,v14,v20,267,v8,t=fqmul_zeta_top_a[651];r[267]=a[267]+t,651,v14,t=fqmul_zeta_top_a[651];r[651]=a[267]+a[651]-t,matches_original_ntt_s_level0_load_shape
268,268,652,-1033,2735,1,4,v8,v14,v20,268,v8,t=fqmul_zeta_top_a[652];r[268]=a[268]+t,652,v14,t=fqmul_zeta_top_a[652];r[652]=a[268]+a[652]-t,matches_original_ntt_s_level0_load_shape
269,269,653,-1033,2735,1,5,v8,v14,v20,269,v8,t=fqmul_zeta_top_a[653];r[269]=a[269]+t,653,v14,t=fqmul_zeta_top_a[653];r[653]=a[269]+a[653]-t,matches_original_ntt_s_level0_load_shape
270,270,654,-1033,2735,1,6,v8,v14,v20,270,v8,t=fqmul_zeta_top_a[654];r[270]=a[270]+t,654,v14,t=fqmul_zeta_top_a[654];r[654]=a[270]+a[654]-t,matches_original_ntt_s_level0_load_shape
271,271,655,-1033,2735,1,7,v8,v14,v20,271,v8,t=fqmul_zeta_top_a[655];r[271]=a[271]+t,655,v14,t=fqmul_zeta_top_a[655];r[655]=a[271]+a[655]-t,matches_original_ntt_s_level0_load_shape
272,272,656,-1033,2735,2,0,v8,v14,v20,272,v8,t=fqmul_zeta_top_a[656];r[272]=a[272]+t,656,v14,t=fqmul_zeta_top_a[656];r[656]=a[272]+a[656]-t,matches_original_ntt_s_level0_load_shape
273,273,657,-1033,2735,2,1,v8,v14,v20,273,v8,t=fqmul_zeta_top_a[657];r[273]=a[273]+t,657,v14,t=fqmul_zeta_top_a[657];r[657]=a[273]+a[657]-t,matches_original_ntt_s_level0_load_shape
274,274,658,-1033,2735,2,2,v8,v14,v20,274,v8,t=fqmul_zeta_top_a[658];r[274]=a[274]+t,658,v14,t=fqmul_zeta_top_a[658];r[658]=a[274]+a[658]-t,matches_original_ntt_s_level0_load_shape
275,275,659,-1033,2735,2,3,v8,v14,v20,275,v8,t=fqmul_zeta_top_a[659];r[275]=a[275]+t,659,v14,t=fqmul_zeta_top_a[659];r[659]=a[275]+a[659]-t,matches_original_ntt_s_level0_load_shape
276,276,660,-1033,2735,2,4,v8,v14,v20,276,v8,t=fqmul_zeta_top_a[660];r[276]=a[276]+t,660,v14,t=fqmul_zeta_top_a[660];r[660]=a[276]+a[660]-t,matches_original_ntt_s_level0_load_shape
277,277,661,-1033,2735,2,5,v8,v14,v20,277,v8,t=fqmul_zeta_top_a[661];r[277]=a[277]+t,661,v14,t=fqmul_zeta_top_a[661];r[661]=a[277]+a[661]-t,matches_original_ntt_s_level0_load_shape
278,278,662,-1033,2735,2,6,v8,v14,v20,278,v8,t=fqmul_zeta_top_a[662];r[278]=a[278]+t,662,v14,t=fqmul_zeta_top_a[662];r[662]=a[278]+a[662]-t,matches_original_ntt_s_level0_load_shape
279,279,663,-1033,2735,2,7,v8,v14,v20,279,v8,t=fqmul_zeta_top_a[663];r[279]=a[279]+t,663,v14,t=fqmul_zeta_top_a[663];r[663]=a[279]+a[663]-t,matches_original_ntt_s_level0_load_shape
280,280,664,-1033,2735,3,0,v8,v14,v20,280,v8,t=fqmul_zeta_top_a[664];r[280]=a[280]+t,664,v14,t=fqmul_zeta_top_a[664];r[664]=a[280]+a[664]-t,matches_original_ntt_s_level0_load_shape
281,281,665,-1033,2735,3,1,v8,v14,v20,281,v8,t=fqmul_zeta_top_a[665];r[281]=a[281]+t,665,v14,t=fqmul_zeta_top_a[665];r[665]=a[281]+a[665]-t,matches_original_ntt_s_level0_load_shape
282,282,666,-1033,2735,3,2,v8,v14,v20,282,v8,t=fqmul_zeta_top_a[666];r[282]=a[282]+t,666,v14,t=fqmul_zeta_top_a[666];r[666]=a[282]+a[666]-t,matches_original_ntt_s_level0_load_shape
283,283,667,-1033,2735,3,3,v8,v14,v20,283,v8,t=fqmul_zeta_top_a[667];r[283]=a[283]+t,667,v14,t=fqmul_zeta_top_a[667];r[667]=a[283]+a[667]-t,matches_original_ntt_s_level0_load_shape
284,284,668,-1033,2735,3,4,v8,v14,v20,284,v8,t=fqmul_zeta_top_a[668];r[284]=a[284]+t,668,v14,t=fqmul_zeta_top_a[668];r[668]=a[284]+a[668]-t,matches_original_ntt_s_level0_load_shape
285,285,669,-1033,2735,3,5,v8,v14,v20,285,v8,t=fqmul_zeta_top_a[669];r[285]=a[285]+t,669,v14,t=fqmul_zeta_top_a[669];r[669]=a[285]+a[669]-t,matches_original_ntt_s_level0_load_shape
286,286,670,-1033,2735,3,6,v8,v14,v20,286,v8,t=fqmul_zeta_top_a[670];r[286]=a[286]+t,670,v14,t=fqmul_zeta_top_a[670];r[670]=a[286]+a[670]-t,matches_original_ntt_s_level0_load_shape
287,287,671,-1033,2735,3,7,v8,v14,v20,287,v8,t=fqmul_zeta_top_a[671];r[287]=a[287]+t,671,v14,t=fqmul_zeta_top_a[671];r[671]=a[287]+a[671]-t,matches_original_ntt_s_level0_load_shape
288,288,672,-1033,2735,4,0,v8,v14,v20,288,v8,t=fqmul_zeta_top_a[672];r[288]=a[288]+t,672,v14,t=fqmul_zeta_top_a[672];r[672]=a[288]+a[672]-t,matches_original_ntt_s_level0_load_shape
289,289,673,-1033,2735,4,1,v8,v14,v20,289,v8,t=fqmul_zeta_top_a[673];r[289]=a[289]+t,673,v14,t=fqmul_zeta_top_a[673];r[673]=a[289]+a[673]-t,matches_original_ntt_s_level0_load_shape
290,290,674,-1033,2735,4,2,v8,v14,v20,290,v8,t=fqmul_zeta_top_a[674];r[290]=a[290]+t,674,v14,t=fqmul_zeta_top_a[674];r[674]=a[290]+a[674]-t,matches_original_ntt_s_level0_load_shape
291,291,675,-1033,2735,4,3,v8,v14,v20,291,v8,t=fqmul_zeta_top_a[675];r[291]=a[291]+t,675,v14,t=fqmul_zeta_top_a[675];r[675]=a[291]+a[675]-t,matches_original_ntt_s_level0_load_shape
292,292,676,-1033,2735,4,4,v8,v14,v20,292,v8,t=fqmul_zeta_top_a[676];r[292]=a[292]+t,676,v14,t=fqmul_zeta_top_a[676];r[676]=a[292]+a[676]-t,matches_original_ntt_s_level0_load_shape
293,293,677,-1033,2735,4,5,v8,v14,v20,293,v8,t=fqmul_zeta_top_a[677];r[293]=a[293]+t,677,v14,t=fqmul_zeta_top_a[677];r[677]=a[293]+a[677]-t,matches_original_ntt_s_level0_load_shape
294,294,678,-1033,2735,4,6,v8,v14,v20,294,v8,t=fqmul_zeta_top_a[678];r[294]=a[294]+t,678,v14,t=fqmul_zeta_top_a[678];r[678]=a[294]+a[678]-t,matches_original_ntt_s_level0_load_shape
295,295,679,-1033,2735,4,7,v8,v14,v20,295,v8,t=fqmul_zeta_top_a[679];r[295]=a[295]+t,679,v14,t=fqmul_zeta_top_a[679];r[679]=a[295]+a[679]-t,matches_original_ntt_s_level0_load_shape
296,296,680,-1033,2735,5,0,v8,v14,v20,296,v8,t=fqmul_zeta_top_a[680];r[296]=a[296]+t,680,v14,t=fqmul_zeta_top_a[680];r[680]=a[296]+a[680]-t,matches_original_ntt_s_level0_load_shape
297,297,681,-1033,2735,5,1,v8,v14,v20,297,v8,t=fqmul_zeta_top_a[681];r[297]=a[297]+t,681,v14,t=fqmul_zeta_top_a[681];r[681]=a[297]+a[681]-t,matches_original_ntt_s_level0_load_shape
298,298,682,-1033,2735,5,2,v8,v14,v20,298,v8,t=fqmul_zeta_top_a[682];r[298]=a[298]+t,682,v14,t=fqmul_zeta_top_a[682];r[682]=a[298]+a[682]-t,matches_original_ntt_s_level0_load_shape
299,299,683,-1033,2735,5,3,v8,v14,v20,299,v8,t=fqmul_zeta_top_a[683];r[299]=a[299]+t,683,v14,t=fqmul_zeta_top_a[683];r[683]=a[299]+a[683]-t,matches_original_ntt_s_level0_load_shape
300,300,684,-1033,2735,5,4,v8,v14,v20,300,v8,t=fqmul_zeta_top_a[684];r[300]=a[300]+t,684,v14,t=fqmul_zeta_top_a[684];r[684]=a[300]+a[684]-t,matches_original_ntt_s_level0_load_shape
301,301,685,-1033,2735,5,5,v8,v14,v20,301,v8,t=fqmul_zeta_top_a[685];r[301]=a[301]+t,685,v14,t=fqmul_zeta_top_a[685];r[685]=a[301]+a[685]-t,matches_original_ntt_s_level0_load_shape
302,302,686,-1033,2735,5,6,v8,v14,v20,302,v8,t=fqmul_zeta_top_a[686];r[302]=a[302]+t,686,v14,t=fqmul_zeta_top_a[686];r[686]=a[302]+a[686]-t,matches_original_ntt_s_level0_load_shape
303,303,687,-1033,2735,5,7,v8,v14,v20,303,v8,t=fqmul_zeta_top_a[687];r[303]=a[303]+t,687,v14,t=fqmul_zeta_top_a[687];r[687]=a[303]+a[687]-t,matches_original_ntt_s_level0_load_shape
304,304,688,-1033,2735,6,0,v8,v14,v20,304,v8,t=fqmul_zeta_top_a[688];r[304]=a[304]+t,688,v14,t=fqmul_zeta_top_a[688];r[688]=a[304]+a[688]-t,matches_original_ntt_s_level0_load_shape
305,305,689,-1033,2735,6,1,v8,v14,v20,305,v8,t=fqmul_zeta_top_a[689];r[305]=a[305]+t,689,v14,t=fqmul_zeta_top_a[689];r[689]=a[305]+a[689]-t,matches_original_ntt_s_level0_load_shape
306,306,690,-1033,2735,6,2,v8,v14,v20,306,v8,t=fqmul_zeta_top_a[690];r[306]=a[306]+t,690,v14,t=fqmul_zeta_top_a[690];r[690]=a[306]+a[690]-t,matches_original_ntt_s_level0_load_shape
307,307,691,-1033,2735,6,3,v8,v14,v20,307,v8,t=fqmul_zeta_top_a[691];r[307]=a[307]+t,691,v14,t=fqmul_zeta_top_a[691];r[691]=a[307]+a[691]-t,matches_original_ntt_s_level0_load_shape
308,308,692,-1033,2735,6,4,v8,v14,v20,308,v8,t=fqmul_zeta_top_a[692];r[308]=a[308]+t,692,v14,t=fqmul_zeta_top_a[692];r[692]=a[308]+a[692]-t,matches_original_ntt_s_level0_load_shape
309,309,693,-1033,2735,6,5,v8,v14,v20,309,v8,t=fqmul_zeta_top_a[693];r[309]=a[309]+t,693,v14,t=fqmul_zeta_top_a[693];r[693]=a[309]+a[693]-t,matches_original_ntt_s_level0_load_shape
310,310,694,-1033,2735,6,6,v8,v14,v20,310,v8,t=fqmul_zeta_top_a[694];r[310]=a[310]+t,694,v14,t=fqmul_zeta_top_a[694];r[694]=a[310]+a[694]-t,matches_original_ntt_s_level0_load_shape
311,311,695,-1033,2735,6,7,v8,v14,v20,311,v8,t=fqmul_zeta_top_a[695];r[311]=a[311]+t,695,v14,t=fqmul_zeta_top_a[695];r[695]=a[311]+a[695]-t,matches_original_ntt_s_level0_load_shape
312,312,696,-1033,2735,7,0,v8,v14,v20,312,v8,t=fqmul_zeta_top_a[696];r[312]=a[312]+t,696,v14,t=fqmul_zeta_top_a[696];r[696]=a[312]+a[696]-t,matches_original_ntt_s_level0_load_shape
313,313,697,-1033,2735,7,1,v8,v14,v20,313,v8,t=fqmul_zeta_top_a[697];r[313]=a[313]+t,697,v14,t=fqmul_zeta_top_a[697];r[697]=a[313]+a[697]-t,matches_original_ntt_s_level0_load_shape
314,314,698,-1033,2735,7,2,v8,v14,v20,314,v8,t=fqmul_zeta_top_a[698];r[314]=a[314]+t,698,v14,t=fqmul_zeta_top_a[698];r[698]=a[314]+a[698]-t,matches_original_ntt_s_level0_load_shape
315,315,699,-1033,2735,7,3,v8,v14,v20,315,v8,t=fqmul_zeta_top_a[699];r[315]=a[315]+t,699,v14,t=fqmul_zeta_top_a[699];r[699]=a[315]+a[699]-t,matches_original_ntt_s_level0_load_shape
316,316,700,-1033,2735,7,4,v8,v14,v20,316,v8,t=fqmul_zeta_top_a[700];r[316]=a[316]+t,700,v14,t=fqmul_zeta_top_a[700];r[700]=a[316]+a[700]-t,matches_original_ntt_s_level0_load_shape
317,317,701,-1033,2735,7,5,v8,v14,v20,317,v8,t=fqmul_zeta_top_a[701];r[317]=a[317]+t,701,v14,t=fqmul_zeta_top_a[701];r[701]=a[317]+a[701]-t,matches_original_ntt_s_level0_load_shape
318,318,702,-1033,2735,7,6,v8,v14,v20,318,v8,t=fqmul_zeta_top_a[702];r[318]=a[318]+t,702,v14,t=fqmul_zeta_top_a[702];r[702]=a[318]+a[702]-t,matches_original_ntt_s_level0_load_shape
319,319,703,-1033,2735,7,7,v8,v14,v20,319,v8,t=fqmul_zeta_top_a[703];r[319]=a[319]+t,703,v14,t=fqmul_zeta_top_a[703];r[703]=a[319]+a[703]-t,matches_original_ntt_s_level0_load_shape
320,320,704,-1033,2735,0,0,v9,v15,v21,320,v9,t=fqmul_zeta_top_a[704];r[320]=a[320]+t,704,v15,t=fqmul_zeta_top_a[704];r[704]=a[320]+a[704]-t,matches_original_ntt_s_level0_load_shape
321,321,705,-1033,2735,0,1,v9,v15,v21,321,v9,t=fqmul_zeta_top_a[705];r[321]=a[321]+t,705,v15,t=fqmul_zeta_top_a[705];r[705]=a[321]+a[705]-t,matches_original_ntt_s_level0_load_shape
322,322,706,-1033,2735,0,2,v9,v15,v21,322,v9,t=fqmul_zeta_top_a[706];r[322]=a[322]+t,706,v15,t=fqmul_zeta_top_a[706];r[706]=a[322]+a[706]-t,matches_original_ntt_s_level0_load_shape
323,323,707,-1033,2735,0,3,v9,v15,v21,323,v9,t=fqmul_zeta_top_a[707];r[323]=a[323]+t,707,v15,t=fqmul_zeta_top_a[707];r[707]=a[323]+a[707]-t,matches_original_ntt_s_level0_load_shape
324,324,708,-1033,2735,0,4,v9,v15,v21,324,v9,t=fqmul_zeta_top_a[708];r[324]=a[324]+t,708,v15,t=fqmul_zeta_top_a[708];r[708]=a[324]+a[708]-t,matches_original_ntt_s_level0_load_shape
325,325,709,-1033,2735,0,5,v9,v15,v21,325,v9,t=fqmul_zeta_top_a[709];r[325]=a[325]+t,709,v15,t=fqmul_zeta_top_a[709];r[709]=a[325]+a[709]-t,matches_original_ntt_s_level0_load_shape
326,326,710,-1033,2735,0,6,v9,v15,v21,326,v9,t=fqmul_zeta_top_a[710];r[326]=a[326]+t,710,v15,t=fqmul_zeta_top_a[710];r[710]=a[326]+a[710]-t,matches_original_ntt_s_level0_load_shape
327,327,711,-1033,2735,0,7,v9,v15,v21,327,v9,t=fqmul_zeta_top_a[711];r[327]=a[327]+t,711,v15,t=fqmul_zeta_top_a[711];r[711]=a[327]+a[711]-t,matches_original_ntt_s_level0_load_shape
328,328,712,-1033,2735,1,0,v9,v15,v21,328,v9,t=fqmul_zeta_top_a[712];r[328]=a[328]+t,712,v15,t=fqmul_zeta_top_a[712];r[712]=a[328]+a[712]-t,matches_original_ntt_s_level0_load_shape
329,329,713,-1033,2735,1,1,v9,v15,v21,329,v9,t=fqmul_zeta_top_a[713];r[329]=a[329]+t,713,v15,t=fqmul_zeta_top_a[713];r[713]=a[329]+a[713]-t,matches_original_ntt_s_level0_load_shape
330,330,714,-1033,2735,1,2,v9,v15,v21,330,v9,t=fqmul_zeta_top_a[714];r[330]=a[330]+t,714,v15,t=fqmul_zeta_top_a[714];r[714]=a[330]+a[714]-t,matches_original_ntt_s_level0_load_shape
331,331,715,-1033,2735,1,3,v9,v15,v21,331,v9,t=fqmul_zeta_top_a[715];r[331]=a[331]+t,715,v15,t=fqmul_zeta_top_a[715];r[715]=a[331]+a[715]-t,matches_original_ntt_s_level0_load_shape
332,332,716,-1033,2735,1,4,v9,v15,v21,332,v9,t=fqmul_zeta_top_a[716];r[332]=a[332]+t,716,v15,t=fqmul_zeta_top_a[716];r[716]=a[332]+a[716]-t,matches_original_ntt_s_level0_load_shape
333,333,717,-1033,2735,1,5,v9,v15,v21,333,v9,t=fqmul_zeta_top_a[717];r[333]=a[333]+t,717,v15,t=fqmul_zeta_top_a[717];r[717]=a[333]+a[717]-t,matches_original_ntt_s_level0_load_shape
334,334,718,-1033,2735,1,6,v9,v15,v21,334,v9,t=fqmul_zeta_top_a[718];r[334]=a[334]+t,718,v15,t=fqmul_zeta_top_a[718];r[718]=a[334]+a[718]-t,matches_original_ntt_s_level0_load_shape
335,335,719,-1033,2735,1,7,v9,v15,v21,335,v9,t=fqmul_zeta_top_a[719];r[335]=a[335]+t,719,v15,t=fqmul_zeta_top_a[719];r[719]=a[335]+a[719]-t,matches_original_ntt_s_level0_load_shape
336,336,720,-1033,2735,2,0,v9,v15,v21,336,v9,t=fqmul_zeta_top_a[720];r[336]=a[336]+t,720,v15,t=fqmul_zeta_top_a[720];r[720]=a[336]+a[720]-t,matches_original_ntt_s_level0_load_shape
337,337,721,-1033,2735,2,1,v9,v15,v21,337,v9,t=fqmul_zeta_top_a[721];r[337]=a[337]+t,721,v15,t=fqmul_zeta_top_a[721];r[721]=a[337]+a[721]-t,matches_original_ntt_s_level0_load_shape
338,338,722,-1033,2735,2,2,v9,v15,v21,338,v9,t=fqmul_zeta_top_a[722];r[338]=a[338]+t,722,v15,t=fqmul_zeta_top_a[722];r[722]=a[338]+a[722]-t,matches_original_ntt_s_level0_load_shape
339,339,723,-1033,2735,2,3,v9,v15,v21,339,v9,t=fqmul_zeta_top_a[723];r[339]=a[339]+t,723,v15,t=fqmul_zeta_top_a[723];r[723]=a[339]+a[723]-t,matches_original_ntt_s_level0_load_shape
340,340,724,-1033,2735,2,4,v9,v15,v21,340,v9,t=fqmul_zeta_top_a[724];r[340]=a[340]+t,724,v15,t=fqmul_zeta_top_a[724];r[724]=a[340]+a[724]-t,matches_original_ntt_s_level0_load_shape
341,341,725,-1033,2735,2,5,v9,v15,v21,341,v9,t=fqmul_zeta_top_a[725];r[341]=a[341]+t,725,v15,t=fqmul_zeta_top_a[725];r[725]=a[341]+a[725]-t,matches_original_ntt_s_level0_load_shape
342,342,726,-1033,2735,2,6,v9,v15,v21,342,v9,t=fqmul_zeta_top_a[726];r[342]=a[342]+t,726,v15,t=fqmul_zeta_top_a[726];r[726]=a[342]+a[726]-t,matches_original_ntt_s_level0_load_shape
343,343,727,-1033,2735,2,7,v9,v15,v21,343,v9,t=fqmul_zeta_top_a[727];r[343]=a[343]+t,727,v15,t=fqmul_zeta_top_a[727];r[727]=a[343]+a[727]-t,matches_original_ntt_s_level0_load_shape
344,344,728,-1033,2735,3,0,v9,v15,v21,344,v9,t=fqmul_zeta_top_a[728];r[344]=a[344]+t,728,v15,t=fqmul_zeta_top_a[728];r[728]=a[344]+a[728]-t,matches_original_ntt_s_level0_load_shape
345,345,729,-1033,2735,3,1,v9,v15,v21,345,v9,t=fqmul_zeta_top_a[729];r[345]=a[345]+t,729,v15,t=fqmul_zeta_top_a[729];r[729]=a[345]+a[729]-t,matches_original_ntt_s_level0_load_shape
346,346,730,-1033,2735,3,2,v9,v15,v21,346,v9,t=fqmul_zeta_top_a[730];r[346]=a[346]+t,730,v15,t=fqmul_zeta_top_a[730];r[730]=a[346]+a[730]-t,matches_original_ntt_s_level0_load_shape
347,347,731,-1033,2735,3,3,v9,v15,v21,347,v9,t=fqmul_zeta_top_a[731];r[347]=a[347]+t,731,v15,t=fqmul_zeta_top_a[731];r[731]=a[347]+a[731]-t,matches_original_ntt_s_level0_load_shape
348,348,732,-1033,2735,3,4,v9,v15,v21,348,v9,t=fqmul_zeta_top_a[732];r[348]=a[348]+t,732,v15,t=fqmul_zeta_top_a[732];r[732]=a[348]+a[732]-t,matches_original_ntt_s_level0_load_shape
349,349,733,-1033,2735,3,5,v9,v15,v21,349,v9,t=fqmul_zeta_top_a[733];r[349]=a[349]+t,733,v15,t=fqmul_zeta_top_a[733];r[733]=a[349]+a[733]-t,matches_original_ntt_s_level0_load_shape
350,350,734,-1033,2735,3,6,v9,v15,v21,350,v9,t=fqmul_zeta_top_a[734];r[350]=a[350]+t,734,v15,t=fqmul_zeta_top_a[734];r[734]=a[350]+a[734]-t,matches_original_ntt_s_level0_load_shape
351,351,735,-1033,2735,3,7,v9,v15,v21,351,v9,t=fqmul_zeta_top_a[735];r[351]=a[351]+t,735,v15,t=fqmul_zeta_top_a[735];r[735]=a[351]+a[735]-t,matches_original_ntt_s_level0_load_shape
352,352,736,-1033,2735,4,0,v9,v15,v21,352,v9,t=fqmul_zeta_top_a[736];r[352]=a[352]+t,736,v15,t=fqmul_zeta_top_a[736];r[736]=a[352]+a[736]-t,matches_original_ntt_s_level0_load_shape
353,353,737,-1033,2735,4,1,v9,v15,v21,353,v9,t=fqmul_zeta_top_a[737];r[353]=a[353]+t,737,v15,t=fqmul_zeta_top_a[737];r[737]=a[353]+a[737]-t,matches_original_ntt_s_level0_load_shape
354,354,738,-1033,2735,4,2,v9,v15,v21,354,v9,t=fqmul_zeta_top_a[738];r[354]=a[354]+t,738,v15,t=fqmul_zeta_top_a[738];r[738]=a[354]+a[738]-t,matches_original_ntt_s_level0_load_shape
355,355,739,-1033,2735,4,3,v9,v15,v21,355,v9,t=fqmul_zeta_top_a[739];r[355]=a[355]+t,739,v15,t=fqmul_zeta_top_a[739];r[739]=a[355]+a[739]-t,matches_original_ntt_s_level0_load_shape
356,356,740,-1033,2735,4,4,v9,v15,v21,356,v9,t=fqmul_zeta_top_a[740];r[356]=a[356]+t,740,v15,t=fqmul_zeta_top_a[740];r[740]=a[356]+a[740]-t,matches_original_ntt_s_level0_load_shape
357,357,741,-1033,2735,4,5,v9,v15,v21,357,v9,t=fqmul_zeta_top_a[741];r[357]=a[357]+t,741,v15,t=fqmul_zeta_top_a[741];r[741]=a[357]+a[741]-t,matches_original_ntt_s_level0_load_shape
358,358,742,-1033,2735,4,6,v9,v15,v21,358,v9,t=fqmul_zeta_top_a[742];r[358]=a[358]+t,742,v15,t=fqmul_zeta_top_a[742];r[742]=a[358]+a[742]-t,matches_original_ntt_s_level0_load_shape
359,359,743,-1033,2735,4,7,v9,v15,v21,359,v9,t=fqmul_zeta_top_a[743];r[359]=a[359]+t,743,v15,t=fqmul_zeta_top_a[743];r[743]=a[359]+a[743]-t,matches_original_ntt_s_level0_load_shape
360,360,744,-1033,2735,5,0,v9,v15,v21,360,v9,t=fqmul_zeta_top_a[744];r[360]=a[360]+t,744,v15,t=fqmul_zeta_top_a[744];r[744]=a[360]+a[744]-t,matches_original_ntt_s_level0_load_shape
361,361,745,-1033,2735,5,1,v9,v15,v21,361,v9,t=fqmul_zeta_top_a[745];r[361]=a[361]+t,745,v15,t=fqmul_zeta_top_a[745];r[745]=a[361]+a[745]-t,matches_original_ntt_s_level0_load_shape
362,362,746,-1033,2735,5,2,v9,v15,v21,362,v9,t=fqmul_zeta_top_a[746];r[362]=a[362]+t,746,v15,t=fqmul_zeta_top_a[746];r[746]=a[362]+a[746]-t,matches_original_ntt_s_level0_load_shape
363,363,747,-1033,2735,5,3,v9,v15,v21,363,v9,t=fqmul_zeta_top_a[747];r[363]=a[363]+t,747,v15,t=fqmul_zeta_top_a[747];r[747]=a[363]+a[747]-t,matches_original_ntt_s_level0_load_shape
364,364,748,-1033,2735,5,4,v9,v15,v21,364,v9,t=fqmul_zeta_top_a[748];r[364]=a[364]+t,748,v15,t=fqmul_zeta_top_a[748];r[748]=a[364]+a[748]-t,matches_original_ntt_s_level0_load_shape
365,365,749,-1033,2735,5,5,v9,v15,v21,365,v9,t=fqmul_zeta_top_a[749];r[365]=a[365]+t,749,v15,t=fqmul_zeta_top_a[749];r[749]=a[365]+a[749]-t,matches_original_ntt_s_level0_load_shape
366,366,750,-1033,2735,5,6,v9,v15,v21,366,v9,t=fqmul_zeta_top_a[750];r[366]=a[366]+t,750,v15,t=fqmul_zeta_top_a[750];r[750]=a[366]+a[750]-t,matches_original_ntt_s_level0_load_shape
367,367,751,-1033,2735,5,7,v9,v15,v21,367,v9,t=fqmul_zeta_top_a[751];r[367]=a[367]+t,751,v15,t=fqmul_zeta_top_a[751];r[751]=a[367]+a[751]-t,matches_original_ntt_s_level0_load_shape
368,368,752,-1033,2735,6,0,v9,v15,v21,368,v9,t=fqmul_zeta_top_a[752];r[368]=a[368]+t,752,v15,t=fqmul_zeta_top_a[752];r[752]=a[368]+a[752]-t,matches_original_ntt_s_level0_load_shape
369,369,753,-1033,2735,6,1,v9,v15,v21,369,v9,t=fqmul_zeta_top_a[753];r[369]=a[369]+t,753,v15,t=fqmul_zeta_top_a[753];r[753]=a[369]+a[753]-t,matches_original_ntt_s_level0_load_shape
370,370,754,-1033,2735,6,2,v9,v15,v21,370,v9,t=fqmul_zeta_top_a[754];r[370]=a[370]+t,754,v15,t=fqmul_zeta_top_a[754];r[754]=a[370]+a[754]-t,matches_original_ntt_s_level0_load_shape
371,371,755,-1033,2735,6,3,v9,v15,v21,371,v9,t=fqmul_zeta_top_a[755];r[371]=a[371]+t,755,v15,t=fqmul_zeta_top_a[755];r[755]=a[371]+a[755]-t,matches_original_ntt_s_level0_load_shape
372,372,756,-1033,2735,6,4,v9,v15,v21,372,v9,t=fqmul_zeta_top_a[756];r[372]=a[372]+t,756,v15,t=fqmul_zeta_top_a[756];r[756]=a[372]+a[756]-t,matches_original_ntt_s_level0_load_shape
373,373,757,-1033,2735,6,5,v9,v15,v21,373,v9,t=fqmul_zeta_top_a[757];r[373]=a[373]+t,757,v15,t=fqmul_zeta_top_a[757];r[757]=a[373]+a[757]-t,matches_original_ntt_s_level0_load_shape
374,374,758,-1033,2735,6,6,v9,v15,v21,374,v9,t=fqmul_zeta_top_a[758];r[374]=a[374]+t,758,v15,t=fqmul_zeta_top_a[758];r[758]=a[374]+a[758]-t,matches_original_ntt_s_level0_load_shape
375,375,759,-1033,2735,6,7,v9,v15,v21,375,v9,t=fqmul_zeta_top_a[759];r[375]=a[375]+t,759,v15,t=fqmul_zeta_top_a[759];r[759]=a[375]+a[759]-t,matches_original_ntt_s_level0_load_shape
376,376,760,-1033,2735,7,0,v9,v15,v21,376,v9,t=fqmul_zeta_top_a[760];r[376]=a[376]+t,760,v15,t=fqmul_zeta_top_a[760];r[760]=a[376]+a[760]-t,matches_original_ntt_s_level0_load_shape
377,377,761,-1033,2735,7,1,v9,v15,v21,377,v9,t=fqmul_zeta_top_a[761];r[377]=a[377]+t,761,v15,t=fqmul_zeta_top_a[761];r[761]=a[377]+a[761]-t,matches_original_ntt_s_level0_load_shape
378,378,762,-1033,2735,7,2,v9,v15,v21,378,v9,t=fqmul_zeta_top_a[762];r[378]=a[378]+t,762,v15,t=fqmul_zeta_top_a[762];r[762]=a[378]+a[762]-t,matches_original_ntt_s_level0_load_shape
379,379,763,-1033,2735,7,3,v9,v15,v21,379,v9,t=fqmul_zeta_top_a[763];r[379]=a[379]+t,763,v15,t=fqmul_zeta_top_a[763];r[763]=a[379]+a[763]-t,matches_original_ntt_s_level0_load_shape
380,380,764,-1033,2735,7,4,v9,v15,v21,380,v9,t=fqmul_zeta_top_a[764];r[380]=a[380]+t,764,v15,t=fqmul_zeta_top_a[764];r[764]=a[380]+a[764]-t,matches_original_ntt_s_level0_load_shape
381,381,765,-1033,2735,7,5,v9,v15,v21,381,v9,t=fqmul_zeta_top_a[765];r[381]=a[381]+t,765,v15,t=fqmul_zeta_top_a[765];r[765]=a[381]+a[765]-t,matches_original_ntt_s_level0_load_shape
382,382,766,-1033,2735,7,6,v9,v15,v21,382,v9,t=fqmul_zeta_top_a[766];r[382]=a[382]+t,766,v15,t=fqmul_zeta_top_a[766];r[766]=a[382]+a[766]-t,matches_original_ntt_s_level0_load_shape
383,383,767,-1033,2735,7,7,v9,v15,v21,383,v9,t=fqmul_zeta_top_a[767];r[383]=a[383]+t,767,v15,t=fqmul_zeta_top_a[767];r[767]=a[383]+a[767]-t,matches_original_ntt_s_level0_load_shape
