loop,group,half,branch,branch_output,top_split_output_register,coeff_start,coeff_end,block0,block1,twist_table,twist_index0,twist_index1,twist_mont0,twist_mont1,twist_asm_multiplier0,twist_asm_multiplier1,twist_precompute0,twist_precompute1,twist_multiplier_vector,twist_precompute_vector,semi_expanded_multiplier_hword,semi_expanded_precompute_hword,compact_hword,operation,notes
0,0,0,1,B1,v10,0,7,0,1,twist_branch1,0,1,-147,779,1,1100,9,10427,1|1|1|1|1100|1100|1100|1100,9|9|9|9|10427|10427|10427|10427,1|1|1|1|1100|1100|1100|1100,9|9|9|9|10427|10427|10427|10427,1|1100|9|10427,fqmul_B1[0..7]_by_twist_twist_branch1_k0_k1,twist_before_zip;vector_shape=[k0x4|k1x4]
0,0,0,1,B1,v11,8,15,2,3,twist_branch1,2,3,-436,923,50,-312,474,-2957,50|50|50|50|-312|-312|-312|-312,474|474|474|474|-2957|-2957|-2957|-2957,50|50|50|50|-312|-312|-312|-312,474|474|474|474|-2957|-2957|-2957|-2957,50|-312|474|-2957,fqmul_B1[8..15]_by_twist_twist_branch1_k2_k3,twist_before_zip;vector_shape=[k0x4|k1x4]
0,0,0,1,B1,v12,128,135,32,33,twist_branch1,32,33,460,1278,867,-432,8218,-4095,867|867|867|867|-432|-432|-432|-432,8218|8218|8218|8218|-4095|-4095|-4095|-4095,867|867|867|867|-432|-432|-432|-432,8218|8218|8218|8218|-4095|-4095|-4095|-4095,867|-432|8218|-4095,fqmul_B1[128..135]_by_twist_twist_branch1_k32_k33,twist_before_zip;vector_shape=[k0x4|k1x4]
0,0,0,1,B1,v13,136,143,34,35,twist_branch1,34,35,-1199,1674,-1591,-858,-15081,-8133,-1591|-1591|-1591|-1591|-858|-858|-858|-858,-15081|-15081|-15081|-15081|-8133|-8133|-8133|-8133,-1591|-1591|-1591|-1591|-858|-858|-858|-858,-15081|-15081|-15081|-15081|-8133|-8133|-8133|-8133,-1591|-858|-15081|-8133,fqmul_B1[136..143]_by_twist_twist_branch1_k34_k35,twist_before_zip;vector_shape=[k0x4|k1x4]
0,0,0,1,B1,v14,256,263,64,65,twist_branch1,64,65,1265,-1671,1520,-1188,14408,-11261,1520|1520|1520|1520|-1188|-1188|-1188|-1188,14408|14408|14408|14408|-11261|-11261|-11261|-11261,1520|1520|1520|1520|-1188|-1188|-1188|-1188,14408|14408|14408|14408|-11261|-11261|-11261|-11261,1520|-1188|14408|-11261,fqmul_B1[256..263]_by_twist_twist_branch1_k64_k65,twist_before_zip;vector_shape=[k0x4|k1x4]
0,0,0,1,B1,v15,264,271,66,67,twist_branch1,66,67,1024,-582,-54,-631,-512,-5981,-54|-54|-54|-54|-631|-631|-631|-631,-512|-512|-512|-512|-5981|-5981|-5981|-5981,-54|-54|-54|-54|-631|-631|-631|-631,-512|-512|-512|-512|-5981|-5981|-5981|-5981,-54|-631|-512|-5981,fqmul_B1[264..271]_by_twist_twist_branch1_k66_k67,twist_before_zip;vector_shape=[k0x4|k1x4]
0,0,0,0,B0,v4,0,7,0,1,twist_branch0,0,1,-147,1655,1,-1728,9,-16379,1|1|1|1|-1728|-1728|-1728|-1728,9|9|9|9|-16379|-16379|-16379|-16379,1|1|1|1|-1728|-1728|-1728|-1728,9|9|9|9|-16379|-16379|-16379|-16379,1|-1728|9|-16379,fqmul_B0[0..7]_by_twist_twist_branch0_k0_k1,twist_before_zip;vector_shape=[k0x4|k1x4]
0,0,0,0,B0,v5,8,15,2,3,twist_branch0,2,3,-901,1278,-864,-432,-8190,-4095,-864|-864|-864|-864|-432|-432|-432|-432,-8190|-8190|-8190|-8190|-4095|-4095|-4095|-4095,-864|-864|-864|-864|-432|-432|-432|-432,-8190|-8190|-8190|-8190|-4095|-4095|-4095|-4095,-864|-432|-8190|-4095,fqmul_B0[8..15]_by_twist_twist_branch0_k2_k3,twist_before_zip;vector_shape=[k0x4|k1x4]
0,0,0,0,B0,v6,128,135,32,33,twist_branch0,32,33,-682,-341,-1571,943,-14891,8938,-1571|-1571|-1571|-1571|943|943|943|943,-14891|-14891|-14891|-14891|8938|8938|8938|8938,-1571|-1571|-1571|-1571|943|943|943|943,-14891|-14891|-14891|-14891|8938|8938|8938|8938,-1571|943|-14891|8938,fqmul_B0[128..135]_by_twist_twist_branch0_k32_k33,twist_before_zip;vector_shape=[k0x4|k1x4]
0,0,0,0,B0,v7,136,143,34,35,twist_branch0,34,35,1558,779,-1257,1100,-11915,10427,-1257|-1257|-1257|-1257|1100|1100|1100|1100,-11915|-11915|-11915|-11915|10427|10427|10427|10427,-1257|-1257|-1257|-1257|1100|1100|1100|1100,-11915|-11915|-11915|-11915|10427|10427|10427|10427,-1257|1100|-11915|10427,fqmul_B0[136..143]_by_twist_twist_branch0_k34_k35,twist_before_zip;vector_shape=[k0x4|k1x4]
0,0,0,0,B0,v8,256,263,64,65,twist_branch0,64,65,-248,-124,-257,1600,-2436,15166,-257|-257|-257|-257|1600|1600|1600|1600,-2436|-2436|-2436|-2436|15166|15166|15166|15166,-257|-257|-257|-257|1600|1600|1600|1600,-2436|-2436|-2436|-2436|15166|15166|15166|15166,-257|1600|-2436|15166,fqmul_B0[256..263]_by_twist_twist_branch0_k64_k65,twist_before_zip;vector_shape=[k0x4|k1x4]
0,0,0,0,B0,v9,264,271,66,67,twist_branch0,66,67,-62,-31,800,400,7583,3791,800|800|800|800|400|400|400|400,7583|7583|7583|7583|3791|3791|3791|3791,800|800|800|800|400|400|400|400,7583|7583|7583|7583|3791|3791|3791|3791,800|400|7583|3791,fqmul_B0[264..271]_by_twist_twist_branch0_k66_k67,twist_before_zip;vector_shape=[k0x4|k1x4]
1,0,1,1,B1,v10,16,23,4,5,twist_branch1,4,5,-1058,1209,-957,1685,-9071,15972,-957|-957|-957|-957|1685|1685|1685|1685,-9071|-9071|-9071|-9071|15972|15972|15972|15972,-957|-957|-957|-957|1685|1685|1685|1685,-9071|-9071|-9071|-9071|15972|15972|15972|15972,-957|1685|-9071|15972,fqmul_B1[16..23]_by_twist_twist_branch1_k4_k5,twist_before_zip;vector_shape=[k0x4|k1x4]
1,0,1,1,B1,v11,24,31,6,7,twist_branch1,6,7,-1045,1681,548,1282,5194,12152,548|548|548|548|1282|1282|1282|1282,5194|5194|5194|5194|12152|12152|12152|12152,548|548|548|548|1282|1282|1282|1282,5194|5194|5194|5194|12152|12152|12152|12152,548|1282|5194|12152,fqmul_B1[24..31]_by_twist_twist_branch1_k6_k7,twist_before_zip;vector_shape=[k0x4|k1x4]
1,0,1,1,B1,v12,144,151,36,37,twist_branch1,36,37,-1181,732,-39,-1416,-370,-13422,-39|-39|-39|-39|-1416|-1416|-1416|-1416,-370|-370|-370|-370|-13422|-13422|-13422|-13422,-39|-39|-39|-39|-1416|-1416|-1416|-1416,-370|-370|-370|-370|-13422|-13422|-13422|-13422,-39|-1416|-370|-13422,fqmul_B1[144..151]_by_twist_twist_branch1_k36_k37,twist_before_zip;vector_shape=[k0x4|k1x4]
1,0,1,1,B1,v13,152,159,38,39,twist_branch1,38,39,-281,-1427,1507,-1660,14284,-15735,1507|1507|1507|1507|-1660|-1660|-1660|-1660,14284|14284|14284|14284|-15735|-15735|-15735|-15735,1507|1507|1507|1507|-1660|-1660|-1660|-1660,14284|14284|14284|14284|-15735|-15735|-15735|-15735,1507|-1660|14284|-15735,fqmul_B1[152..159]_by_twist_twist_branch1_k38_k39,twist_before_zip;vector_shape=[k0x4|k1x4]
1,0,1,1,B1,v14,272,279,68,69,twist_branch1,68,69,-655,-1444,757,-437,7175,-4142,757|757|757|757|-437|-437|-437|-437,7175|7175|7175|7175|-4142|-4142|-4142|-4142,757|757|757|757|-437|-437|-437|-437,7175|7175|7175|7175|-4142|-4142|-4142|-4142,757|-437|7175|-4142,fqmul_B1[272..279]_by_twist_twist_branch1_k68_k69,twist_before_zip;vector_shape=[k0x4|k1x4]
1,0,1,1,B1,v15,280,287,70,71,twist_branch1,70,71,-1637,397,-177,-1108,-1678,-10502,-177|-177|-177|-177|-1108|-1108|-1108|-1108,-1678|-1678|-1678|-1678|-10502|-10502|-10502|-10502,-177|-177|-177|-177|-1108|-1108|-1108|-1108,-1678|-1678|-1678|-1678|-10502|-10502|-10502|-10502,-177|-1108|-1678|-10502,fqmul_B1[280..287]_by_twist_twist_branch1_k70_k71,twist_before_zip;vector_shape=[k0x4|k1x4]
1,0,1,0,B0,v4,16,23,4,5,twist_branch0,4,5,639,-1409,-216,-108,-2047,-1024,-216|-216|-216|-216|-108|-108|-108|-108,-2047|-2047|-2047|-2047|-1024|-1024|-1024|-1024,-216|-216|-216|-216|-108|-108|-108|-108,-2047|-2047|-2047|-2047|-1024|-1024|-1024|-1024,-216|-108|-2047|-1024,fqmul_B0[16..23]_by_twist_twist_branch0_k4_k5,twist_before_zip;vector_shape=[k0x4|k1x4]
1,0,1,0,B0,v5,24,31,6,7,twist_branch0,6,7,1024,512,-54,-27,-512,-256,-54|-54|-54|-54|-27|-27|-27|-27,-512|-512|-512|-512|-256|-256|-256|-256,-54|-54|-54|-54|-27|-27|-27|-27,-512|-512|-512|-512|-256|-256|-256|-256,-54|-27|-512|-256,fqmul_B0[24..31]_by_twist_twist_branch0_k6_k7,twist_before_zip;vector_shape=[k0x4|k1x4]
1,0,1,0,B0,v6,144,151,36,37,twist_branch0,36,37,-1339,1059,550,275,5213,2607,550|550|550|550|275|275|275|275,5213|5213|5213|5213|2607|2607|2607|2607,550|550|550|550|275|275|275|275,5213|5213|5213|5213|2607|2607|2607|2607,550|275|5213|2607,fqmul_B0[144..151]_by_twist_twist_branch0_k36_k37,twist_before_zip;vector_shape=[k0x4|k1x4]
1,0,1,0,B0,v7,152,159,38,39,twist_branch0,38,39,-1199,1129,-1591,933,-15081,8844,-1591|-1591|-1591|-1591|933|933|933|933,-15081|-15081|-15081|-15081|8844|8844|8844|8844,-1591|-1591|-1591|-1591|933|933|933|933,-15081|-15081|-15081|-15081|8844|8844|8844|8844,-1591|933|-15081|8844,fqmul_B0[152..159]_by_twist_twist_branch0_k38_k39,twist_before_zip;vector_shape=[k0x4|k1x4]
1,0,1,0,B0,v8,272,279,68,69,twist_branch0,68,69,1713,-872,200,100,1896,948,200|200|200|200|100|100|100|100,1896|1896|1896|1896|948|948|948|948,200|200|200|200|100|100|100|100,1896|1896|1896|1896|948|948|948|948,200|100|1896|948,fqmul_B0[272..279]_by_twist_twist_branch0_k68_k69,twist_before_zip;vector_shape=[k0x4|k1x4]
1,0,1,0,B0,v9,280,287,70,71,twist_branch0,70,71,-436,-218,50,25,474,237,50|50|50|50|25|25|25|25,474|474|474|474|237|237|237|237,50|50|50|50|25|25|25|25,474|474|474|474|237|237|237|237,50|25|474|237,fqmul_B0[280..287]_by_twist_twist_branch0_k70_k71,twist_before_zip;vector_shape=[k0x4|k1x4]
2,1,0,1,B1,v10,32,39,8,9,twist_branch1,8,9,-395,1082,-256,-1583,-2427,-15005,-256|-256|-256|-256|-1583|-1583|-1583|-1583,-2427|-2427|-2427|-2427|-15005|-15005|-15005|-15005,-256|-256|-256|-256|-1583|-1583|-1583|-1583,-2427|-2427|-2427|-2427|-15005|-15005|-15005|-15005,-256|-1583|-2427|-15005,fqmul_B1[32..39]_by_twist_twist_branch1_k8_k9,twist_before_zip;vector_shape=[k0x4|k1x4]
2,1,0,1,B1,v11,40,47,10,11,twist_branch1,10,11,992,-1212,1028,361,9744,3422,1028|1028|1028|1028|361|361|361|361,9744|9744|9744|9744|3422|3422|3422|3422,1028|1028|1028|1028|361|361|361|361,9744|9744|9744|9744|3422|3422|3422|3422,1028|361|9744|3422,fqmul_B1[40..47]_by_twist_twist_branch1_k10_k11,twist_before_zip;vector_shape=[k0x4|k1x4]
2,1,0,1,B1,v12,160,167,40,41,twist_branch1,40,41,-222,1247,-704,-32,-6673,-303,-704|-704|-704|-704|-32|-32|-32|-32,-6673|-6673|-6673|-6673|-303|-303|-303|-303,-704|-704|-704|-704|-32|-32|-32|-32,-6673|-6673|-6673|-6673|-303|-303|-303|-303,-704|-32|-6673|-303,fqmul_B1[160..167]_by_twist_twist_branch1_k40_k41,twist_before_zip;vector_shape=[k0x4|k1x4]
2,1,0,1,B1,v13,168,175,42,43,twist_branch1,42,43,-729,124,-630,-1600,-5972,-15166,-630|-630|-630|-630|-1600|-1600|-1600|-1600,-5972|-5972|-5972|-5972|-15166|-15166|-15166|-15166,-630|-630|-630|-630|-1600|-1600|-1600|-1600,-5972|-5972|-5972|-5972|-15166|-15166|-15166|-15166,-630|-1600|-5972|-15166,fqmul_B1[168..175]_by_twist_twist_branch1_k42_k43,twist_before_zip;vector_shape=[k0x4|k1x4]
2,1,0,1,B1,v14,288,295,72,73,twist_branch1,72,73,1118,-892,1521,-88,14417,-834,1521|1521|1521|1521|-88|-88|-88|-88,14417|14417|14417|14417|-834|-834|-834|-834,1521|1521|1521|1521|-88|-88|-88|-88,14417|14417|14417|14417|-834|-834|-834|-834,1521|-88|14417|-834,fqmul_B1[288..295]_by_twist_twist_branch1_k72_k73,twist_before_zip;vector_shape=[k0x4|k1x4]
2,1,0,1,B1,v15,296,303,74,75,twist_branch1,74,75,588,341,-4,-943,-38,-8938,-4|-4|-4|-4|-943|-943|-943|-943,-38|-38|-38|-38|-8938|-8938|-8938|-8938,-4|-4|-4|-4|-943|-943|-943|-943,-38|-38|-38|-38|-8938|-8938|-8938|-8938,-4|-943|-38|-8938,fqmul_B1[296..303]_by_twist_twist_branch1_k74_k75,twist_before_zip;vector_shape=[k0x4|k1x4]
2,1,0,0,B0,v4,32,39,8,9,twist_branch0,8,9,256,128,1715,-871,16256,-8256,1715|1715|1715|1715|-871|-871|-871|-871,16256|16256|16256|16256|-8256|-8256|-8256|-8256,1715|1715|1715|1715|-871|-871|-871|-871,16256|16256|16256|16256|-8256|-8256|-8256|-8256,1715|-871|16256|-8256,fqmul_B0[32..39]_by_twist_twist_branch0_k8_k9,twist_before_zip;vector_shape=[k0x4|k1x4]
2,1,0,0,B0,v5,40,47,10,11,twist_branch0,10,11,64,32,1293,-1082,12256,-10256,1293|1293|1293|1293|-1082|-1082|-1082|-1082,12256|12256|12256|12256|-10256|-10256|-10256|-10256,1293|1293|1293|1293|-1082|-1082|-1082|-1082,12256|12256|12256|12256|-10256|-10256|-10256|-10256,1293|-1082|12256|-10256,fqmul_B0[40..47]_by_twist_twist_branch0_k10_k11,twist_before_zip;vector_shape=[k0x4|k1x4]
2,1,0,0,B0,v6,160,167,40,41,twist_branch0,40,41,-1164,-582,-1262,-631,-11962,-5981,-1262|-1262|-1262|-1262|-631|-631|-631|-631,-11962|-11962|-11962|-11962|-5981|-5981|-5981|-5981,-1262|-1262|-1262|-1262|-631|-631|-631|-631,-11962|-11962|-11962|-11962|-5981|-5981|-5981|-5981,-1262|-631|-11962|-5981,fqmul_B0[160..167]_by_twist_twist_branch0_k40_k41,twist_before_zip;vector_shape=[k0x4|k1x4]
2,1,0,0,B0,v7,168,175,42,43,twist_branch0,42,43,-291,1583,1413,-1022,13393,-9687,1413|1413|1413|1413|-1022|-1022|-1022|-1022,13393|13393|13393|13393|-9687|-9687|-9687|-9687,1413|1413|1413|1413|-1022|-1022|-1022|-1022,13393|13393|13393|13393|-9687|-9687|-9687|-9687,1413|-1022|13393|-9687,fqmul_B0[168..175]_by_twist_twist_branch0_k42_k43,twist_before_zip;vector_shape=[k0x4|k1x4]
2,1,0,0,B0,v8,288,295,72,73,twist_branch0,72,73,-109,1674,-1716,-858,-16266,-8133,-1716|-1716|-1716|-1716|-858|-858|-858|-858,-16266|-16266|-16266|-16266|-8133|-8133|-8133|-8133,-1716|-1716|-1716|-1716|-858|-858|-858|-858,-16266|-16266|-16266|-16266|-8133|-8133|-8133|-8133,-1716|-858|-16266|-8133,fqmul_B0[288..295]_by_twist_twist_branch0_k72_k73,twist_before_zip;vector_shape=[k0x4|k1x4]
2,1,0,0,B0,v9,296,303,74,75,twist_branch0,74,75,837,-1310,-429,1514,-4066,14351,-429|-429|-429|-429|1514|1514|1514|1514,-4066|-4066|-4066|-4066|14351|14351|14351|14351,-429|-429|-429|-429|1514|1514|1514|1514,-4066|-4066|-4066|-4066|14351|14351|14351|14351,-429|1514|-4066|14351,fqmul_B0[296..303]_by_twist_twist_branch0_k74_k75,twist_before_zip;vector_shape=[k0x4|k1x4]
3,1,1,1,B1,v10,48,55,12,13,twist_branch1,12,13,1202,1626,-455,765,-4313,7251,-455|-455|-455|-455|765|765|765|765,-4313|-4313|-4313|-4313|7251|7251|7251|7251,-455|-455|-455|-455|765|765|765|765,-4313|-4313|-4313|-4313|7251|7251|7251|7251,-455|765|-4313|7251,fqmul_B1[48..55]_by_twist_twist_branch1_k12_k13,twist_before_zip;vector_shape=[k0x4|k1x4]
3,1,1,1,B1,v11,56,63,14,15,twist_branch1,14,15,1331,-1668,1449,223,13735,2114,1449|1449|1449|1449|223|223|223|223,13735|13735|13735|13735|2114|2114|2114|2114,1449|1449|1449|1449|223|223|223|223,13735|13735|13735|13735|2114|2114|2114|2114,1449|223|13735|2114,fqmul_B1[56..63]_by_twist_twist_branch1_k14_k15,twist_before_zip;vector_shape=[k0x4|k1x4]
3,1,1,1,B1,v12,176,183,44,45,twist_branch1,44,45,1577,-714,-387,-489,-3668,-4635,-387|-387|-387|-387|-489|-489|-489|-489,-3668|-3668|-3668|-3668|-4635|-4635|-4635|-4635,-387|-387|-387|-387|-489|-489|-489|-489,-3668|-3668|-3668|-3668|-4635|-4635|-4635|-4635,-387|-489|-3668|-4635,fqmul_B1[176..183]_by_twist_twist_branch1_k44_k45,twist_before_zip;vector_shape=[k0x4|k1x4]
3,1,1,1,B1,v13,184,191,46,47,twist_branch1,46,47,-661,-1130,1392,-251,13194,-2379,1392|1392|1392|1392|-251|-251|-251|-251,13194|13194|13194|13194|-2379|-2379|-2379|-2379,1392|1392|1392|1392|-251|-251|-251|-251,13194|13194|13194|13194|-2379|-2379|-2379|-2379,1392|-251|13194|-2379,fqmul_B1[184..191]_by_twist_twist_branch1_k46_k47,twist_before_zip;vector_shape=[k0x4|k1x4]
3,1,1,1,B1,v14,304,311,76,77,twist_branch1,76,77,-1713,-235,-200,1248,-1896,11829,-200|-200|-200|-200|1248|1248|1248|1248,-1896|-1896|-1896|-1896|11829|11829|11829|11829,-200|-200|-200|-200|1248|1248|1248|1248,-1896|-1896|-1896|-1896|11829|11829|11829|11829,-200|1248|-1896|11829,fqmul_B1[304..311]_by_twist_twist_branch1_k76_k77,twist_before_zip;vector_shape=[k0x4|k1x4]
3,1,1,1,B1,v15,312,319,78,79,twist_branch1,78,79,775,-1379,371,174,3517,1649,371|371|371|371|174|174|174|174,3517|3517|3517|3517|1649|1649|1649|1649,371|371|371|371|174|174|174|174,3517|3517|3517|3517|1649|1649|1649|1649,371|174|3517|1649,fqmul_B1[312..319]_by_twist_twist_branch1_k78_k79,twist_before_zip;vector_shape=[k0x4|k1x4]
3,1,1,0,B0,v4,48,55,12,13,twist_branch0,12,13,16,8,-541,1458,-5128,13820,-541|-541|-541|-541|1458|1458|1458|1458,-5128|-5128|-5128|-5128|13820|13820|13820|13820,-541|-541|-541|-541|1458|1458|1458|1458,-5128|-5128|-5128|-5128|13820|13820|13820|13820,-541|1458|-5128|13820,fqmul_B0[48..55]_by_twist_twist_branch0_k12_k13,twist_before_zip;vector_shape=[k0x4|k1x4]
3,1,1,0,B0,v5,56,63,14,15,twist_branch0,14,15,4,2,729,-1364,6910,-12929,729|729|729|729|-1364|-1364|-1364|-1364,6910|6910|6910|6910|-12929|-12929|-12929|-12929,729|729|729|729|-1364|-1364|-1364|-1364,6910|6910|6910|6910|-12929|-12929|-12929|-12929,729|-1364|6910|-12929,fqmul_B0[56..63]_by_twist_twist_branch0_k14_k15,twist_before_zip;vector_shape=[k0x4|k1x4]
3,1,1,0,B0,v6,176,183,44,45,twist_branch0,44,45,-937,1260,-511,1473,-4844,13962,-511|-511|-511|-511|1473|1473|1473|1473,-4844|-4844|-4844|-4844|13962|13962|13962|13962,-511|-511|-511|-511|1473|1473|1473|1473,-4844|-4844|-4844|-4844|13962|13962|13962|13962,-511|1473|-4844|13962,fqmul_B0[176..183]_by_twist_twist_branch0_k44_k45,twist_before_zip;vector_shape=[k0x4|k1x4]
3,1,1,0,B0,v7,184,191,46,47,twist_branch0,46,47,630,315,-992,-496,-9403,-4701,-992|-992|-992|-992|-496|-496|-496|-496,-9403|-9403|-9403|-9403|-4701|-4701|-4701|-4701,-992|-992|-992|-992|-496|-496|-496|-496,-9403|-9403|-9403|-9403|-4701|-4701|-4701|-4701,-992|-496|-9403|-4701,fqmul_B0[184..191]_by_twist_twist_branch0_k46_k47,twist_before_zip;vector_shape=[k0x4|k1x4]
3,1,1,0,B0,v8,304,311,76,77,twist_branch0,76,77,-655,1401,757,-1350,7175,-12796,757|757|757|757|-1350|-1350|-1350|-1350,7175|7175|7175|7175|-12796|-12796|-12796|-12796,757|757|757|757|-1350|-1350|-1350|-1350,7175|7175|7175|7175|-12796|-12796|-12796|-12796,757|-1350|7175|-12796,fqmul_B0[304..311]_by_twist_twist_branch0_k76_k77,twist_before_zip;vector_shape=[k0x4|k1x4]
3,1,1,0,B0,v9,312,319,78,79,twist_branch0,78,79,-1028,-514,-675,1391,-6398,13185,-675|-675|-675|-675|1391|1391|1391|1391,-6398|-6398|-6398|-6398|13185|13185|13185|13185,-675|-675|-675|-675|1391|1391|1391|1391,-6398|-6398|-6398|-6398|13185|13185|13185|13185,-675|1391|-6398|13185,fqmul_B0[312..319]_by_twist_twist_branch0_k78_k79,twist_before_zip;vector_shape=[k0x4|k1x4]
4,2,0,1,B1,v10,64,71,16,17,twist_branch1,16,17,867,-432,-147,779,-1393,7384,-147|-147|-147|-147|779|779|779|779,-1393|-1393|-1393|-1393|7384|7384|7384|7384,-147|-147|-147|-147|779|779|779|779,-1393|-1393|-1393|-1393|7384|7384|7384|7384,-147|779|-1393|7384,fqmul_B1[64..71]_by_twist_twist_branch1_k16_k17,twist_before_zip;vector_shape=[k0x4|k1x4]
4,2,0,1,B1,v11,72,79,18,19,twist_branch1,18,19,-1591,-858,-436,923,-4133,8749,-436|-436|-436|-436|923|923|923|923,-4133|-4133|-4133|-4133|8749|8749|8749|8749,-436|-436|-436|-436|923|923|923|923,-4133|-4133|-4133|-4133|8749|8749|8749|8749,-436|923|-4133|8749,fqmul_B1[72..79]_by_twist_twist_branch1_k18_k19,twist_before_zip;vector_shape=[k0x4|k1x4]
4,2,0,1,B1,v12,192,199,48,49,twist_branch1,48,49,1520,-1188,460,1278,4360,12114,460|460|460|460|1278|1278|1278|1278,4360|4360|4360|4360|12114|12114|12114|12114,460|460|460|460|1278|1278|1278|1278,4360|4360|4360|4360|12114|12114|12114|12114,460|1278|4360|12114,fqmul_B1[192..199]_by_twist_twist_branch1_k48_k49,twist_before_zip;vector_shape=[k0x4|k1x4]
4,2,0,1,B1,v13,200,207,50,51,twist_branch1,50,51,-54,-631,-1199,1674,-11365,15867,-1199|-1199|-1199|-1199|1674|1674|1674|1674,-11365|-11365|-11365|-11365|15867|15867|15867|15867,-1199|-1199|-1199|-1199|1674|1674|1674|1674,-11365|-11365|-11365|-11365|15867|15867|15867|15867,-1199|1674|-11365|15867,fqmul_B1[200..207]_by_twist_twist_branch1_k50_k51,twist_before_zip;vector_shape=[k0x4|k1x4]
4,2,0,1,B1,v14,320,327,80,81,twist_branch1,80,81,723,190,1265,-1671,11991,-15839,1265|1265|1265|1265|-1671|-1671|-1671|-1671,11991|11991|11991|11991|-15839|-15839|-15839|-15839,1265|1265|1265|1265|-1671|-1671|-1671|-1671,11991|11991|11991|11991|-15839|-15839|-15839|-15839,1265|-1671|11991|-15839,fqmul_B1[320..327]_by_twist_twist_branch1_k80_k81,twist_before_zip;vector_shape=[k0x4|k1x4]
4,2,0,1,B1,v15,328,335,82,83,twist_branch1,82,83,1580,-871,1024,-582,9706,-5517,1024|1024|1024|1024|-582|-582|-582|-582,9706|9706|9706|9706|-5517|-5517|-5517|-5517,1024|1024|1024|1024|-582|-582|-582|-582,9706|9706|9706|9706|-5517|-5517|-5517|-5517,1024|-582|9706|-5517,fqmul_B1[328..335]_by_twist_twist_branch1_k82_k83,twist_before_zip;vector_shape=[k0x4|k1x4]
4,2,0,0,B0,v4,64,71,16,17,twist_branch0,16,17,1,-1728,-682,-341,-6464,-3232,-682|-682|-682|-682|-341|-341|-341|-341,-6464|-6464|-6464|-6464|-3232|-3232|-3232|-3232,-682|-682|-682|-682|-341|-341|-341|-341,-6464|-6464|-6464|-6464|-3232|-3232|-3232|-3232,-682|-341|-6464|-3232,fqmul_B0[64..71]_by_twist_twist_branch0_k16_k17,twist_before_zip;vector_shape=[k0x4|k1x4]
4,2,0,0,B0,v5,72,79,18,19,twist_branch0,18,19,-864,-432,1558,779,14768,7384,1558|1558|1558|1558|779|779|779|779,14768|14768|14768|14768|7384|7384|7384|7384,1558|1558|1558|1558|779|779|779|779,14768|14768|14768|14768|7384|7384|7384|7384,1558|779|14768|7384,fqmul_B0[72..79]_by_twist_twist_branch0_k18_k19,twist_before_zip;vector_shape=[k0x4|k1x4]
4,2,0,0,B0,v6,192,199,48,49,twist_branch0,48,49,-1571,943,-248,-124,-2351,-1175,-248|-248|-248|-248|-124|-124|-124|-124,-2351|-2351|-2351|-2351|-1175|-1175|-1175|-1175,-248|-248|-248|-248|-124|-124|-124|-124,-2351|-2351|-2351|-2351|-1175|-1175|-1175|-1175,-248|-124|-2351|-1175,fqmul_B0[192..199]_by_twist_twist_branch0_k48_k49,twist_before_zip;vector_shape=[k0x4|k1x4]
4,2,0,0,B0,v7,200,207,50,51,twist_branch0,50,51,-1257,1100,-62,-31,-588,-294,-62|-62|-62|-62|-31|-31|-31|-31,-588|-588|-588|-588|-294|-294|-294|-294,-62|-62|-62|-62|-31|-31|-31|-31,-588|-588|-588|-588|-294|-294|-294|-294,-62|-31|-588|-294,fqmul_B0[200..207]_by_twist_twist_branch0_k50_k51,twist_before_zip;vector_shape=[k0x4|k1x4]
4,2,0,0,B0,v8,320,327,80,81,twist_branch0,80,81,-257,1600,-1033,1212,-9792,11488,-1033|-1033|-1033|-1033|1212|1212|1212|1212,-9792|-9792|-9792|-9792|11488|11488|11488|11488,-1033|-1033|-1033|-1033|1212|1212|1212|1212,-9792|-9792|-9792|-9792|11488|11488|11488|11488,-1033|1212|-9792|11488,fqmul_B0[320..327]_by_twist_twist_branch0_k80_k81,twist_before_zip;vector_shape=[k0x4|k1x4]
4,2,0,0,B0,v9,328,335,82,83,twist_branch0,82,83,800,400,606,303,5744,2872,606|606|606|606|303|303|303|303,5744|5744|5744|5744|2872|2872|2872|2872,606|606|606|606|303|303|303|303,5744|5744|5744|5744|2872|2872|2872|2872,606|303|5744|2872,fqmul_B0[328..335]_by_twist_twist_branch0_k82_k83,twist_before_zip;vector_shape=[k0x4|k1x4]
5,2,1,1,B1,v10,80,87,20,21,twist_branch1,20,21,-39,-1416,-1058,1209,-10029,11460,-1058|-1058|-1058|-1058|1209|1209|1209|1209,-10029|-10029|-10029|-10029|11460|11460|11460|11460,-1058|-1058|-1058|-1058|1209|1209|1209|1209,-10029|-10029|-10029|-10029|11460|11460|11460|11460,-1058|1209|-10029|11460,fqmul_B1[80..87]_by_twist_twist_branch1_k20_k21,twist_before_zip;vector_shape=[k0x4|k1x4]
5,2,1,1,B1,v11,88,95,22,23,twist_branch1,22,23,1507,-1660,-1045,1681,-9905,15934,-1045|-1045|-1045|-1045|1681|1681|1681|1681,-9905|-9905|-9905|-9905|15934|15934|15934|15934,-1045|-1045|-1045|-1045|1681|1681|1681|1681,-9905|-9905|-9905|-9905|15934|15934|15934|15934,-1045|1681|-9905|15934,fqmul_B1[88..95]_by_twist_twist_branch1_k22_k23,twist_before_zip;vector_shape=[k0x4|k1x4]
5,2,1,1,B1,v12,208,215,52,53,twist_branch1,52,53,757,-437,-1181,732,-11194,6938,-1181|-1181|-1181|-1181|732|732|732|732,-11194|-11194|-11194|-11194|6938|6938|6938|6938,-1181|-1181|-1181|-1181|732|732|732|732,-11194|-11194|-11194|-11194|6938|6938|6938|6938,-1181|732|-11194|6938,fqmul_B1[208..215]_by_twist_twist_branch1_k52_k53,twist_before_zip;vector_shape=[k0x4|k1x4]
5,2,1,1,B1,v13,216,223,54,55,twist_branch1,54,55,-177,-1108,-281,-1427,-2664,-13526,-281|-281|-281|-281|-1427|-1427|-1427|-1427,-2664|-2664|-2664|-2664|-13526|-13526|-13526|-13526,-281|-281|-281|-281|-1427|-1427|-1427|-1427,-2664|-2664|-2664|-2664|-13526|-13526|-13526|-13526,-281|-1427|-2664|-13526,fqmul_B1[216..223]_by_twist_twist_branch1_k54_k55,twist_before_zip;vector_shape=[k0x4|k1x4]
5,2,1,1,B1,v14,336,343,84,85,twist_branch1,84,85,-511,1391,-655,-1444,-6209,-13687,-655|-655|-655|-655|-1444|-1444|-1444|-1444,-6209|-6209|-6209|-6209|-13687|-13687|-13687|-13687,-655|-655|-655|-655|-1444|-1444|-1444|-1444,-6209|-6209|-6209|-6209|-13687|-13687|-13687|-13687,-655|-1444|-6209|-13687,fqmul_B1[336..343]_by_twist_twist_branch1_k84_k85,twist_before_zip;vector_shape=[k0x4|k1x4]
5,2,1,1,B1,v15,344,351,86,87,twist_branch1,86,87,-1351,410,-1637,397,-15517,3763,-1637|-1637|-1637|-1637|397|397|397|397,-15517|-15517|-15517|-15517|3763|3763|3763|3763,-1637|-1637|-1637|-1637|397|397|397|397,-15517|-15517|-15517|-15517|3763|3763|3763|3763,-1637|397|-15517|3763,fqmul_B1[344..351]_by_twist_twist_branch1_k86_k87,twist_before_zip;vector_shape=[k0x4|k1x4]
5,2,1,0,B0,v4,80,87,20,21,twist_branch0,20,21,-216,-108,-1339,1059,-12692,10038,-1339|-1339|-1339|-1339|1059|1059|1059|1059,-12692|-12692|-12692|-12692|10038|10038|10038|10038,-1339|-1339|-1339|-1339|1059|1059|1059|1059,-12692|-12692|-12692|-12692|10038|10038|10038|10038,-1339|1059|-12692|10038,fqmul_B0[80..87]_by_twist_twist_branch0_k20_k21,twist_before_zip;vector_shape=[k0x4|k1x4]
5,2,1,0,B0,v5,88,95,22,23,twist_branch0,22,23,-54,-27,-1199,1129,-11365,10701,-1199|-1199|-1199|-1199|1129|1129|1129|1129,-11365|-11365|-11365|-11365|10701|10701|10701|10701,-1199|-1199|-1199|-1199|1129|1129|1129|1129,-11365|-11365|-11365|-11365|10701|10701|10701|10701,-1199|1129|-11365|10701,fqmul_B0[88..95]_by_twist_twist_branch0_k22_k23,twist_before_zip;vector_shape=[k0x4|k1x4]
5,2,1,0,B0,v6,208,215,52,53,twist_branch0,52,53,550,275,1713,-872,16237,-8265,1713|1713|1713|1713|-872|-872|-872|-872,16237|16237|16237|16237|-8265|-8265|-8265|-8265,1713|1713|1713|1713|-872|-872|-872|-872,16237|16237|16237|16237|-8265|-8265|-8265|-8265,1713|-872|16237|-8265,fqmul_B0[208..215]_by_twist_twist_branch0_k52_k53,twist_before_zip;vector_shape=[k0x4|k1x4]
5,2,1,0,B0,v7,216,223,54,55,twist_branch0,54,55,-1591,933,-436,-218,-4133,-2066,-436|-436|-436|-436|-218|-218|-218|-218,-4133|-4133|-4133|-4133|-2066|-2066|-2066|-2066,-436|-436|-436|-436|-218|-218|-218|-218,-4133|-4133|-4133|-4133|-2066|-2066|-2066|-2066,-436|-218|-4133|-2066,fqmul_B0[216..223]_by_twist_twist_branch0_k54_k55,twist_before_zip;vector_shape=[k0x4|k1x4]
5,2,1,0,B0,v8,336,343,84,85,twist_branch0,84,85,200,100,-1577,940,-14948,8910,-1577|-1577|-1577|-1577|940|940|940|940,-14948|-14948|-14948|-14948|8910|8910|8910|8910,-1577|-1577|-1577|-1577|940|940|940|940,-14948|-14948|-14948|-14948|8910|8910|8910|8910,-1577|940|-14948|8910,fqmul_B0[336..343]_by_twist_twist_branch0_k84_k85,twist_before_zip;vector_shape=[k0x4|k1x4]
5,2,1,0,B0,v9,344,351,86,87,twist_branch0,86,87,50,25,470,235,4455,2228,470|470|470|470|235|235|235|235,4455|4455|4455|4455|2228|2228|2228|2228,470|470|470|470|235|235|235|235,4455|4455|4455|4455|2228|2228|2228|2228,470|235|4455|2228,fqmul_B0[344..351]_by_twist_twist_branch0_k86_k87,twist_before_zip;vector_shape=[k0x4|k1x4]
6,3,0,1,B1,v10,96,103,24,25,twist_branch1,24,25,-704,-32,-395,1082,-3744,10256,-395|-395|-395|-395|1082|1082|1082|1082,-3744|-3744|-3744|-3744|10256|10256|10256|10256,-395|-395|-395|-395|1082|1082|1082|1082,-3744|-3744|-3744|-3744|10256|10256|10256|10256,-395|1082|-3744|10256,fqmul_B1[96..103]_by_twist_twist_branch1_k24_k25,twist_before_zip;vector_shape=[k0x4|k1x4]
6,3,0,1,B1,v11,104,111,26,27,twist_branch1,26,27,-630,-1600,992,-1212,9403,-11488,992|992|992|992|-1212|-1212|-1212|-1212,9403|9403|9403|9403|-11488|-11488|-11488|-11488,992|992|992|992|-1212|-1212|-1212|-1212,9403|9403|9403|9403|-11488|-11488|-11488|-11488,992|-1212|9403|-11488,fqmul_B1[104..111]_by_twist_twist_branch1_k26_k27,twist_before_zip;vector_shape=[k0x4|k1x4]
6,3,0,1,B1,v12,224,231,56,57,twist_branch1,56,57,1521,-88,-222,1247,-2104,11820,-222|-222|-222|-222|1247|1247|1247|1247,-2104|-2104|-2104|-2104|11820|11820|11820|11820,-222|-222|-222|-222|1247|1247|1247|1247,-2104|-2104|-2104|-2104|11820|11820|11820|11820,-222|1247|-2104|11820,fqmul_B1[224..231]_by_twist_twist_branch1_k56_k57,twist_before_zip;vector_shape=[k0x4|k1x4]
6,3,0,1,B1,v13,232,239,58,59,twist_branch1,58,59,-4,-943,-729,124,-6910,1175,-729|-729|-729|-729|124|124|124|124,-6910|-6910|-6910|-6910|1175|1175|1175|1175,-729|-729|-729|-729|124|124|124|124,-6910|-6910|-6910|-6910|1175|1175|1175|1175,-729|124|-6910|1175,fqmul_B1[232..239]_by_twist_twist_branch1_k58_k59,twist_before_zip;vector_shape=[k0x4|k1x4]
6,3,0,1,B1,v14,352,359,88,89,twist_branch1,88,89,1590,-242,1118,-892,10597,-8455,1118|1118|1118|1118|-892|-892|-892|-892,10597|10597|10597|10597|-8455|-8455|-8455|-8455,1118|1118|1118|1118|-892|-892|-892|-892,10597|10597|10597|10597|-8455|-8455|-8455|-8455,1118|-892|10597|-8455,fqmul_B1[352..359]_by_twist_twist_branch1_k88_k89,twist_before_zip;vector_shape=[k0x4|k1x4]
6,3,0,1,B1,v15,360,367,90,91,twist_branch1,90,91,-11,1728,588,341,5573,3232,588|588|588|588|341|341|341|341,5573|5573|5573|5573|3232|3232|3232|3232,588|588|588|588|341|341|341|341,5573|5573|5573|5573|3232|3232|3232|3232,588|341|5573|3232,fqmul_B1[360..367]_by_twist_twist_branch1_k90_k91,twist_before_zip;vector_shape=[k0x4|k1x4]
6,3,0,0,B0,v4,96,103,24,25,twist_branch0,24,25,1715,-871,-1164,-582,-11033,-5517,-1164|-1164|-1164|-1164|-582|-582|-582|-582,-11033|-11033|-11033|-11033|-5517|-5517|-5517|-5517,-1164|-1164|-1164|-1164|-582|-582|-582|-582,-11033|-11033|-11033|-11033|-5517|-5517|-5517|-5517,-1164|-582|-11033|-5517,fqmul_B0[96..103]_by_twist_twist_branch0_k24_k25,twist_before_zip;vector_shape=[k0x4|k1x4]
6,3,0,0,B0,v5,104,111,26,27,twist_branch0,26,27,1293,-1082,-291,1583,-2758,15005,-291|-291|-291|-291|1583|1583|1583|1583,-2758|-2758|-2758|-2758|15005|15005|15005|15005,-291|-291|-291|-291|1583|1583|1583|1583,-2758|-2758|-2758|-2758|15005|15005|15005|15005,-291|1583|-2758|15005,fqmul_B0[104..111]_by_twist_twist_branch0_k26_k27,twist_before_zip;vector_shape=[k0x4|k1x4]
6,3,0,0,B0,v6,224,231,56,57,twist_branch0,56,57,-1262,-631,-109,1674,-1033,15867,-109|-109|-109|-109|1674|1674|1674|1674,-1033|-1033|-1033|-1033|15867|15867|15867|15867,-109|-109|-109|-109|1674|1674|1674|1674,-1033|-1033|-1033|-1033|15867|15867|15867|15867,-109|1674|-1033|15867,fqmul_B0[224..231]_by_twist_twist_branch0_k56_k57,twist_before_zip;vector_shape=[k0x4|k1x4]
6,3,0,0,B0,v7,232,239,58,59,twist_branch0,58,59,1413,-1022,837,-1310,7934,-12417,837|837|837|837|-1310|-1310|-1310|-1310,7934|7934|7934|7934|-12417|-12417|-12417|-12417,837|837|837|837|-1310|-1310|-1310|-1310,7934|7934|7934|7934|-12417|-12417|-12417|-12417,837|-1310|7934|-12417,fqmul_B0[232..239]_by_twist_twist_branch0_k58_k59,twist_before_zip;vector_shape=[k0x4|k1x4]
6,3,0,0,B0,v8,352,359,88,89,twist_branch0,88,89,-1716,-858,-1611,923,-15270,8749,-1611|-1611|-1611|-1611|923|923|923|923,-15270|-15270|-15270|-15270|8749|8749|8749|8749,-1611|-1611|-1611|-1611|923|923|923|923,-15270|-15270|-15270|-15270|8749|8749|8749|8749,-1611|923|-15270|8749,fqmul_B0[352..359]_by_twist_twist_branch0_k88_k89,twist_before_zip;vector_shape=[k0x4|k1x4]
6,3,0,0,B0,v9,360,367,90,91,twist_branch0,90,91,-429,1514,-1267,1095,-12010,10379,-1267|-1267|-1267|-1267|1095|1095|1095|1095,-12010|-12010|-12010|-12010|10379|10379|10379|10379,-1267|-1267|-1267|-1267|1095|1095|1095|1095,-12010|-12010|-12010|-12010|10379|10379|10379|10379,-1267|1095|-12010|10379,fqmul_B0[360..367]_by_twist_twist_branch0_k90_k91,twist_before_zip;vector_shape=[k0x4|k1x4]
7,3,1,1,B1,v10,112,119,28,29,twist_branch1,28,29,-387,-489,1202,1626,11393,15412,1202|1202|1202|1202|1626|1626|1626|1626,11393|11393|11393|11393|15412|15412|15412|15412,1202|1202|1202|1202|1626|1626|1626|1626,11393|11393|11393|11393|15412|15412|15412|15412,1202|1626|11393|15412,fqmul_B1[112..119]_by_twist_twist_branch1_k28_k29,twist_before_zip;vector_shape=[k0x4|k1x4]
7,3,1,1,B1,v11,120,127,30,31,twist_branch1,30,31,1392,-251,1331,-1668,12616,-15811,1331|1331|1331|1331|-1668|-1668|-1668|-1668,12616|12616|12616|12616|-15811|-15811|-15811|-15811,1331|1331|1331|1331|-1668|-1668|-1668|-1668,12616|12616|12616|12616|-15811|-15811|-15811|-15811,1331|-1668|12616|-15811,fqmul_B1[120..127]_by_twist_twist_branch1_k30_k31,twist_before_zip;vector_shape=[k0x4|k1x4]
7,3,1,1,B1,v12,240,247,60,61,twist_branch1,60,61,-200,1248,1577,-714,14948,-6768,1577|1577|1577|1577|-714|-714|-714|-714,14948|14948|14948|14948|-6768|-6768|-6768|-6768,1577|1577|1577|1577|-714|-714|-714|-714,14948|14948|14948|14948|-6768|-6768|-6768|-6768,1577|-714|14948|-6768,fqmul_B1[240..247]_by_twist_twist_branch1_k60_k61,twist_before_zip;vector_shape=[k0x4|k1x4]
7,3,1,1,B1,v13,248,255,62,63,twist_branch1,62,63,371,174,-661,-1130,-6265,-10711,-661|-661|-661|-661|-1130|-1130|-1130|-1130,-6265|-6265|-6265|-6265|-10711|-10711|-10711|-10711,-661|-661|-661|-661|-1130|-1130|-1130|-1130,-6265|-6265|-6265|-6265|-10711|-10711|-10711|-10711,-661|-1130|-6265|-10711,fqmul_B1[248..255]_by_twist_twist_branch1_k62_k63,twist_before_zip;vector_shape=[k0x4|k1x4]
7,3,1,1,B1,v14,368,375,92,93,twist_branch1,92,93,-550,-25,-1713,-235,-16237,-2228,-1713|-1713|-1713|-1713|-235|-235|-235|-235,-16237|-16237|-16237|-16237|-2228|-2228|-2228|-2228,-1713|-1713|-1713|-1713|-235|-235|-235|-235,-16237|-16237|-16237|-16237|-2228|-2228|-2228|-2228,-1713|-235|-16237|-2228,fqmul_B1[368..375]_by_twist_twist_branch1_k92_k93,twist_before_zip;vector_shape=[k0x4|k1x4]
7,3,1,1,B1,v15,376,383,94,95,twist_branch1,94,95,156,-1250,775,-1379,7346,-13071,775|775|775|775|-1379|-1379|-1379|-1379,7346|7346|7346|7346|-13071|-13071|-13071|-13071,775|775|775|775|-1379|-1379|-1379|-1379,7346|7346|7346|7346|-13071|-13071|-13071|-13071,775|-1379|7346|-13071,fqmul_B1[376..383]_by_twist_twist_branch1_k94_k95,twist_before_zip;vector_shape=[k0x4|k1x4]
7,3,1,0,B0,v4,112,119,28,29,twist_branch0,28,29,-541,1458,-937,1260,-8882,11943,-937|-937|-937|-937|1260|1260|1260|1260,-8882|-8882|-8882|-8882|11943|11943|11943|11943,-937|-937|-937|-937|1260|1260|1260|1260,-8882|-8882|-8882|-8882|11943|11943|11943|11943,-937|1260|-8882|11943,fqmul_B0[112..119]_by_twist_twist_branch0_k28_k29,twist_before_zip;vector_shape=[k0x4|k1x4]
7,3,1,0,B0,v5,120,127,30,31,twist_branch0,30,31,729,-1364,630,315,5972,2986,630|630|630|630|315|315|315|315,5972|5972|5972|5972|2986|2986|2986|2986,630|630|630|630|315|315|315|315,5972|5972|5972|5972|2986|2986|2986|2986,630|315|5972|2986,fqmul_B0[120..127]_by_twist_twist_branch0_k30_k31,twist_before_zip;vector_shape=[k0x4|k1x4]
7,3,1,0,B0,v6,240,247,60,61,twist_branch0,60,61,-511,1473,-655,1401,-6209,13280,-655|-655|-655|-655|1401|1401|1401|1401,-6209|-6209|-6209|-6209|13280|13280|13280|13280,-655|-655|-655|-655|1401|1401|1401|1401,-6209|-6209|-6209|-6209|13280|13280|13280|13280,-655|1401|-6209|13280,fqmul_B0[240..247]_by_twist_twist_branch0_k60_k61,twist_before_zip;vector_shape=[k0x4|k1x4]
7,3,1,0,B0,v7,248,255,62,63,twist_branch0,62,63,-992,-496,-1028,-514,-9744,-4872,-1028|-1028|-1028|-1028|-514|-514|-514|-514,-9744|-9744|-9744|-9744|-4872|-4872|-4872|-4872,-1028|-1028|-1028|-1028|-514|-514|-514|-514,-9744|-9744|-9744|-9744|-4872|-4872|-4872|-4872,-1028|-514|-9744|-4872,fqmul_B0[248..255]_by_twist_twist_branch0_k62_k63,twist_before_zip;vector_shape=[k0x4|k1x4]
7,3,1,0,B0,v8,368,375,92,93,twist_branch0,92,93,757,-1350,-1181,1138,-11194,10787,-1181|-1181|-1181|-1181|1138|1138|1138|1138,-11194|-11194|-11194|-11194|10787|10787|10787|10787,-1181|-1181|-1181|-1181|1138|1138|1138|1138,-11194|-11194|-11194|-11194|10787|10787|10787|10787,-1181|1138|-11194|10787,fqmul_B0[368..375]_by_twist_twist_branch0_k92_k93,twist_before_zip;vector_shape=[k0x4|k1x4]
7,3,1,0,B0,v9,376,383,94,95,twist_branch0,94,95,-675,1391,569,-1444,5393,-13687,569|569|569|569|-1444|-1444|-1444|-1444,5393|5393|5393|5393|-13687|-13687|-13687|-13687,569|569|569|569|-1444|-1444|-1444|-1444,5393|5393|5393|5393|-13687|-13687|-13687|-13687,569|-1444|5393|-13687,fqmul_B0[376..383]_by_twist_twist_branch0_k94_k95,twist_before_zip;vector_shape=[k0x4|k1x4]
