stage,len,step,start,j,lo_index,hi_index,lo_register,lo_lane,hi_register,hi_lane,twiddle_power,twiddle_mont,twiddle_normal,pair_shape,shuffle_need,vector_strategy,notes
1,32,1,0,0,0,16,v4,0,v6,0,0,-147,1,cross_register_same_lane,no_cross_register_same_lane,vector_butterflies_v4_vs_v6_and_v5_vs_v7,ct_twiddle_is_montgomery_one_multiply_can_be_skipped
1,32,1,0,1,1,17,v4,1,v6,1,0,-147,1,cross_register_same_lane,no_cross_register_same_lane,vector_butterflies_v4_vs_v6_and_v5_vs_v7,ct_twiddle_is_montgomery_one_multiply_can_be_skipped
1,32,1,0,2,2,18,v4,2,v6,2,0,-147,1,cross_register_same_lane,no_cross_register_same_lane,vector_butterflies_v4_vs_v6_and_v5_vs_v7,ct_twiddle_is_montgomery_one_multiply_can_be_skipped
1,32,1,0,3,3,19,v4,3,v6,3,0,-147,1,cross_register_same_lane,no_cross_register_same_lane,vector_butterflies_v4_vs_v6_and_v5_vs_v7,ct_twiddle_is_montgomery_one_multiply_can_be_skipped
1,32,1,0,4,4,20,v4,4,v6,4,0,-147,1,cross_register_same_lane,no_cross_register_same_lane,vector_butterflies_v4_vs_v6_and_v5_vs_v7,ct_twiddle_is_montgomery_one_multiply_can_be_skipped
1,32,1,0,5,5,21,v4,5,v6,5,0,-147,1,cross_register_same_lane,no_cross_register_same_lane,vector_butterflies_v4_vs_v6_and_v5_vs_v7,ct_twiddle_is_montgomery_one_multiply_can_be_skipped
1,32,1,0,6,6,22,v4,6,v6,6,0,-147,1,cross_register_same_lane,no_cross_register_same_lane,vector_butterflies_v4_vs_v6_and_v5_vs_v7,ct_twiddle_is_montgomery_one_multiply_can_be_skipped
1,32,1,0,7,7,23,v4,7,v6,7,0,-147,1,cross_register_same_lane,no_cross_register_same_lane,vector_butterflies_v4_vs_v6_and_v5_vs_v7,ct_twiddle_is_montgomery_one_multiply_can_be_skipped
1,32,1,0,8,8,24,v5,0,v7,0,0,-147,1,cross_register_same_lane,no_cross_register_same_lane,vector_butterflies_v4_vs_v6_and_v5_vs_v7,ct_twiddle_is_montgomery_one_multiply_can_be_skipped
1,32,1,0,9,9,25,v5,1,v7,1,0,-147,1,cross_register_same_lane,no_cross_register_same_lane,vector_butterflies_v4_vs_v6_and_v5_vs_v7,ct_twiddle_is_montgomery_one_multiply_can_be_skipped
1,32,1,0,10,10,26,v5,2,v7,2,0,-147,1,cross_register_same_lane,no_cross_register_same_lane,vector_butterflies_v4_vs_v6_and_v5_vs_v7,ct_twiddle_is_montgomery_one_multiply_can_be_skipped
1,32,1,0,11,11,27,v5,3,v7,3,0,-147,1,cross_register_same_lane,no_cross_register_same_lane,vector_butterflies_v4_vs_v6_and_v5_vs_v7,ct_twiddle_is_montgomery_one_multiply_can_be_skipped
1,32,1,0,12,12,28,v5,4,v7,4,0,-147,1,cross_register_same_lane,no_cross_register_same_lane,vector_butterflies_v4_vs_v6_and_v5_vs_v7,ct_twiddle_is_montgomery_one_multiply_can_be_skipped
1,32,1,0,13,13,29,v5,5,v7,5,0,-147,1,cross_register_same_lane,no_cross_register_same_lane,vector_butterflies_v4_vs_v6_and_v5_vs_v7,ct_twiddle_is_montgomery_one_multiply_can_be_skipped
1,32,1,0,14,14,30,v5,6,v7,6,0,-147,1,cross_register_same_lane,no_cross_register_same_lane,vector_butterflies_v4_vs_v6_and_v5_vs_v7,ct_twiddle_is_montgomery_one_multiply_can_be_skipped
1,32,1,0,15,15,31,v5,7,v7,7,0,-147,1,cross_register_same_lane,no_cross_register_same_lane,vector_butterflies_v4_vs_v6_and_v5_vs_v7,ct_twiddle_is_montgomery_one_multiply_can_be_skipped
2,16,2,0,0,0,8,v4,0,v5,0,0,-147,1,cross_register_same_lane,no_cross_register_same_lane,vector_butterflies_v4_vs_v5_and_v6_vs_v7,ct_twiddle_is_montgomery_one_multiply_can_be_skipped
2,16,2,0,1,1,9,v4,1,v5,1,0,-147,1,cross_register_same_lane,no_cross_register_same_lane,vector_butterflies_v4_vs_v5_and_v6_vs_v7,ct_twiddle_is_montgomery_one_multiply_can_be_skipped
2,16,2,0,2,2,10,v4,2,v5,2,0,-147,1,cross_register_same_lane,no_cross_register_same_lane,vector_butterflies_v4_vs_v5_and_v6_vs_v7,ct_twiddle_is_montgomery_one_multiply_can_be_skipped
2,16,2,0,3,3,11,v4,3,v5,3,0,-147,1,cross_register_same_lane,no_cross_register_same_lane,vector_butterflies_v4_vs_v5_and_v6_vs_v7,ct_twiddle_is_montgomery_one_multiply_can_be_skipped
2,16,2,0,4,4,12,v4,4,v5,4,0,-147,1,cross_register_same_lane,no_cross_register_same_lane,vector_butterflies_v4_vs_v5_and_v6_vs_v7,ct_twiddle_is_montgomery_one_multiply_can_be_skipped
2,16,2,0,5,5,13,v4,5,v5,5,0,-147,1,cross_register_same_lane,no_cross_register_same_lane,vector_butterflies_v4_vs_v5_and_v6_vs_v7,ct_twiddle_is_montgomery_one_multiply_can_be_skipped
2,16,2,0,6,6,14,v4,6,v5,6,0,-147,1,cross_register_same_lane,no_cross_register_same_lane,vector_butterflies_v4_vs_v5_and_v6_vs_v7,ct_twiddle_is_montgomery_one_multiply_can_be_skipped
2,16,2,0,7,7,15,v4,7,v5,7,0,-147,1,cross_register_same_lane,no_cross_register_same_lane,vector_butterflies_v4_vs_v5_and_v6_vs_v7,ct_twiddle_is_montgomery_one_multiply_can_be_skipped
2,16,2,16,0,16,24,v6,0,v7,0,8,366,2749,cross_register_same_lane,no_cross_register_same_lane,vector_butterflies_v4_vs_v5_and_v6_vs_v7,ct_t_is_high_times_twiddle_low_plus_t_high_low_minus_t
2,16,2,16,1,17,25,v6,1,v7,1,8,366,2749,cross_register_same_lane,no_cross_register_same_lane,vector_butterflies_v4_vs_v5_and_v6_vs_v7,ct_t_is_high_times_twiddle_low_plus_t_high_low_minus_t
2,16,2,16,2,18,26,v6,2,v7,2,8,366,2749,cross_register_same_lane,no_cross_register_same_lane,vector_butterflies_v4_vs_v5_and_v6_vs_v7,ct_t_is_high_times_twiddle_low_plus_t_high_low_minus_t
2,16,2,16,3,19,27,v6,3,v7,3,8,366,2749,cross_register_same_lane,no_cross_register_same_lane,vector_butterflies_v4_vs_v5_and_v6_vs_v7,ct_t_is_high_times_twiddle_low_plus_t_high_low_minus_t
2,16,2,16,4,20,28,v6,4,v7,4,8,366,2749,cross_register_same_lane,no_cross_register_same_lane,vector_butterflies_v4_vs_v5_and_v6_vs_v7,ct_t_is_high_times_twiddle_low_plus_t_high_low_minus_t
2,16,2,16,5,21,29,v6,5,v7,5,8,366,2749,cross_register_same_lane,no_cross_register_same_lane,vector_butterflies_v4_vs_v5_and_v6_vs_v7,ct_t_is_high_times_twiddle_low_plus_t_high_low_minus_t
2,16,2,16,6,22,30,v6,6,v7,6,8,366,2749,cross_register_same_lane,no_cross_register_same_lane,vector_butterflies_v4_vs_v5_and_v6_vs_v7,ct_t_is_high_times_twiddle_low_plus_t_high_low_minus_t
2,16,2,16,7,23,31,v6,7,v7,7,8,366,2749,cross_register_same_lane,no_cross_register_same_lane,vector_butterflies_v4_vs_v5_and_v6_vs_v7,ct_t_is_high_times_twiddle_low_plus_t_high_low_minus_t
3,8,4,0,0,0,4,v4,0,v4,4,0,-147,1,same_register_low_high_half,yes_half_vector_split,split_each_register_into_low4_and_high4_halves,ct_twiddle_is_montgomery_one_multiply_can_be_skipped
3,8,4,0,1,1,5,v4,1,v4,5,0,-147,1,same_register_low_high_half,yes_half_vector_split,split_each_register_into_low4_and_high4_halves,ct_twiddle_is_montgomery_one_multiply_can_be_skipped
3,8,4,0,2,2,6,v4,2,v4,6,0,-147,1,same_register_low_high_half,yes_half_vector_split,split_each_register_into_low4_and_high4_halves,ct_twiddle_is_montgomery_one_multiply_can_be_skipped
3,8,4,0,3,3,7,v4,3,v4,7,0,-147,1,same_register_low_high_half,yes_half_vector_split,split_each_register_into_low4_and_high4_halves,ct_twiddle_is_montgomery_one_multiply_can_be_skipped
3,8,4,8,0,8,12,v5,0,v5,4,8,366,2749,same_register_low_high_half,yes_half_vector_split,split_each_register_into_low4_and_high4_halves,ct_t_is_high_times_twiddle_low_plus_t_high_low_minus_t
3,8,4,8,1,9,13,v5,1,v5,5,8,366,2749,same_register_low_high_half,yes_half_vector_split,split_each_register_into_low4_and_high4_halves,ct_t_is_high_times_twiddle_low_plus_t_high_low_minus_t
3,8,4,8,2,10,14,v5,2,v5,6,8,366,2749,same_register_low_high_half,yes_half_vector_split,split_each_register_into_low4_and_high4_halves,ct_t_is_high_times_twiddle_low_plus_t_high_low_minus_t
3,8,4,8,3,11,15,v5,3,v5,7,8,366,2749,same_register_low_high_half,yes_half_vector_split,split_each_register_into_low4_and_high4_halves,ct_t_is_high_times_twiddle_low_plus_t_high_low_minus_t
3,8,4,16,0,16,20,v6,0,v6,4,4,109,1716,same_register_low_high_half,yes_half_vector_split,split_each_register_into_low4_and_high4_halves,ct_t_is_high_times_twiddle_low_plus_t_high_low_minus_t
3,8,4,16,1,17,21,v6,1,v6,5,4,109,1716,same_register_low_high_half,yes_half_vector_split,split_each_register_into_low4_and_high4_halves,ct_t_is_high_times_twiddle_low_plus_t_high_low_minus_t
3,8,4,16,2,18,22,v6,2,v6,6,4,109,1716,same_register_low_high_half,yes_half_vector_split,split_each_register_into_low4_and_high4_halves,ct_t_is_high_times_twiddle_low_plus_t_high_low_minus_t
3,8,4,16,3,19,23,v6,3,v6,7,4,109,1716,same_register_low_high_half,yes_half_vector_split,split_each_register_into_low4_and_high4_halves,ct_t_is_high_times_twiddle_low_plus_t_high_low_minus_t
3,8,4,24,0,24,28,v7,0,v7,4,12,-1118,1936,same_register_low_high_half,yes_half_vector_split,split_each_register_into_low4_and_high4_halves,ct_t_is_high_times_twiddle_low_plus_t_high_low_minus_t
3,8,4,24,1,25,29,v7,1,v7,5,12,-1118,1936,same_register_low_high_half,yes_half_vector_split,split_each_register_into_low4_and_high4_halves,ct_t_is_high_times_twiddle_low_plus_t_high_low_minus_t
3,8,4,24,2,26,30,v7,2,v7,6,12,-1118,1936,same_register_low_high_half,yes_half_vector_split,split_each_register_into_low4_and_high4_halves,ct_t_is_high_times_twiddle_low_plus_t_high_low_minus_t
3,8,4,24,3,27,31,v7,3,v7,7,12,-1118,1936,same_register_low_high_half,yes_half_vector_split,split_each_register_into_low4_and_high4_halves,ct_t_is_high_times_twiddle_low_plus_t_high_low_minus_t
4,4,8,0,0,0,2,v4,0,v4,2,0,-147,1,same_register_distance_2,yes_lane_distance_2_shuffle,group_lanes_0_1_vs_2_3_and_4_5_vs_6_7,ct_twiddle_is_montgomery_one_multiply_can_be_skipped
4,4,8,0,1,1,3,v4,1,v4,3,0,-147,1,same_register_distance_2,yes_lane_distance_2_shuffle,group_lanes_0_1_vs_2_3_and_4_5_vs_6_7,ct_twiddle_is_montgomery_one_multiply_can_be_skipped
4,4,8,4,0,4,6,v4,4,v4,6,8,366,2749,same_register_distance_2,yes_lane_distance_2_shuffle,group_lanes_0_1_vs_2_3_and_4_5_vs_6_7,ct_t_is_high_times_twiddle_low_plus_t_high_low_minus_t
4,4,8,4,1,5,7,v4,5,v4,7,8,366,2749,same_register_distance_2,yes_lane_distance_2_shuffle,group_lanes_0_1_vs_2_3_and_4_5_vs_6_7,ct_t_is_high_times_twiddle_low_plus_t_high_low_minus_t
4,4,8,8,0,8,10,v5,0,v5,2,4,109,1716,same_register_distance_2,yes_lane_distance_2_shuffle,group_lanes_0_1_vs_2_3_and_4_5_vs_6_7,ct_t_is_high_times_twiddle_low_plus_t_high_low_minus_t
4,4,8,8,1,9,11,v5,1,v5,3,4,109,1716,same_register_distance_2,yes_lane_distance_2_shuffle,group_lanes_0_1_vs_2_3_and_4_5_vs_6_7,ct_t_is_high_times_twiddle_low_plus_t_high_low_minus_t
4,4,8,12,0,12,14,v5,4,v5,6,12,-1118,1936,same_register_distance_2,yes_lane_distance_2_shuffle,group_lanes_0_1_vs_2_3_and_4_5_vs_6_7,ct_t_is_high_times_twiddle_low_plus_t_high_low_minus_t
4,4,8,12,1,13,15,v5,5,v5,7,12,-1118,1936,same_register_distance_2,yes_lane_distance_2_shuffle,group_lanes_0_1_vs_2_3_and_4_5_vs_6_7,ct_t_is_high_times_twiddle_low_plus_t_high_low_minus_t
4,4,8,16,0,16,18,v6,0,v6,2,2,-794,2216,same_register_distance_2,yes_lane_distance_2_shuffle,group_lanes_0_1_vs_2_3_and_4_5_vs_6_7,ct_t_is_high_times_twiddle_low_plus_t_high_low_minus_t
4,4,8,16,1,17,19,v6,1,v6,3,2,-794,2216,same_register_distance_2,yes_lane_distance_2_shuffle,group_lanes_0_1_vs_2_3_and_4_5_vs_6_7,ct_t_is_high_times_twiddle_low_plus_t_high_low_minus_t
4,4,8,20,0,20,22,v6,4,v6,6,10,-1339,550,same_register_distance_2,yes_lane_distance_2_shuffle,group_lanes_0_1_vs_2_3_and_4_5_vs_6_7,ct_t_is_high_times_twiddle_low_plus_t_high_low_minus_t
4,4,8,20,1,21,23,v6,5,v6,7,10,-1339,550,same_register_distance_2,yes_lane_distance_2_shuffle,group_lanes_0_1_vs_2_3_and_4_5_vs_6_7,ct_t_is_high_times_twiddle_low_plus_t_high_low_minus_t
4,4,8,24,0,24,26,v7,0,v7,2,6,-446,3413,same_register_distance_2,yes_lane_distance_2_shuffle,group_lanes_0_1_vs_2_3_and_4_5_vs_6_7,ct_t_is_high_times_twiddle_low_plus_t_high_low_minus_t
4,4,8,24,1,25,27,v7,1,v7,3,6,-446,3413,same_register_distance_2,yes_lane_distance_2_shuffle,group_lanes_0_1_vs_2_3_and_4_5_vs_6_7,ct_t_is_high_times_twiddle_low_plus_t_high_low_minus_t
4,4,8,28,0,28,30,v7,4,v7,6,14,1181,39,same_register_distance_2,yes_lane_distance_2_shuffle,group_lanes_0_1_vs_2_3_and_4_5_vs_6_7,ct_t_is_high_times_twiddle_low_plus_t_high_low_minus_t
4,4,8,28,1,29,31,v7,5,v7,7,14,1181,39,same_register_distance_2,yes_lane_distance_2_shuffle,group_lanes_0_1_vs_2_3_and_4_5_vs_6_7,ct_t_is_high_times_twiddle_low_plus_t_high_low_minus_t
5,2,16,0,0,0,1,v4,0,v4,1,0,-147,1,same_register_adjacent_lanes,yes_even_odd_deinterleave,split_even_odd_lanes_per_register_then_reinterleave,ct_twiddle_is_montgomery_one_multiply_can_be_skipped
5,2,16,2,0,2,3,v4,2,v4,3,8,366,2749,same_register_adjacent_lanes,yes_even_odd_deinterleave,split_even_odd_lanes_per_register_then_reinterleave,ct_t_is_high_times_twiddle_low_plus_t_high_low_minus_t
5,2,16,4,0,4,5,v4,4,v4,5,4,109,1716,same_register_adjacent_lanes,yes_even_odd_deinterleave,split_even_odd_lanes_per_register_then_reinterleave,ct_t_is_high_times_twiddle_low_plus_t_high_low_minus_t
5,2,16,6,0,6,7,v4,6,v4,7,12,-1118,1936,same_register_adjacent_lanes,yes_even_odd_deinterleave,split_even_odd_lanes_per_register_then_reinterleave,ct_t_is_high_times_twiddle_low_plus_t_high_low_minus_t
5,2,16,8,0,8,9,v5,0,v5,1,2,-794,2216,same_register_adjacent_lanes,yes_even_odd_deinterleave,split_even_odd_lanes_per_register_then_reinterleave,ct_t_is_high_times_twiddle_low_plus_t_high_low_minus_t
5,2,16,10,0,10,11,v5,2,v5,3,10,-1339,550,same_register_adjacent_lanes,yes_even_odd_deinterleave,split_even_odd_lanes_per_register_then_reinterleave,ct_t_is_high_times_twiddle_low_plus_t_high_low_minus_t
5,2,16,12,0,12,13,v5,4,v5,5,6,-446,3413,same_register_adjacent_lanes,yes_even_odd_deinterleave,split_even_odd_lanes_per_register_then_reinterleave,ct_t_is_high_times_twiddle_low_plus_t_high_low_minus_t
5,2,16,14,0,14,15,v5,6,v5,7,14,1181,39,same_register_adjacent_lanes,yes_even_odd_deinterleave,split_even_odd_lanes_per_register_then_reinterleave,ct_t_is_high_times_twiddle_low_plus_t_high_low_minus_t
5,2,16,16,0,16,17,v6,0,v6,1,1,484,1784,same_register_adjacent_lanes,yes_even_odd_deinterleave,split_even_odd_lanes_per_register_then_reinterleave,ct_t_is_high_times_twiddle_low_plus_t_high_low_minus_t
5,2,16,18,0,18,19,v6,2,v6,3,9,-429,2190,same_register_adjacent_lanes,yes_even_odd_deinterleave,split_even_odd_lanes_per_register_then_reinterleave,ct_t_is_high_times_twiddle_low_plus_t_high_low_minus_t
5,2,16,20,0,20,21,v6,4,v6,5,5,864,1899,same_register_adjacent_lanes,yes_even_odd_deinterleave,split_even_odd_lanes_per_register_then_reinterleave,ct_t_is_high_times_twiddle_low_plus_t_high_low_minus_t
5,2,16,22,0,22,23,v6,6,v6,7,13,177,281,same_register_adjacent_lanes,yes_even_odd_deinterleave,split_even_odd_lanes_per_register_then_reinterleave,ct_t_is_high_times_twiddle_low_plus_t_high_low_minus_t
5,2,16,24,0,24,25,v7,0,v7,1,3,874,1993,same_register_adjacent_lanes,yes_even_odd_deinterleave,split_even_odd_lanes_per_register_then_reinterleave,ct_t_is_high_times_twiddle_low_plus_t_high_low_minus_t
5,2,16,26,0,26,27,v7,2,v7,3,11,11,2869,same_register_adjacent_lanes,yes_even_odd_deinterleave,split_even_odd_lanes_per_register_then_reinterleave,ct_t_is_high_times_twiddle_low_plus_t_high_low_minus_t
5,2,16,28,0,28,29,v7,4,v7,5,7,-554,1015,same_register_adjacent_lanes,yes_even_odd_deinterleave,split_even_odd_lanes_per_register_then_reinterleave,ct_t_is_high_times_twiddle_low_plus_t_high_low_minus_t
5,2,16,30,0,30,31,v7,6,v7,7,15,1591,436,same_register_adjacent_lanes,yes_even_odd_deinterleave,split_even_odd_lanes_per_register_then_reinterleave,ct_t_is_high_times_twiddle_low_plus_t_high_low_minus_t
