instrumentation_equivalence=pass,label=official,overhead=80.000
profile,keygen,official,Forward,7694.000,7534.000,2.000
profile,keygen,official,BaseInv,8525.750,8365.750,2.000
profile,keygen,official,BaseMul_R0,5040.000,4880.000,2.000
profile,keygen,official,ToBytes_full,3573.750,3333.750,3.000
profile,keygen,official,CBD,978.000,818.000,2.000
profile,keygen,official,Triple,648.000,488.000,2.000
profile,keygen,official,hash_f,13337.000,13257.000,1.000
profile,keygen,official,SHAKE_sampling,5680.750,5520.750,2.000
profile,keygen,official,RNG,422.750,262.750,2.000
profile,keygen,official,cleanup,1034.000,474.000,7.000
profile,keygen,official,Forward,7694.000,7534.000,2.000
profile,keygen,official,BaseInv,8522.250,8362.250,2.000
profile,keygen,official,BaseMul_R0,5041.000,4881.000,2.000
profile,keygen,official,ToBytes_full,3573.750,3333.750,3.000
profile,keygen,official,CBD,978.000,818.000,2.000
profile,keygen,official,Triple,643.000,483.000,2.000
profile,keygen,official,hash_f,13340.750,13260.750,1.000
profile,keygen,official,SHAKE_sampling,5692.500,5532.500,2.000
profile,keygen,official,RNG,444.000,284.000,2.000
profile,keygen,official,cleanup,1034.000,474.000,7.000
profile,keygen,official,Forward,7694.000,7534.000,2.000
profile,keygen,official,BaseInv,8522.500,8362.500,2.000
profile,keygen,official,BaseMul_R0,5041.000,4881.000,2.000
profile,keygen,official,ToBytes_full,3573.750,3333.750,3.000
profile,keygen,official,CBD,978.000,818.000,2.000
profile,keygen,official,Triple,643.000,483.000,2.000
profile,keygen,official,hash_f,13334.000,13254.000,1.000
profile,keygen,official,SHAKE_sampling,5684.250,5524.250,2.000
profile,keygen,official,RNG,444.000,284.000,2.000
profile,keygen,official,cleanup,1041.250,481.250,7.000
profile,keygen,official,Forward,7694.000,7534.000,2.000
profile,keygen,official,BaseInv,8522.250,8362.250,2.000
profile,keygen,official,BaseMul_R0,5041.000,4881.000,2.000
profile,keygen,official,ToBytes_full,3570.000,3330.000,3.000
profile,keygen,official,CBD,978.000,818.000,2.000
profile,keygen,official,Triple,643.000,483.000,2.000
profile,keygen,official,hash_f,13343.750,13263.750,1.000
profile,keygen,official,SHAKE_sampling,5669.000,5509.000,2.000
profile,keygen,official,RNG,444.000,284.000,2.000
profile,keygen,official,cleanup,1034.000,474.000,7.000
profile,keygen,official,Forward,7694.000,7534.000,2.000
profile,keygen,official,BaseInv,8521.500,8361.500,2.000
profile,keygen,official,BaseMul_R0,5041.000,4881.000,2.000
profile,keygen,official,ToBytes_full,3570.000,3330.000,3.000
profile,keygen,official,CBD,978.000,818.000,2.000
profile,keygen,official,Triple,643.000,483.000,2.000
profile,keygen,official,hash_f,13330.750,13250.750,1.000
profile,keygen,official,SHAKE_sampling,5681.250,5521.250,2.000
profile,keygen,official,RNG,444.000,284.000,2.000
profile,keygen,official,cleanup,1034.000,474.000,7.000
profile,keygen,official,Forward,7694.000,7534.000,2.000
profile,keygen,official,BaseInv,8521.250,8361.250,2.000
profile,keygen,official,BaseMul_R0,5041.000,4881.000,2.000
profile,keygen,official,ToBytes_full,3570.000,3330.000,3.000
profile,keygen,official,CBD,978.000,818.000,2.000
profile,keygen,official,Triple,643.000,483.000,2.000
profile,keygen,official,hash_f,13336.750,13256.750,1.000
profile,keygen,official,SHAKE_sampling,5679.750,5519.750,2.000
profile,keygen,official,RNG,446.250,286.250,2.000
profile,keygen,official,cleanup,1034.000,474.000,7.000
profile,keygen,official,Forward,7694.000,7534.000,2.000
profile,keygen,official,BaseInv,8521.500,8361.500,2.000
profile,keygen,official,BaseMul_R0,5041.000,4881.000,2.000
profile,keygen,official,ToBytes_full,3570.000,3330.000,3.000
profile,keygen,official,CBD,978.000,818.000,2.000
profile,keygen,official,Triple,643.000,483.000,2.000
profile,keygen,official,hash_f,13345.000,13265.000,1.000
profile,keygen,official,SHAKE_sampling,5686.500,5526.500,2.000
profile,keygen,official,RNG,444.000,284.000,2.000
profile,keygen,official,cleanup,1034.000,474.000,7.000
profile,keygen,official,Forward,7694.000,7534.000,2.000
profile,keygen,official,BaseInv,8522.750,8362.750,2.000
profile,keygen,official,BaseMul_R0,5041.000,4881.000,2.000
profile,keygen,official,ToBytes_full,3570.000,3330.000,3.000
profile,keygen,official,CBD,978.000,818.000,2.000
profile,keygen,official,Triple,643.000,483.000,2.000
profile,keygen,official,hash_f,13347.750,13267.750,1.000
profile,keygen,official,SHAKE_sampling,5672.500,5512.500,2.000
profile,keygen,official,RNG,444.000,284.000,2.000
profile,keygen,official,cleanup,1034.000,474.000,7.000
profile,keygen,official,Forward,7694.000,7534.000,2.000
profile,keygen,official,BaseInv,8521.500,8361.500,2.000
profile,keygen,official,BaseMul_R0,5040.000,4880.000,2.000
profile,keygen,official,ToBytes_full,3570.000,3330.000,3.000
profile,keygen,official,CBD,978.000,818.000,2.000
profile,keygen,official,Triple,643.000,483.000,2.000
profile,keygen,official,hash_f,13360.250,13280.250,1.000
profile,keygen,official,SHAKE_sampling,5685.250,5525.250,2.000
profile,keygen,official,RNG,444.250,284.250,2.000
profile,keygen,official,cleanup,1034.000,474.000,7.000
profile,keygen,official,Forward,7698.250,7538.250,2.000
profile,keygen,official,BaseInv,8528.250,8368.250,2.000
profile,keygen,official,BaseMul_R0,5040.750,4880.750,2.000
profile,keygen,official,ToBytes_full,3571.500,3331.500,3.000
profile,keygen,official,CBD,1046.250,886.250,2.000
profile,keygen,official,Triple,658.750,498.750,2.000
profile,keygen,official,hash_f,13434.750,13354.750,1.000
profile,keygen,official,SHAKE_sampling,5681.250,5521.250,2.000
profile,keygen,official,RNG,427.000,267.000,2.000
profile,keygen,official,cleanup,1036.000,476.000,7.000
profile,keygen,official,Forward,7693.750,7533.750,2.000
profile,keygen,official,BaseInv,8534.000,8374.000,2.000
profile,keygen,official,BaseMul_R0,5040.000,4880.000,2.000
profile,keygen,official,ToBytes_full,3570.000,3330.000,3.000
profile,keygen,official,CBD,978.250,818.250,2.000
profile,keygen,official,Triple,648.000,488.000,2.000
profile,keygen,official,hash_f,13342.000,13262.000,1.000
profile,keygen,official,SHAKE_sampling,5688.500,5528.500,2.000
profile,keygen,official,RNG,421.000,261.000,2.000
profile,keygen,official,cleanup,1036.000,476.000,7.000
profile,keygen,official,Forward,7693.000,7533.000,2.000
profile,keygen,official,BaseInv,8534.500,8374.500,2.000
profile,keygen,official,BaseMul_R0,5040.000,4880.000,2.000
profile,keygen,official,ToBytes_full,3573.000,3333.000,3.000
profile,keygen,official,CBD,980.000,820.000,2.000
profile,keygen,official,Triple,648.000,488.000,2.000
profile,keygen,official,hash_f,13351.500,13271.500,1.000
profile,keygen,official,SHAKE_sampling,5691.500,5531.500,2.000
profile,keygen,official,RNG,423.750,263.750,2.000
profile,keygen,official,cleanup,1035.000,475.000,7.000
profile,keygen,official,Forward,7693.000,7533.000,2.000
profile,keygen,official,BaseInv,8533.250,8373.250,2.000
profile,keygen,official,BaseMul_R0,5040.000,4880.000,2.000
profile,keygen,official,ToBytes_full,3573.000,3333.000,3.000
profile,keygen,official,CBD,980.000,820.000,2.000
profile,keygen,official,Triple,648.000,488.000,2.000
profile,keygen,official,hash_f,13358.750,13278.750,1.000
profile,keygen,official,SHAKE_sampling,5683.250,5523.250,2.000
profile,keygen,official,RNG,422.000,262.000,2.000
profile,keygen,official,cleanup,1035.000,475.000,7.000
profile,keygen,official,Forward,7693.000,7533.000,2.000
profile,keygen,official,BaseInv,8534.750,8374.750,2.000
profile,keygen,official,BaseMul_R0,5040.000,4880.000,2.000
profile,keygen,official,ToBytes_full,3573.000,3333.000,3.000
profile,keygen,official,CBD,980.000,820.000,2.000
profile,keygen,official,Triple,648.000,488.000,2.000
profile,keygen,official,hash_f,13339.000,13259.000,1.000
profile,keygen,official,SHAKE_sampling,5682.500,5522.500,2.000
profile,keygen,official,RNG,422.000,262.000,2.000
profile,keygen,official,cleanup,1035.000,475.000,7.000
profile,keygen,official,Forward,7693.000,7533.000,2.000
profile,keygen,official,BaseInv,8533.000,8373.000,2.000
profile,keygen,official,BaseMul_R0,5040.000,4880.000,2.000
profile,keygen,official,ToBytes_full,3573.000,3333.000,3.000
profile,keygen,official,CBD,980.000,820.000,2.000
profile,keygen,official,Triple,648.000,488.000,2.000
profile,keygen,official,hash_f,13354.500,13274.500,1.000
profile,keygen,official,SHAKE_sampling,5683.250,5523.250,2.000
profile,keygen,official,RNG,423.750,263.750,2.000
profile,keygen,official,cleanup,1035.000,475.000,7.000
profile,keygen,official,Forward,7693.750,7533.750,2.000
profile,keygen,official,BaseInv,8534.250,8374.250,2.000
profile,keygen,official,BaseMul_R0,5041.000,4881.000,2.000
profile,keygen,official,ToBytes_full,3570.000,3330.000,3.000
profile,keygen,official,CBD,978.250,818.250,2.000
profile,keygen,official,Triple,648.000,488.000,2.000
profile,keygen,official,hash_f,13332.000,13252.000,1.000
profile,keygen,official,SHAKE_sampling,5679.750,5519.750,2.000
profile,keygen,official,RNG,420.750,260.750,2.000
profile,keygen,official,cleanup,1036.000,476.000,7.000
profile,keygen,official,Forward,7694.000,7534.000,2.000
profile,keygen,official,BaseInv,8532.750,8372.750,2.000
profile,keygen,official,BaseMul_R0,5041.000,4881.000,2.000
profile,keygen,official,ToBytes_full,3570.000,3330.000,3.000
profile,keygen,official,CBD,978.000,818.000,2.000
profile,keygen,official,Triple,643.000,483.000,2.000
profile,keygen,official,hash_f,13354.000,13274.000,1.000
profile,keygen,official,SHAKE_sampling,5676.750,5516.750,2.000
profile,keygen,official,RNG,444.750,284.750,2.000
profile,keygen,official,cleanup,1036.000,476.000,7.000
profile,keygen,official,Forward,7694.000,7534.000,2.000
profile,keygen,official,BaseInv,8534.250,8374.250,2.000
profile,keygen,official,BaseMul_R0,5041.000,4881.000,2.000
profile,keygen,official,ToBytes_full,3570.000,3330.000,3.000
profile,keygen,official,CBD,978.000,818.000,2.000
profile,keygen,official,Triple,643.000,483.000,2.000
profile,keygen,official,hash_f,13351.500,13271.500,1.000
profile,keygen,official,SHAKE_sampling,5684.000,5524.000,2.000
profile,keygen,official,RNG,445.500,285.500,2.000
profile,keygen,official,cleanup,1036.000,476.000,7.000
profile,keygen,official,Forward,7694.000,7534.000,2.000
profile,keygen,official,BaseInv,8534.000,8374.000,2.000
profile,keygen,official,BaseMul_R0,5041.000,4881.000,2.000
profile,keygen,official,ToBytes_full,3570.000,3330.000,3.000
profile,keygen,official,CBD,978.000,818.000,2.000
profile,keygen,official,Triple,648.000,488.000,2.000
profile,keygen,official,hash_f,13323.250,13243.250,1.000
profile,keygen,official,SHAKE_sampling,5675.750,5515.750,2.000
profile,keygen,official,RNG,416.000,256.000,2.000
profile,keygen,official,cleanup,1036.000,476.000,7.000
profile,keygen,official,Forward,7694.000,7534.000,2.000
profile,keygen,official,BaseInv,8534.500,8374.500,2.000
profile,keygen,official,BaseMul_R0,5041.000,4881.000,2.000
profile,keygen,official,ToBytes_full,3570.000,3330.000,3.000
profile,keygen,official,CBD,978.000,818.000,2.000
profile,keygen,official,Triple,643.000,483.000,2.000
profile,keygen,official,hash_f,13350.000,13270.000,1.000
profile,keygen,official,SHAKE_sampling,5681.500,5521.500,2.000
profile,keygen,official,RNG,444.750,284.750,2.000
profile,keygen,official,cleanup,1036.000,476.000,7.000
profile,keygen,official,Forward,7694.000,7534.000,2.000
profile,keygen,official,BaseInv,8534.000,8374.000,2.000
profile,keygen,official,BaseMul_R0,5041.000,4881.000,2.000
profile,keygen,official,ToBytes_full,3570.000,3330.000,3.000
profile,keygen,official,CBD,978.000,818.000,2.000
profile,keygen,official,Triple,643.000,483.000,2.000
profile,keygen,official,hash_f,13351.250,13271.250,1.000
profile,keygen,official,SHAKE_sampling,5676.500,5516.500,2.000
profile,keygen,official,RNG,444.000,284.000,2.000
profile,keygen,official,cleanup,1036.000,476.000,7.000
profile,encaps,official,Forward,7695.000,7535.000,2.000
profile,encaps,official,BaseMulAdd,2979.000,2899.000,1.000
profile,encaps,official,ToBytes_full,2374.000,2214.000,2.000
profile,encaps,official,FromBytes_checked,830.000,750.000,1.000
profile,encaps,official,CBD,484.000,404.000,1.000
profile,encaps,official,SOTP_encode,506.000,426.000,1.000
profile,encaps,official,hash_f,13355.800,13275.800,1.000
profile,encaps,official,hash_g,14643.700,14563.700,1.000
profile,encaps,official,hash_h,4138.900,4058.900,1.000
profile,encaps,official,RNG,463.000,383.000,1.000
profile,encaps,official,cleanup,691.400,291.400,5.000
profile,encaps,official,Forward,7695.000,7535.000,2.000
profile,encaps,official,BaseMulAdd,2981.000,2901.000,1.000
profile,encaps,official,ToBytes_full,2374.000,2214.000,2.000
profile,encaps,official,FromBytes_checked,830.000,750.000,1.000
profile,encaps,official,CBD,484.000,404.000,1.000
profile,encaps,official,SOTP_encode,506.000,426.000,1.000
profile,encaps,official,hash_f,13350.250,13270.250,1.000
profile,encaps,official,hash_g,14646.550,14566.550,1.000
profile,encaps,official,hash_h,4138.300,4058.300,1.000
profile,encaps,official,RNG,463.000,383.000,1.000
profile,encaps,official,cleanup,690.000,290.000,5.000
profile,encaps,official,Forward,7695.000,7535.000,2.000
profile,encaps,official,BaseMulAdd,2979.000,2899.000,1.000
profile,encaps,official,ToBytes_full,2374.000,2214.000,2.000
profile,encaps,official,FromBytes_checked,830.000,750.000,1.000
profile,encaps,official,CBD,484.000,404.000,1.000
profile,encaps,official,SOTP_encode,506.000,426.000,1.000
profile,encaps,official,hash_f,13349.550,13269.550,1.000
profile,encaps,official,hash_g,14651.900,14571.900,1.000
profile,encaps,official,hash_h,4142.000,4062.000,1.000
profile,encaps,official,RNG,463.000,383.000,1.000
profile,encaps,official,cleanup,690.000,290.000,5.000
profile,encaps,official,Forward,7695.000,7535.000,2.000
profile,encaps,official,BaseMulAdd,2981.000,2901.000,1.000
profile,encaps,official,ToBytes_full,2374.000,2214.000,2.000
profile,encaps,official,FromBytes_checked,830.000,750.000,1.000
profile,encaps,official,CBD,484.000,404.000,1.000
profile,encaps,official,SOTP_encode,506.000,426.000,1.000
profile,encaps,official,hash_f,13371.700,13291.700,1.000
profile,encaps,official,hash_g,14647.800,14567.800,1.000
profile,encaps,official,hash_h,4138.000,4058.000,1.000
profile,encaps,official,RNG,463.000,383.000,1.000
profile,encaps,official,cleanup,690.000,290.000,5.000
profile,encaps,official,Forward,7695.600,7535.600,2.000
profile,encaps,official,BaseMulAdd,2980.400,2900.400,1.000
profile,encaps,official,ToBytes_full,2374.300,2214.300,2.000
profile,encaps,official,FromBytes_checked,831.400,751.400,1.000
profile,encaps,official,CBD,484.000,404.000,1.000
profile,encaps,official,SOTP_encode,506.100,426.100,1.000
profile,encaps,official,hash_f,13374.150,13294.150,1.000
profile,encaps,official,hash_g,14648.200,14568.200,1.000
profile,encaps,official,hash_h,4135.850,4055.850,1.000
profile,encaps,official,RNG,463.000,383.000,1.000
profile,encaps,official,cleanup,690.000,290.000,5.000
profile,encaps,official,Forward,7695.000,7535.000,2.000
profile,encaps,official,BaseMulAdd,2981.000,2901.000,1.000
profile,encaps,official,ToBytes_full,2374.000,2214.000,2.000
profile,encaps,official,FromBytes_checked,830.000,750.000,1.000
profile,encaps,official,CBD,484.000,404.000,1.000
profile,encaps,official,SOTP_encode,506.000,426.000,1.000
profile,encaps,official,hash_f,13390.750,13310.750,1.000
profile,encaps,official,hash_g,14645.550,14565.550,1.000
profile,encaps,official,hash_h,4136.050,4056.050,1.000
profile,encaps,official,RNG,463.000,383.000,1.000
profile,encaps,official,cleanup,690.000,290.000,5.000
profile,encaps,official,Forward,7695.000,7535.000,2.000
profile,encaps,official,BaseMulAdd,2979.000,2899.000,1.000
profile,encaps,official,ToBytes_full,2374.000,2214.000,2.000
profile,encaps,official,FromBytes_checked,830.000,750.000,1.000
profile,encaps,official,CBD,484.000,404.000,1.000
profile,encaps,official,SOTP_encode,506.000,426.000,1.000
profile,encaps,official,hash_f,13382.400,13302.400,1.000
profile,encaps,official,hash_g,14641.050,14561.050,1.000
profile,encaps,official,hash_h,4135.500,4055.500,1.000
profile,encaps,official,RNG,463.000,383.000,1.000
profile,encaps,official,cleanup,690.000,290.000,5.000
profile,encaps,official,Forward,7695.000,7535.000,2.000
profile,encaps,official,BaseMulAdd,2979.000,2899.000,1.000
profile,encaps,official,ToBytes_full,2374.000,2214.000,2.000
profile,encaps,official,FromBytes_checked,830.000,750.000,1.000
profile,encaps,official,CBD,484.000,404.000,1.000
profile,encaps,official,SOTP_encode,506.000,426.000,1.000
profile,encaps,official,hash_f,13384.850,13304.850,1.000
profile,encaps,official,hash_g,14642.250,14562.250,1.000
profile,encaps,official,hash_h,4131.100,4051.100,1.000
profile,encaps,official,RNG,463.000,383.000,1.000
profile,encaps,official,cleanup,690.000,290.000,5.000
profile,encaps,official,Forward,7695.000,7535.000,2.000
profile,encaps,official,BaseMulAdd,2981.000,2901.000,1.000
profile,encaps,official,ToBytes_full,2374.000,2214.000,2.000
profile,encaps,official,FromBytes_checked,830.500,750.500,1.000
profile,encaps,official,CBD,484.000,404.000,1.000
profile,encaps,official,SOTP_encode,506.000,426.000,1.000
profile,encaps,official,hash_f,13384.800,13304.800,1.000
profile,encaps,official,hash_g,14655.500,14575.500,1.000
profile,encaps,official,hash_h,4138.750,4058.750,1.000
profile,encaps,official,RNG,463.000,383.000,1.000
profile,encaps,official,cleanup,690.000,290.000,5.000
profile,encaps,official,Forward,7695.000,7535.000,2.000
profile,encaps,official,BaseMulAdd,2979.000,2899.000,1.000
profile,encaps,official,ToBytes_full,2374.000,2214.000,2.000
profile,encaps,official,FromBytes_checked,830.000,750.000,1.000
profile,encaps,official,CBD,484.000,404.000,1.000
profile,encaps,official,SOTP_encode,506.000,426.000,1.000
profile,encaps,official,hash_f,13387.400,13307.400,1.000
profile,encaps,official,hash_g,14653.800,14573.800,1.000
profile,encaps,official,hash_h,4140.650,4060.650,1.000
profile,encaps,official,RNG,463.000,383.000,1.000
profile,encaps,official,cleanup,690.000,290.000,5.000
profile,encaps,official,Forward,7695.800,7535.800,2.000
profile,encaps,official,BaseMulAdd,2979.100,2899.100,1.000
profile,encaps,official,ToBytes_full,2374.300,2214.300,2.000
profile,encaps,official,FromBytes_checked,831.700,751.700,1.000
profile,encaps,official,CBD,484.150,404.150,1.000
profile,encaps,official,SOTP_encode,506.000,426.000,1.000
profile,encaps,official,hash_f,13393.600,13313.600,1.000
profile,encaps,official,hash_g,14654.250,14574.250,1.000
profile,encaps,official,hash_h,4138.150,4058.150,1.000
profile,encaps,official,RNG,463.000,383.000,1.000
profile,encaps,official,cleanup,690.000,290.000,5.000
profile,encaps,official,Forward,7695.000,7535.000,2.000
profile,encaps,official,BaseMulAdd,2979.100,2899.100,1.000
profile,encaps,official,ToBytes_full,2374.000,2214.000,2.000
profile,encaps,official,FromBytes_checked,830.000,750.000,1.000
profile,encaps,official,CBD,484.000,404.000,1.000
profile,encaps,official,SOTP_encode,506.000,426.000,1.000
profile,encaps,official,hash_f,13389.050,13309.050,1.000
profile,encaps,official,hash_g,14651.500,14571.500,1.000
profile,encaps,official,hash_h,4138.350,4058.350,1.000
profile,encaps,official,RNG,463.000,383.000,1.000
profile,encaps,official,cleanup,690.050,290.050,5.000
profile,encaps,official,Forward,7695.000,7535.000,2.000
profile,encaps,official,BaseMulAdd,2979.000,2899.000,1.000
profile,encaps,official,ToBytes_full,2374.000,2214.000,2.000
profile,encaps,official,FromBytes_checked,830.000,750.000,1.000
profile,encaps,official,CBD,484.000,404.000,1.000
profile,encaps,official,SOTP_encode,506.000,426.000,1.000
profile,encaps,official,hash_f,13386.350,13306.350,1.000
profile,encaps,official,hash_g,14651.950,14571.950,1.000
profile,encaps,official,hash_h,4139.750,4059.750,1.000
profile,encaps,official,RNG,463.000,383.000,1.000
profile,encaps,official,cleanup,690.000,290.000,5.000
profile,encaps,official,Forward,7695.000,7535.000,2.000
profile,encaps,official,BaseMulAdd,2979.000,2899.000,1.000
profile,encaps,official,ToBytes_full,2374.000,2214.000,2.000
profile,encaps,official,FromBytes_checked,830.000,750.000,1.000
profile,encaps,official,CBD,484.000,404.000,1.000
profile,encaps,official,SOTP_encode,506.000,426.000,1.000
profile,encaps,official,hash_f,13384.850,13304.850,1.000
profile,encaps,official,hash_g,14653.400,14573.400,1.000
profile,encaps,official,hash_h,4136.500,4056.500,1.000
profile,encaps,official,RNG,463.250,383.250,1.000
profile,encaps,official,cleanup,690.000,290.000,5.000
profile,encaps,official,Forward,7695.000,7535.000,2.000
profile,encaps,official,BaseMulAdd,2979.100,2899.100,1.000
profile,encaps,official,ToBytes_full,2374.000,2214.000,2.000
profile,encaps,official,FromBytes_checked,830.800,750.800,1.000
profile,encaps,official,CBD,484.000,404.000,1.000
profile,encaps,official,SOTP_encode,506.000,426.000,1.000
profile,encaps,official,hash_f,13379.800,13299.800,1.000
profile,encaps,official,hash_g,14642.600,14562.600,1.000
profile,encaps,official,hash_h,4131.150,4051.150,1.000
profile,encaps,official,RNG,463.000,383.000,1.000
profile,encaps,official,cleanup,690.000,290.000,5.000
profile,encaps,official,Forward,7695.000,7535.000,2.000
profile,encaps,official,BaseMulAdd,2979.000,2899.000,1.000
profile,encaps,official,ToBytes_full,2374.000,2214.000,2.000
profile,encaps,official,FromBytes_checked,830.000,750.000,1.000
profile,encaps,official,CBD,484.000,404.000,1.000
profile,encaps,official,SOTP_encode,506.000,426.000,1.000
profile,encaps,official,hash_f,13386.600,13306.600,1.000
profile,encaps,official,hash_g,14644.050,14564.050,1.000
profile,encaps,official,hash_h,4136.600,4056.600,1.000
profile,encaps,official,RNG,463.000,383.000,1.000
profile,encaps,official,cleanup,690.000,290.000,5.000
profile,encaps,official,Forward,7695.450,7535.450,2.000
profile,encaps,official,BaseMulAdd,2979.000,2899.000,1.000
profile,encaps,official,ToBytes_full,2374.000,2214.000,2.000
profile,encaps,official,FromBytes_checked,831.250,751.250,1.000
profile,encaps,official,CBD,484.000,404.000,1.000
profile,encaps,official,SOTP_encode,506.000,426.000,1.000
profile,encaps,official,hash_f,13370.450,13290.450,1.000
profile,encaps,official,hash_g,14647.050,14567.050,1.000
profile,encaps,official,hash_h,4131.950,4051.950,1.000
profile,encaps,official,RNG,463.000,383.000,1.000
profile,encaps,official,cleanup,690.000,290.000,5.000
profile,encaps,official,Forward,7695.000,7535.000,2.000
profile,encaps,official,BaseMulAdd,2979.000,2899.000,1.000
profile,encaps,official,ToBytes_full,2374.000,2214.000,2.000
profile,encaps,official,FromBytes_checked,830.000,750.000,1.000
profile,encaps,official,CBD,484.000,404.000,1.000
profile,encaps,official,SOTP_encode,506.000,426.000,1.000
profile,encaps,official,hash_f,13383.350,13303.350,1.000
profile,encaps,official,hash_g,14643.450,14563.450,1.000
profile,encaps,official,hash_h,4133.900,4053.900,1.000
profile,encaps,official,RNG,463.000,383.000,1.000
profile,encaps,official,cleanup,690.000,290.000,5.000
profile,encaps,official,Forward,7695.000,7535.000,2.000
profile,encaps,official,BaseMulAdd,2979.000,2899.000,1.000
profile,encaps,official,ToBytes_full,2374.000,2214.000,2.000
profile,encaps,official,FromBytes_checked,830.000,750.000,1.000
profile,encaps,official,CBD,484.000,404.000,1.000
profile,encaps,official,SOTP_encode,506.000,426.000,1.000
profile,encaps,official,hash_f,13381.500,13301.500,1.000
profile,encaps,official,hash_g,14640.600,14560.600,1.000
profile,encaps,official,hash_h,4132.350,4052.350,1.000
profile,encaps,official,RNG,463.000,383.000,1.000
profile,encaps,official,cleanup,690.000,290.000,5.000
profile,encaps,official,Forward,7695.000,7535.000,2.000
profile,encaps,official,BaseMulAdd,2979.000,2899.000,1.000
profile,encaps,official,ToBytes_full,2374.000,2214.000,2.000
profile,encaps,official,FromBytes_checked,830.000,750.000,1.000
profile,encaps,official,CBD,484.000,404.000,1.000
profile,encaps,official,SOTP_encode,506.000,426.000,1.000
profile,encaps,official,hash_f,13378.100,13298.100,1.000
profile,encaps,official,hash_g,14642.200,14562.200,1.000
profile,encaps,official,hash_h,4132.300,4052.300,1.000
profile,encaps,official,RNG,463.000,383.000,1.000
profile,encaps,official,cleanup,690.000,290.000,5.000
profile,encaps,official,Forward,7695.000,7535.000,2.000
profile,encaps,official,BaseMulAdd,2979.000,2899.000,1.000
profile,encaps,official,ToBytes_full,2374.000,2214.000,2.000
profile,encaps,official,FromBytes_checked,830.000,750.000,1.000
profile,encaps,official,CBD,484.000,404.000,1.000
profile,encaps,official,SOTP_encode,506.000,426.000,1.000
profile,encaps,official,hash_f,13378.700,13298.700,1.000
profile,encaps,official,hash_g,14641.950,14561.950,1.000
profile,encaps,official,hash_h,4132.900,4052.900,1.000
profile,encaps,official,RNG,463.000,383.000,1.000
profile,encaps,official,cleanup,690.000,290.000,5.000
profile,decaps,official,Forward,7694.000,7534.000,2.000
profile,decaps,official,BaseMul_R0,2520.000,2440.000,1.000
profile,decaps,official,BaseMul_Rinv,1842.000,1762.000,1.000
profile,decaps,official,Inverse,4212.000,4132.000,1.000
profile,decaps,official,ToBytes_full,2377.000,2217.000,2.000
profile,decaps,official,FromBytes_checked,2502.000,2262.000,3.000
profile,decaps,official,CBD,477.000,397.000,1.000
profile,decaps,official,SOTP_decode,488.000,408.000,1.000
profile,decaps,official,Sub,299.000,219.000,1.000
profile,decaps,official,Crepmod3,568.000,488.000,1.000
profile,decaps,official,hash_g,14658.500,14578.500,1.000
profile,decaps,official,hash_h,4131.500,4051.500,1.000
profile,decaps,official,cleanup,1179.000,539.000,8.000
profile,decaps,official,Forward,7694.000,7534.000,2.000
profile,decaps,official,BaseMul_R0,2520.000,2440.000,1.000
profile,decaps,official,BaseMul_Rinv,1842.000,1762.000,1.000
profile,decaps,official,Inverse,4212.000,4132.000,1.000
profile,decaps,official,ToBytes_full,2377.000,2217.000,2.000
profile,decaps,official,FromBytes_checked,2502.000,2262.000,3.000
profile,decaps,official,CBD,477.000,397.000,1.000
profile,decaps,official,SOTP_decode,488.000,408.000,1.000
profile,decaps,official,Sub,299.000,219.000,1.000
profile,decaps,official,Crepmod3,568.000,488.000,1.000
profile,decaps,official,hash_g,14659.300,14579.300,1.000
profile,decaps,official,hash_h,4133.850,4053.850,1.000
profile,decaps,official,cleanup,1179.000,539.000,8.000
profile,decaps,official,Forward,7695.600,7535.600,2.000
profile,decaps,official,BaseMul_R0,2521.750,2441.750,1.000
profile,decaps,official,BaseMul_Rinv,1844.650,1764.650,1.000
profile,decaps,official,Inverse,4214.300,4134.300,1.000
profile,decaps,official,ToBytes_full,2377.600,2217.600,2.000
profile,decaps,official,FromBytes_checked,2518.450,2278.450,3.000
profile,decaps,official,CBD,478.150,398.150,1.000
profile,decaps,official,SOTP_decode,489.900,409.900,1.000
profile,decaps,official,Sub,299.000,219.000,1.000
profile,decaps,official,Crepmod3,569.150,489.150,1.000
profile,decaps,official,hash_g,14667.450,14587.450,1.000
profile,decaps,official,hash_h,4139.550,4059.550,1.000
profile,decaps,official,cleanup,1179.100,539.100,8.000
profile,decaps,official,Forward,7694.000,7534.000,2.000
profile,decaps,official,BaseMul_R0,2520.050,2440.050,1.000
profile,decaps,official,BaseMul_Rinv,1842.000,1762.000,1.000
profile,decaps,official,Inverse,4212.000,4132.000,1.000
profile,decaps,official,ToBytes_full,2377.000,2217.000,2.000
profile,decaps,official,FromBytes_checked,2502.800,2262.800,3.000
profile,decaps,official,CBD,477.000,397.000,1.000
profile,decaps,official,SOTP_decode,488.000,408.000,1.000
profile,decaps,official,Sub,299.000,219.000,1.000
profile,decaps,official,Crepmod3,568.000,488.000,1.000
profile,decaps,official,hash_g,14670.000,14590.000,1.000
profile,decaps,official,hash_h,4130.750,4050.750,1.000
profile,decaps,official,cleanup,1179.000,539.000,8.000
profile,decaps,official,Forward,7694.000,7534.000,2.000
profile,decaps,official,BaseMul_R0,2520.000,2440.000,1.000
profile,decaps,official,BaseMul_Rinv,1842.000,1762.000,1.000
profile,decaps,official,Inverse,4212.000,4132.000,1.000
profile,decaps,official,ToBytes_full,2377.000,2217.000,2.000
profile,decaps,official,FromBytes_checked,2502.000,2262.000,3.000
profile,decaps,official,CBD,477.000,397.000,1.000
profile,decaps,official,SOTP_decode,488.000,408.000,1.000
profile,decaps,official,Sub,299.000,219.000,1.000
profile,decaps,official,Crepmod3,568.000,488.000,1.000
profile,decaps,official,hash_g,14672.300,14592.300,1.000
profile,decaps,official,hash_h,4130.400,4050.400,1.000
profile,decaps,official,cleanup,1179.000,539.000,8.000
profile,decaps,official,Forward,7694.000,7534.000,2.000
profile,decaps,official,BaseMul_R0,2520.000,2440.000,1.000
profile,decaps,official,BaseMul_Rinv,1842.000,1762.000,1.000
profile,decaps,official,Inverse,4212.000,4132.000,1.000
profile,decaps,official,ToBytes_full,2377.000,2217.000,2.000
profile,decaps,official,FromBytes_checked,2502.000,2262.000,3.000
profile,decaps,official,CBD,477.000,397.000,1.000
profile,decaps,official,SOTP_decode,488.000,408.000,1.000
profile,decaps,official,Sub,299.000,219.000,1.000
profile,decaps,official,Crepmod3,568.000,488.000,1.000
profile,decaps,official,hash_g,14672.500,14592.500,1.000
profile,decaps,official,hash_h,4131.250,4051.250,1.000
profile,decaps,official,cleanup,1179.000,539.000,8.000
profile,decaps,official,Forward,7695.000,7535.000,2.000
profile,decaps,official,BaseMul_R0,2520.050,2440.050,1.000
profile,decaps,official,BaseMul_Rinv,1842.000,1762.000,1.000
profile,decaps,official,Inverse,4212.000,4132.000,1.000
profile,decaps,official,ToBytes_full,2377.000,2217.000,2.000
profile,decaps,official,FromBytes_checked,2504.050,2264.050,3.000
profile,decaps,official,CBD,477.000,397.000,1.000
profile,decaps,official,SOTP_decode,488.200,408.200,1.000
profile,decaps,official,Sub,299.000,219.000,1.000
profile,decaps,official,Crepmod3,568.000,488.000,1.000
profile,decaps,official,hash_g,14648.950,14568.950,1.000
profile,decaps,official,hash_h,4133.000,4053.000,1.000
profile,decaps,official,cleanup,1179.000,539.000,8.000
profile,decaps,official,Forward,7695.000,7535.000,2.000
profile,decaps,official,BaseMul_R0,2520.000,2440.000,1.000
profile,decaps,official,BaseMul_Rinv,1842.000,1762.000,1.000
profile,decaps,official,Inverse,4212.000,4132.000,1.000
profile,decaps,official,ToBytes_full,2377.000,2217.000,2.000
profile,decaps,official,FromBytes_checked,2502.200,2262.200,3.000
profile,decaps,official,CBD,477.000,397.000,1.000
profile,decaps,official,SOTP_decode,488.000,408.000,1.000
profile,decaps,official,Sub,299.000,219.000,1.000
profile,decaps,official,Crepmod3,568.000,488.000,1.000
profile,decaps,official,hash_g,14655.700,14575.700,1.000
profile,decaps,official,hash_h,4131.450,4051.450,1.000
profile,decaps,official,cleanup,1179.000,539.000,8.000
profile,decaps,official,Forward,7694.550,7534.550,2.000
profile,decaps,official,BaseMul_R0,2520.000,2440.000,1.000
profile,decaps,official,BaseMul_Rinv,1842.400,1762.400,1.000
profile,decaps,official,Inverse,4212.000,4132.000,1.000
profile,decaps,official,ToBytes_full,2377.000,2217.000,2.000
profile,decaps,official,FromBytes_checked,2503.350,2263.350,3.000
profile,decaps,official,CBD,477.000,397.000,1.000
profile,decaps,official,SOTP_decode,488.000,408.000,1.000
profile,decaps,official,Sub,299.000,219.000,1.000
profile,decaps,official,Crepmod3,568.000,488.000,1.000
profile,decaps,official,hash_g,14655.250,14575.250,1.000
profile,decaps,official,hash_h,4136.150,4056.150,1.000
profile,decaps,official,cleanup,1179.000,539.000,8.000
profile,decaps,official,Forward,7695.000,7535.000,2.000
profile,decaps,official,BaseMul_R0,2520.000,2440.000,1.000
profile,decaps,official,BaseMul_Rinv,1842.000,1762.000,1.000
profile,decaps,official,Inverse,4212.000,4132.000,1.000
profile,decaps,official,ToBytes_full,2377.000,2217.000,2.000
profile,decaps,official,FromBytes_checked,2501.200,2261.200,3.000
profile,decaps,official,CBD,477.000,397.000,1.000
profile,decaps,official,SOTP_decode,488.000,408.000,1.000
profile,decaps,official,Sub,299.000,219.000,1.000
profile,decaps,official,Crepmod3,568.000,488.000,1.000
profile,decaps,official,hash_g,14654.900,14574.900,1.000
profile,decaps,official,hash_h,4133.700,4053.700,1.000
profile,decaps,official,cleanup,1179.000,539.000,8.000
profile,decaps,official,Forward,7695.000,7535.000,2.000
profile,decaps,official,BaseMul_R0,2520.000,2440.000,1.000
profile,decaps,official,BaseMul_Rinv,1842.000,1762.000,1.000
profile,decaps,official,Inverse,4212.000,4132.000,1.000
profile,decaps,official,ToBytes_full,2377.000,2217.000,2.000
profile,decaps,official,FromBytes_checked,2501.200,2261.200,3.000
profile,decaps,official,CBD,477.000,397.000,1.000
profile,decaps,official,SOTP_decode,488.000,408.000,1.000
profile,decaps,official,Sub,299.000,219.000,1.000
profile,decaps,official,Crepmod3,568.000,488.000,1.000
profile,decaps,official,hash_g,14655.150,14575.150,1.000
profile,decaps,official,hash_h,4133.000,4053.000,1.000
profile,decaps,official,cleanup,1179.000,539.000,8.000
profile,decaps,official,Forward,7695.000,7535.000,2.000
profile,decaps,official,BaseMul_R0,2520.000,2440.000,1.000
profile,decaps,official,BaseMul_Rinv,1842.000,1762.000,1.000
profile,decaps,official,Inverse,4212.000,4132.000,1.000
profile,decaps,official,ToBytes_full,2377.000,2217.000,2.000
profile,decaps,official,FromBytes_checked,2501.650,2261.650,3.000
profile,decaps,official,CBD,477.000,397.000,1.000
profile,decaps,official,SOTP_decode,488.000,408.000,1.000
profile,decaps,official,Sub,299.000,219.000,1.000
profile,decaps,official,Crepmod3,568.000,488.000,1.000
profile,decaps,official,hash_g,14639.400,14559.400,1.000
profile,decaps,official,hash_h,4130.700,4050.700,1.000
profile,decaps,official,cleanup,1179.000,539.000,8.000
profile,decaps,official,Forward,7695.000,7535.000,2.000
profile,decaps,official,BaseMul_R0,2520.000,2440.000,1.000
profile,decaps,official,BaseMul_Rinv,1842.000,1762.000,1.000
profile,decaps,official,Inverse,4212.000,4132.000,1.000
profile,decaps,official,ToBytes_full,2377.600,2217.600,2.000
profile,decaps,official,FromBytes_checked,2501.000,2261.000,3.000
profile,decaps,official,CBD,477.000,397.000,1.000
profile,decaps,official,SOTP_decode,488.000,408.000,1.000
profile,decaps,official,Sub,299.000,219.000,1.000
profile,decaps,official,Crepmod3,568.000,488.000,1.000
profile,decaps,official,hash_g,14641.350,14561.350,1.000
profile,decaps,official,hash_h,4129.750,4049.750,1.000
profile,decaps,official,cleanup,1179.000,539.000,8.000
profile,decaps,official,Forward,7695.000,7535.000,2.000
profile,decaps,official,BaseMul_R0,2520.250,2440.250,1.000
profile,decaps,official,BaseMul_Rinv,1842.000,1762.000,1.000
profile,decaps,official,Inverse,4212.000,4132.000,1.000
profile,decaps,official,ToBytes_full,2377.000,2217.000,2.000
profile,decaps,official,FromBytes_checked,2505.450,2265.450,3.000
profile,decaps,official,CBD,477.000,397.000,1.000
profile,decaps,official,SOTP_decode,488.000,408.000,1.000
profile,decaps,official,Sub,299.000,219.000,1.000
profile,decaps,official,Crepmod3,568.400,488.400,1.000
profile,decaps,official,hash_g,14641.350,14561.350,1.000
profile,decaps,official,hash_h,4130.750,4050.750,1.000
profile,decaps,official,cleanup,1180.750,540.750,8.000
profile,decaps,official,Forward,7695.000,7535.000,2.000
profile,decaps,official,BaseMul_R0,2520.000,2440.000,1.000
profile,decaps,official,BaseMul_Rinv,1842.000,1762.000,1.000
profile,decaps,official,Inverse,4212.000,4132.000,1.000
profile,decaps,official,ToBytes_full,2377.000,2217.000,2.000
profile,decaps,official,FromBytes_checked,2501.000,2261.000,3.000
profile,decaps,official,CBD,477.000,397.000,1.000
profile,decaps,official,SOTP_decode,488.000,408.000,1.000
profile,decaps,official,Sub,299.000,219.000,1.000
profile,decaps,official,Crepmod3,568.000,488.000,1.000
profile,decaps,official,hash_g,14641.150,14561.150,1.000
profile,decaps,official,hash_h,4137.200,4057.200,1.000
profile,decaps,official,cleanup,1179.000,539.000,8.000
profile,decaps,official,Forward,7695.000,7535.000,2.000
profile,decaps,official,BaseMul_R0,2520.000,2440.000,1.000
profile,decaps,official,BaseMul_Rinv,1842.000,1762.000,1.000
profile,decaps,official,Inverse,4212.000,4132.000,1.000
profile,decaps,official,ToBytes_full,2377.000,2217.000,2.000
profile,decaps,official,FromBytes_checked,2501.000,2261.000,3.000
profile,decaps,official,CBD,477.000,397.000,1.000
profile,decaps,official,SOTP_decode,488.000,408.000,1.000
profile,decaps,official,Sub,299.000,219.000,1.000
profile,decaps,official,Crepmod3,568.000,488.000,1.000
profile,decaps,official,hash_g,14651.300,14571.300,1.000
profile,decaps,official,hash_h,4134.600,4054.600,1.000
profile,decaps,official,cleanup,1179.000,539.000,8.000
profile,decaps,official,Forward,7695.000,7535.000,2.000
profile,decaps,official,BaseMul_R0,2520.000,2440.000,1.000
profile,decaps,official,BaseMul_Rinv,1842.000,1762.000,1.000
profile,decaps,official,Inverse,4212.000,4132.000,1.000
profile,decaps,official,ToBytes_full,2377.000,2217.000,2.000
profile,decaps,official,FromBytes_checked,2501.000,2261.000,3.000
profile,decaps,official,CBD,477.000,397.000,1.000
profile,decaps,official,SOTP_decode,488.000,408.000,1.000
profile,decaps,official,Sub,299.000,219.000,1.000
profile,decaps,official,Crepmod3,568.000,488.000,1.000
profile,decaps,official,hash_g,14647.250,14567.250,1.000
profile,decaps,official,hash_h,4140.800,4060.800,1.000
profile,decaps,official,cleanup,1179.000,539.000,8.000
profile,decaps,official,Forward,7694.000,7534.000,2.000
profile,decaps,official,BaseMul_R0,2520.000,2440.000,1.000
profile,decaps,official,BaseMul_Rinv,1842.000,1762.000,1.000
profile,decaps,official,Inverse,4212.000,4132.000,1.000
profile,decaps,official,ToBytes_full,2377.000,2217.000,2.000
profile,decaps,official,FromBytes_checked,2501.000,2261.000,3.000
profile,decaps,official,CBD,477.000,397.000,1.000
profile,decaps,official,SOTP_decode,488.000,408.000,1.000
profile,decaps,official,Sub,299.000,219.000,1.000
profile,decaps,official,Crepmod3,568.000,488.000,1.000
profile,decaps,official,hash_g,14669.250,14589.250,1.000
profile,decaps,official,hash_h,4134.950,4054.950,1.000
profile,decaps,official,cleanup,1179.000,539.000,8.000
profile,decaps,official,Forward,7694.650,7534.650,2.000
profile,decaps,official,BaseMul_R0,2520.200,2440.200,1.000
profile,decaps,official,BaseMul_Rinv,1842.400,1762.400,1.000
profile,decaps,official,Inverse,4213.300,4133.300,1.000
profile,decaps,official,ToBytes_full,2377.000,2217.000,2.000
profile,decaps,official,FromBytes_checked,2504.600,2264.600,3.000
profile,decaps,official,CBD,477.000,397.000,1.000
profile,decaps,official,SOTP_decode,488.000,408.000,1.000
profile,decaps,official,Sub,299.000,219.000,1.000
profile,decaps,official,Crepmod3,568.000,488.000,1.000
profile,decaps,official,hash_g,14656.200,14576.200,1.000
profile,decaps,official,hash_h,4128.900,4048.900,1.000
profile,decaps,official,cleanup,1179.750,539.750,8.000
profile,decaps,official,Forward,7694.000,7534.000,2.000
profile,decaps,official,BaseMul_R0,2520.000,2440.000,1.000
profile,decaps,official,BaseMul_Rinv,1842.400,1762.400,1.000
profile,decaps,official,Inverse,4212.000,4132.000,1.000
profile,decaps,official,ToBytes_full,2377.000,2217.000,2.000
profile,decaps,official,FromBytes_checked,2501.000,2261.000,3.000
profile,decaps,official,CBD,477.000,397.000,1.000
profile,decaps,official,SOTP_decode,488.000,408.000,1.000
profile,decaps,official,Sub,299.000,219.000,1.000
profile,decaps,official,Crepmod3,568.000,488.000,1.000
profile,decaps,official,hash_g,14660.750,14580.750,1.000
profile,decaps,official,hash_h,4136.100,4056.100,1.000
profile,decaps,official,cleanup,1178.000,538.000,8.000
profile,decaps,official,Forward,7694.000,7534.000,2.000
profile,decaps,official,BaseMul_R0,2520.000,2440.000,1.000
profile,decaps,official,BaseMul_Rinv,1842.000,1762.000,1.000
profile,decaps,official,Inverse,4212.000,4132.000,1.000
profile,decaps,official,ToBytes_full,2377.000,2217.000,2.000
profile,decaps,official,FromBytes_checked,2501.000,2261.000,3.000
profile,decaps,official,CBD,477.000,397.000,1.000
profile,decaps,official,SOTP_decode,488.000,408.000,1.000
profile,decaps,official,Sub,299.000,219.000,1.000
profile,decaps,official,Crepmod3,568.000,488.000,1.000
profile,decaps,official,hash_g,14657.350,14577.350,1.000
profile,decaps,official,hash_h,4133.550,4053.550,1.000
profile,decaps,official,cleanup,1178.000,538.000,8.000
