instrumentation_equivalence=pass,label=p10,overhead=80.000
profile,keygen,p10,Forward,6937.000,6777.000,2.000
profile,keygen,p10,BaseInv,8379.000,8219.000,2.000
profile,keygen,p10,BaseMul_R0,4509.000,4349.000,2.000
profile,keygen,p10,ToBytes_full,1595.000,1515.000,1.000
profile,keygen,p10,ToBytes_small,2534.000,2374.000,2.000
profile,keygen,p10,CBD,935.500,775.500,2.000
profile,keygen,p10,Triple,632.750,472.750,2.000
profile,keygen,p10,hash_f,13353.250,13273.250,1.000
profile,keygen,p10,SHAKE_sampling,5680.000,5520.000,2.000
profile,keygen,p10,RNG,383.000,223.000,2.000
profile,keygen,p10,cleanup,949.000,389.000,7.000
profile,keygen,p10,Forward,6936.250,6776.250,2.000
profile,keygen,p10,BaseInv,8377.250,8217.250,2.000
profile,keygen,p10,BaseMul_R0,4512.250,4352.250,2.000
profile,keygen,p10,ToBytes_full,1595.000,1515.000,1.000
profile,keygen,p10,ToBytes_small,2537.000,2377.000,2.000
profile,keygen,p10,CBD,924.000,764.000,2.000
profile,keygen,p10,Triple,629.500,469.500,2.000
profile,keygen,p10,hash_f,13328.500,13248.500,1.000
profile,keygen,p10,SHAKE_sampling,5686.500,5526.500,2.000
profile,keygen,p10,RNG,383.000,223.000,2.000
profile,keygen,p10,cleanup,929.250,369.250,7.000
profile,keygen,p10,Forward,6932.000,6772.000,2.000
profile,keygen,p10,BaseInv,8373.000,8213.000,2.000
profile,keygen,p10,BaseMul_R0,4509.000,4349.000,2.000
profile,keygen,p10,ToBytes_full,1600.750,1520.750,1.000
profile,keygen,p10,ToBytes_small,2538.750,2378.750,2.000
profile,keygen,p10,CBD,925.250,765.250,2.000
profile,keygen,p10,Triple,630.000,470.000,2.000
profile,keygen,p10,hash_f,13320.750,13240.750,1.000
profile,keygen,p10,SHAKE_sampling,5689.000,5529.000,2.000
profile,keygen,p10,RNG,383.000,223.000,2.000
profile,keygen,p10,cleanup,929.750,369.750,7.000
profile,keygen,p10,Forward,6932.000,6772.000,2.000
profile,keygen,p10,BaseInv,8373.000,8213.000,2.000
profile,keygen,p10,BaseMul_R0,4509.000,4349.000,2.000
profile,keygen,p10,ToBytes_full,1595.000,1515.000,1.000
profile,keygen,p10,ToBytes_small,2534.000,2374.000,2.000
profile,keygen,p10,CBD,924.000,764.000,2.000
profile,keygen,p10,Triple,629.000,469.000,2.000
profile,keygen,p10,hash_f,13333.500,13253.500,1.000
profile,keygen,p10,SHAKE_sampling,5687.750,5527.750,2.000
profile,keygen,p10,RNG,383.000,223.000,2.000
profile,keygen,p10,cleanup,936.250,376.250,7.000
profile,keygen,p10,Forward,6932.000,6772.000,2.000
profile,keygen,p10,BaseInv,8373.000,8213.000,2.000
profile,keygen,p10,BaseMul_R0,4509.000,4349.000,2.000
profile,keygen,p10,ToBytes_full,1595.000,1515.000,1.000
profile,keygen,p10,ToBytes_small,2534.000,2374.000,2.000
profile,keygen,p10,CBD,924.000,764.000,2.000
profile,keygen,p10,Triple,629.500,469.500,2.000
profile,keygen,p10,hash_f,13331.000,13251.000,1.000
profile,keygen,p10,SHAKE_sampling,5685.000,5525.000,2.000
profile,keygen,p10,RNG,383.000,223.000,2.000
profile,keygen,p10,cleanup,936.250,376.250,7.000
profile,keygen,p10,Forward,6932.000,6772.000,2.000
profile,keygen,p10,BaseInv,8373.000,8213.000,2.000
profile,keygen,p10,BaseMul_R0,4509.000,4349.000,2.000
profile,keygen,p10,ToBytes_full,1595.000,1515.000,1.000
profile,keygen,p10,ToBytes_small,2534.000,2374.000,2.000
profile,keygen,p10,CBD,925.250,765.250,2.000
profile,keygen,p10,Triple,629.250,469.250,2.000
profile,keygen,p10,hash_f,13311.750,13231.750,1.000
profile,keygen,p10,SHAKE_sampling,5669.500,5509.500,2.000
profile,keygen,p10,RNG,383.000,223.000,2.000
profile,keygen,p10,cleanup,940.500,380.500,7.000
profile,keygen,p10,Forward,6932.000,6772.000,2.000
profile,keygen,p10,BaseInv,8373.000,8213.000,2.000
profile,keygen,p10,BaseMul_R0,4509.000,4349.000,2.000
profile,keygen,p10,ToBytes_full,1595.000,1515.000,1.000
profile,keygen,p10,ToBytes_small,2534.000,2374.000,2.000
profile,keygen,p10,CBD,924.000,764.000,2.000
profile,keygen,p10,Triple,629.500,469.500,2.000
profile,keygen,p10,hash_f,13338.250,13258.250,1.000
profile,keygen,p10,SHAKE_sampling,5689.750,5529.750,2.000
profile,keygen,p10,RNG,383.000,223.000,2.000
profile,keygen,p10,cleanup,936.250,376.250,7.000
profile,keygen,p10,Forward,6932.000,6772.000,2.000
profile,keygen,p10,BaseInv,8373.000,8213.000,2.000
profile,keygen,p10,BaseMul_R0,4509.000,4349.000,2.000
profile,keygen,p10,ToBytes_full,1595.000,1515.000,1.000
profile,keygen,p10,ToBytes_small,2534.000,2374.000,2.000
profile,keygen,p10,CBD,924.000,764.000,2.000
profile,keygen,p10,Triple,629.500,469.500,2.000
profile,keygen,p10,hash_f,13327.750,13247.750,1.000
profile,keygen,p10,SHAKE_sampling,5671.750,5511.750,2.000
profile,keygen,p10,RNG,383.000,223.000,2.000
profile,keygen,p10,cleanup,928.750,368.750,7.000
profile,keygen,p10,Forward,6932.000,6772.000,2.000
profile,keygen,p10,BaseInv,8373.000,8213.000,2.000
profile,keygen,p10,BaseMul_R0,4509.000,4349.000,2.000
profile,keygen,p10,ToBytes_full,1595.000,1515.000,1.000
profile,keygen,p10,ToBytes_small,2534.000,2374.000,2.000
profile,keygen,p10,CBD,925.250,765.250,2.000
profile,keygen,p10,Triple,629.500,469.500,2.000
profile,keygen,p10,hash_f,13307.500,13227.500,1.000
profile,keygen,p10,SHAKE_sampling,5677.000,5517.000,2.000
profile,keygen,p10,RNG,384.500,224.500,2.000
profile,keygen,p10,cleanup,930.250,370.250,7.000
profile,keygen,p10,Forward,6932.000,6772.000,2.000
profile,keygen,p10,BaseInv,8373.000,8213.000,2.000
profile,keygen,p10,BaseMul_R0,4509.000,4349.000,2.000
profile,keygen,p10,ToBytes_full,1595.000,1515.000,1.000
profile,keygen,p10,ToBytes_small,2534.000,2374.000,2.000
profile,keygen,p10,CBD,925.250,765.250,2.000
profile,keygen,p10,Triple,629.250,469.250,2.000
profile,keygen,p10,hash_f,13318.250,13238.250,1.000
profile,keygen,p10,SHAKE_sampling,5681.750,5521.750,2.000
profile,keygen,p10,RNG,383.000,223.000,2.000
profile,keygen,p10,cleanup,931.000,371.000,7.000
profile,keygen,p10,Forward,6932.000,6772.000,2.000
profile,keygen,p10,BaseInv,8373.000,8213.000,2.000
profile,keygen,p10,BaseMul_R0,4509.000,4349.000,2.000
profile,keygen,p10,ToBytes_full,1595.000,1515.000,1.000
profile,keygen,p10,ToBytes_small,2534.000,2374.000,2.000
profile,keygen,p10,CBD,924.000,764.000,2.000
profile,keygen,p10,Triple,629.250,469.250,2.000
profile,keygen,p10,hash_f,13322.000,13242.000,1.000
profile,keygen,p10,SHAKE_sampling,5693.250,5533.250,2.000
profile,keygen,p10,RNG,383.000,223.000,2.000
profile,keygen,p10,cleanup,928.750,368.750,7.000
profile,keygen,p10,Forward,6932.000,6772.000,2.000
profile,keygen,p10,BaseInv,8373.000,8213.000,2.000
profile,keygen,p10,BaseMul_R0,4509.000,4349.000,2.000
profile,keygen,p10,ToBytes_full,1595.000,1515.000,1.000
profile,keygen,p10,ToBytes_small,2534.000,2374.000,2.000
profile,keygen,p10,CBD,924.000,764.000,2.000
profile,keygen,p10,Triple,629.250,469.250,2.000
profile,keygen,p10,hash_f,13308.000,13228.000,1.000
profile,keygen,p10,SHAKE_sampling,5689.250,5529.250,2.000
profile,keygen,p10,RNG,383.000,223.000,2.000
profile,keygen,p10,cleanup,928.750,368.750,7.000
profile,keygen,p10,Forward,6932.000,6772.000,2.000
profile,keygen,p10,BaseInv,8373.000,8213.000,2.000
profile,keygen,p10,BaseMul_R0,4509.000,4349.000,2.000
profile,keygen,p10,ToBytes_full,1595.000,1515.000,1.000
profile,keygen,p10,ToBytes_small,2534.000,2374.000,2.000
profile,keygen,p10,CBD,924.000,764.000,2.000
profile,keygen,p10,Triple,629.250,469.250,2.000
profile,keygen,p10,hash_f,13335.000,13255.000,1.000
profile,keygen,p10,SHAKE_sampling,5693.750,5533.750,2.000
profile,keygen,p10,RNG,383.000,223.000,2.000
profile,keygen,p10,cleanup,928.750,368.750,7.000
profile,keygen,p10,Forward,6932.000,6772.000,2.000
profile,keygen,p10,BaseInv,8373.000,8213.000,2.000
profile,keygen,p10,BaseMul_R0,4509.000,4349.000,2.000
profile,keygen,p10,ToBytes_full,1595.000,1515.000,1.000
profile,keygen,p10,ToBytes_small,2534.000,2374.000,2.000
profile,keygen,p10,CBD,924.000,764.000,2.000
profile,keygen,p10,Triple,629.250,469.250,2.000
profile,keygen,p10,hash_f,13316.000,13236.000,1.000
profile,keygen,p10,SHAKE_sampling,5673.250,5513.250,2.000
profile,keygen,p10,RNG,383.000,223.000,2.000
profile,keygen,p10,cleanup,928.750,368.750,7.000
profile,keygen,p10,Forward,6932.000,6772.000,2.000
profile,keygen,p10,BaseInv,8373.000,8213.000,2.000
profile,keygen,p10,BaseMul_R0,4509.000,4349.000,2.000
profile,keygen,p10,ToBytes_full,1595.000,1515.000,1.000
profile,keygen,p10,ToBytes_small,2534.000,2374.000,2.000
profile,keygen,p10,CBD,924.000,764.000,2.000
profile,keygen,p10,Triple,629.750,469.750,2.000
profile,keygen,p10,hash_f,13337.250,13257.250,1.000
profile,keygen,p10,SHAKE_sampling,5689.500,5529.500,2.000
profile,keygen,p10,RNG,383.000,223.000,2.000
profile,keygen,p10,cleanup,928.750,368.750,7.000
profile,keygen,p10,Forward,6971.750,6811.750,2.000
profile,keygen,p10,BaseInv,8390.250,8230.250,2.000
profile,keygen,p10,BaseMul_R0,4500.250,4340.250,2.000
profile,keygen,p10,ToBytes_full,1599.000,1519.000,1.000
profile,keygen,p10,ToBytes_small,2538.500,2378.500,2.000
profile,keygen,p10,CBD,927.500,767.500,2.000
profile,keygen,p10,Triple,629.750,469.750,2.000
profile,keygen,p10,hash_f,13353.500,13273.500,1.000
profile,keygen,p10,SHAKE_sampling,5713.250,5553.250,2.000
profile,keygen,p10,RNG,386.250,226.250,2.000
profile,keygen,p10,cleanup,940.500,380.500,7.000
profile,keygen,p10,Forward,6932.000,6772.000,2.000
profile,keygen,p10,BaseInv,8373.000,8213.000,2.000
profile,keygen,p10,BaseMul_R0,4509.000,4349.000,2.000
profile,keygen,p10,ToBytes_full,1595.000,1515.000,1.000
profile,keygen,p10,ToBytes_small,2534.000,2374.000,2.000
profile,keygen,p10,CBD,926.250,766.250,2.000
profile,keygen,p10,Triple,629.500,469.500,2.000
profile,keygen,p10,hash_f,13312.000,13232.000,1.000
profile,keygen,p10,SHAKE_sampling,5665.250,5505.250,2.000
profile,keygen,p10,RNG,383.000,223.000,2.000
profile,keygen,p10,cleanup,930.750,370.750,7.000
profile,keygen,p10,Forward,6932.000,6772.000,2.000
profile,keygen,p10,BaseInv,8373.000,8213.000,2.000
profile,keygen,p10,BaseMul_R0,4509.000,4349.000,2.000
profile,keygen,p10,ToBytes_full,1595.000,1515.000,1.000
profile,keygen,p10,ToBytes_small,2534.000,2374.000,2.000
profile,keygen,p10,CBD,924.000,764.000,2.000
profile,keygen,p10,Triple,629.500,469.500,2.000
profile,keygen,p10,hash_f,13334.750,13254.750,1.000
profile,keygen,p10,SHAKE_sampling,5692.500,5532.500,2.000
profile,keygen,p10,RNG,383.000,223.000,2.000
profile,keygen,p10,cleanup,928.750,368.750,7.000
profile,keygen,p10,Forward,6932.000,6772.000,2.000
profile,keygen,p10,BaseInv,8373.000,8213.000,2.000
profile,keygen,p10,BaseMul_R0,4509.000,4349.000,2.000
profile,keygen,p10,ToBytes_full,1595.000,1515.000,1.000
profile,keygen,p10,ToBytes_small,2534.000,2374.000,2.000
profile,keygen,p10,CBD,924.000,764.000,2.000
profile,keygen,p10,Triple,629.500,469.500,2.000
profile,keygen,p10,hash_f,13323.250,13243.250,1.000
profile,keygen,p10,SHAKE_sampling,5676.250,5516.250,2.000
profile,keygen,p10,RNG,383.000,223.000,2.000
profile,keygen,p10,cleanup,928.750,368.750,7.000
profile,keygen,p10,Forward,6932.000,6772.000,2.000
profile,keygen,p10,BaseInv,8373.000,8213.000,2.000
profile,keygen,p10,BaseMul_R0,4509.000,4349.000,2.000
profile,keygen,p10,ToBytes_full,1595.000,1515.000,1.000
profile,keygen,p10,ToBytes_small,2534.000,2374.000,2.000
profile,keygen,p10,CBD,924.000,764.000,2.000
profile,keygen,p10,Triple,629.250,469.250,2.000
profile,keygen,p10,hash_f,13335.000,13255.000,1.000
profile,keygen,p10,SHAKE_sampling,5684.000,5524.000,2.000
profile,keygen,p10,RNG,383.000,223.000,2.000
profile,keygen,p10,cleanup,928.750,368.750,7.000
profile,keygen,p10,Forward,6932.000,6772.000,2.000
profile,keygen,p10,BaseInv,8373.000,8213.000,2.000
profile,keygen,p10,BaseMul_R0,4509.000,4349.000,2.000
profile,keygen,p10,ToBytes_full,1595.000,1515.000,1.000
profile,keygen,p10,ToBytes_small,2534.000,2374.000,2.000
profile,keygen,p10,CBD,924.000,764.000,2.000
profile,keygen,p10,Triple,629.750,469.750,2.000
profile,keygen,p10,hash_f,13324.250,13244.250,1.000
profile,keygen,p10,SHAKE_sampling,5681.250,5521.250,2.000
profile,keygen,p10,RNG,383.000,223.000,2.000
profile,keygen,p10,cleanup,928.750,368.750,7.000
profile,encaps,p10,Forward,6944.000,6784.000,2.000
profile,encaps,p10,BaseMulAdd,2258.000,2178.000,1.000
profile,encaps,p10,ToBytes_full,1598.000,1518.000,1.000
profile,encaps,p10,ToBytes_small,1268.000,1188.000,1.000
profile,encaps,p10,FromBytes_checked,803.000,723.000,1.000
profile,encaps,p10,CBD,486.600,406.600,1.000
profile,encaps,p10,SOTP_encode,478.000,398.000,1.000
profile,encaps,p10,hash_f,13308.650,13228.650,1.000
profile,encaps,p10,hash_g,14560.900,14480.900,1.000
profile,encaps,p10,hash_h,4115.200,4035.200,1.000
profile,encaps,p10,RNG,432.000,352.000,1.000
profile,encaps,p10,cleanup,615.000,215.000,5.000
profile,encaps,p10,Forward,6955.750,6795.750,2.000
profile,encaps,p10,BaseMulAdd,2261.700,2181.700,1.000
profile,encaps,p10,ToBytes_full,1598.300,1518.300,1.000
profile,encaps,p10,ToBytes_small,1275.050,1195.050,1.000
profile,encaps,p10,FromBytes_checked,803.650,723.650,1.000
profile,encaps,p10,CBD,484.450,404.450,1.000
profile,encaps,p10,SOTP_encode,478.450,398.450,1.000
profile,encaps,p10,hash_f,13308.000,13228.000,1.000
profile,encaps,p10,hash_g,14575.650,14495.650,1.000
profile,encaps,p10,hash_h,4113.250,4033.250,1.000
profile,encaps,p10,RNG,432.050,352.050,1.000
profile,encaps,p10,cleanup,619.050,219.050,5.000
profile,encaps,p10,Forward,6944.850,6784.850,2.000
profile,encaps,p10,BaseMulAdd,2258.000,2178.000,1.000
profile,encaps,p10,ToBytes_full,1598.000,1518.000,1.000
profile,encaps,p10,ToBytes_small,1268.000,1188.000,1.000
profile,encaps,p10,FromBytes_checked,803.000,723.000,1.000
profile,encaps,p10,CBD,486.000,406.000,1.000
profile,encaps,p10,SOTP_encode,479.050,399.050,1.000
profile,encaps,p10,hash_f,13316.050,13236.050,1.000
profile,encaps,p10,hash_g,14567.500,14487.500,1.000
profile,encaps,p10,hash_h,4113.400,4033.400,1.000
profile,encaps,p10,RNG,432.000,352.000,1.000
profile,encaps,p10,cleanup,615.000,215.000,5.000
profile,encaps,p10,Forward,6944.000,6784.000,2.000
profile,encaps,p10,BaseMulAdd,2258.550,2178.550,1.000
profile,encaps,p10,ToBytes_full,1597.000,1517.000,1.000
profile,encaps,p10,ToBytes_small,1269.050,1189.050,1.000
profile,encaps,p10,FromBytes_checked,803.150,723.150,1.000
profile,encaps,p10,CBD,467.000,387.000,1.000
profile,encaps,p10,SOTP_encode,478.000,398.000,1.000
profile,encaps,p10,hash_f,13296.350,13216.350,1.000
profile,encaps,p10,hash_g,14575.900,14495.900,1.000
profile,encaps,p10,hash_h,4115.050,4035.050,1.000
profile,encaps,p10,RNG,432.000,352.000,1.000
profile,encaps,p10,cleanup,615.750,215.750,5.000
profile,encaps,p10,Forward,6944.300,6784.300,2.000
profile,encaps,p10,BaseMulAdd,2258.550,2178.550,1.000
profile,encaps,p10,ToBytes_full,1597.700,1517.700,1.000
profile,encaps,p10,ToBytes_small,1268.000,1188.000,1.000
profile,encaps,p10,FromBytes_checked,803.000,723.000,1.000
profile,encaps,p10,CBD,466.200,386.200,1.000
profile,encaps,p10,SOTP_encode,478.000,398.000,1.000
profile,encaps,p10,hash_f,13314.200,13234.200,1.000
profile,encaps,p10,hash_g,14566.450,14486.450,1.000
profile,encaps,p10,hash_h,4114.850,4034.850,1.000
profile,encaps,p10,RNG,432.000,352.000,1.000
profile,encaps,p10,cleanup,616.800,216.800,5.000
profile,encaps,p10,Forward,6944.000,6784.000,2.000
profile,encaps,p10,BaseMulAdd,2258.000,2178.000,1.000
profile,encaps,p10,ToBytes_full,1597.000,1517.000,1.000
profile,encaps,p10,ToBytes_small,1268.000,1188.000,1.000
profile,encaps,p10,FromBytes_checked,803.000,723.000,1.000
profile,encaps,p10,CBD,467.000,387.000,1.000
profile,encaps,p10,SOTP_encode,478.000,398.000,1.000
profile,encaps,p10,hash_f,13310.550,13230.550,1.000
profile,encaps,p10,hash_g,14567.400,14487.400,1.000
profile,encaps,p10,hash_h,4112.100,4032.100,1.000
profile,encaps,p10,RNG,432.000,352.000,1.000
profile,encaps,p10,cleanup,616.600,216.600,5.000
profile,encaps,p10,Forward,6944.700,6784.700,2.000
profile,encaps,p10,BaseMulAdd,2258.250,2178.250,1.000
profile,encaps,p10,ToBytes_full,1597.000,1517.000,1.000
profile,encaps,p10,ToBytes_small,1269.150,1189.150,1.000
profile,encaps,p10,FromBytes_checked,803.000,723.000,1.000
profile,encaps,p10,CBD,467.000,387.000,1.000
profile,encaps,p10,SOTP_encode,478.900,398.900,1.000
profile,encaps,p10,hash_f,13319.600,13239.600,1.000
profile,encaps,p10,hash_g,14564.500,14484.500,1.000
profile,encaps,p10,hash_h,4112.650,4032.650,1.000
profile,encaps,p10,RNG,432.000,352.000,1.000
profile,encaps,p10,cleanup,615.200,215.200,5.000
profile,encaps,p10,Forward,6944.000,6784.000,2.000
profile,encaps,p10,BaseMulAdd,2258.000,2178.000,1.000
profile,encaps,p10,ToBytes_full,1597.000,1517.000,1.000
profile,encaps,p10,ToBytes_small,1268.000,1188.000,1.000
profile,encaps,p10,FromBytes_checked,803.000,723.000,1.000
profile,encaps,p10,CBD,467.000,387.000,1.000
profile,encaps,p10,SOTP_encode,478.000,398.000,1.000
profile,encaps,p10,hash_f,13307.400,13227.400,1.000
profile,encaps,p10,hash_g,14568.050,14488.050,1.000
profile,encaps,p10,hash_h,4112.100,4032.100,1.000
profile,encaps,p10,RNG,432.900,352.900,1.000
profile,encaps,p10,cleanup,615.000,215.000,5.000
profile,encaps,p10,Forward,6944.000,6784.000,2.000
profile,encaps,p10,BaseMulAdd,2258.000,2178.000,1.000
profile,encaps,p10,ToBytes_full,1597.000,1517.000,1.000
profile,encaps,p10,ToBytes_small,1268.450,1188.450,1.000
profile,encaps,p10,FromBytes_checked,803.000,723.000,1.000
profile,encaps,p10,CBD,467.000,387.000,1.000
profile,encaps,p10,SOTP_encode,478.000,398.000,1.000
profile,encaps,p10,hash_f,13307.500,13227.500,1.000
profile,encaps,p10,hash_g,14571.450,14491.450,1.000
profile,encaps,p10,hash_h,4113.700,4033.700,1.000
profile,encaps,p10,RNG,432.000,352.000,1.000
profile,encaps,p10,cleanup,615.000,215.000,5.000
profile,encaps,p10,Forward,6944.000,6784.000,2.000
profile,encaps,p10,BaseMulAdd,2258.000,2178.000,1.000
profile,encaps,p10,ToBytes_full,1597.000,1517.000,1.000
profile,encaps,p10,ToBytes_small,1268.000,1188.000,1.000
profile,encaps,p10,FromBytes_checked,803.100,723.100,1.000
profile,encaps,p10,CBD,466.850,386.850,1.000
profile,encaps,p10,SOTP_encode,478.000,398.000,1.000
profile,encaps,p10,hash_f,13308.150,13228.150,1.000
profile,encaps,p10,hash_g,14567.550,14487.550,1.000
profile,encaps,p10,hash_h,4114.650,4034.650,1.000
profile,encaps,p10,RNG,432.000,352.000,1.000
profile,encaps,p10,cleanup,615.000,215.000,5.000
profile,encaps,p10,Forward,6944.000,6784.000,2.000
profile,encaps,p10,BaseMulAdd,2258.000,2178.000,1.000
profile,encaps,p10,ToBytes_full,1597.000,1517.000,1.000
profile,encaps,p10,ToBytes_small,1268.000,1188.000,1.000
profile,encaps,p10,FromBytes_checked,803.000,723.000,1.000
profile,encaps,p10,CBD,467.000,387.000,1.000
profile,encaps,p10,SOTP_encode,478.000,398.000,1.000
profile,encaps,p10,hash_f,13303.750,13223.750,1.000
profile,encaps,p10,hash_g,14570.750,14490.750,1.000
profile,encaps,p10,hash_h,4115.300,4035.300,1.000
profile,encaps,p10,RNG,432.900,352.900,1.000
profile,encaps,p10,cleanup,615.000,215.000,5.000
profile,encaps,p10,Forward,6944.000,6784.000,2.000
profile,encaps,p10,BaseMulAdd,2258.000,2178.000,1.000
profile,encaps,p10,ToBytes_full,1597.000,1517.000,1.000
profile,encaps,p10,ToBytes_small,1268.000,1188.000,1.000
profile,encaps,p10,FromBytes_checked,803.000,723.000,1.000
profile,encaps,p10,CBD,467.000,387.000,1.000
profile,encaps,p10,SOTP_encode,478.000,398.000,1.000
profile,encaps,p10,hash_f,13312.800,13232.800,1.000
profile,encaps,p10,hash_g,14568.850,14488.850,1.000
profile,encaps,p10,hash_h,4116.200,4036.200,1.000
profile,encaps,p10,RNG,432.000,352.000,1.000
profile,encaps,p10,cleanup,615.000,215.000,5.000
profile,encaps,p10,Forward,6947.900,6787.900,2.000
profile,encaps,p10,BaseMulAdd,2258.000,2178.000,1.000
profile,encaps,p10,ToBytes_full,1599.000,1519.000,1.000
profile,encaps,p10,ToBytes_small,1270.300,1190.300,1.000
profile,encaps,p10,FromBytes_checked,804.100,724.100,1.000
profile,encaps,p10,CBD,466.200,386.200,1.000
profile,encaps,p10,SOTP_encode,478.000,398.000,1.000
profile,encaps,p10,hash_f,13310.800,13230.800,1.000
profile,encaps,p10,hash_g,14565.700,14485.700,1.000
profile,encaps,p10,hash_h,4111.650,4031.650,1.000
profile,encaps,p10,RNG,432.000,352.000,1.000
profile,encaps,p10,cleanup,616.200,216.200,5.000
profile,encaps,p10,Forward,6944.000,6784.000,2.000
profile,encaps,p10,BaseMulAdd,2258.000,2178.000,1.000
profile,encaps,p10,ToBytes_full,1597.000,1517.000,1.000
profile,encaps,p10,ToBytes_small,1268.000,1188.000,1.000
profile,encaps,p10,FromBytes_checked,803.000,723.000,1.000
profile,encaps,p10,CBD,467.000,387.000,1.000
profile,encaps,p10,SOTP_encode,478.000,398.000,1.000
profile,encaps,p10,hash_f,13309.350,13229.350,1.000
profile,encaps,p10,hash_g,14562.950,14482.950,1.000
profile,encaps,p10,hash_h,4116.000,4036.000,1.000
profile,encaps,p10,RNG,432.000,352.000,1.000
profile,encaps,p10,cleanup,615.000,215.000,5.000
profile,encaps,p10,Forward,6944.300,6784.300,2.000
profile,encaps,p10,BaseMulAdd,2258.000,2178.000,1.000
profile,encaps,p10,ToBytes_full,1597.700,1517.700,1.000
profile,encaps,p10,ToBytes_small,1268.400,1188.400,1.000
profile,encaps,p10,FromBytes_checked,802.750,722.750,1.000
profile,encaps,p10,CBD,466.700,386.700,1.000
profile,encaps,p10,SOTP_encode,478.000,398.000,1.000
profile,encaps,p10,hash_f,13307.250,13227.250,1.000
profile,encaps,p10,hash_g,14561.650,14481.650,1.000
profile,encaps,p10,hash_h,4115.150,4035.150,1.000
profile,encaps,p10,RNG,432.900,352.900,1.000
profile,encaps,p10,cleanup,615.000,215.000,5.000
profile,encaps,p10,Forward,6944.000,6784.000,2.000
profile,encaps,p10,BaseMulAdd,2258.000,2178.000,1.000
profile,encaps,p10,ToBytes_full,1597.000,1517.000,1.000
profile,encaps,p10,ToBytes_small,1268.000,1188.000,1.000
profile,encaps,p10,FromBytes_checked,802.500,722.500,1.000
profile,encaps,p10,CBD,467.000,387.000,1.000
profile,encaps,p10,SOTP_encode,478.000,398.000,1.000
profile,encaps,p10,hash_f,13302.350,13222.350,1.000
profile,encaps,p10,hash_g,14567.400,14487.400,1.000
profile,encaps,p10,hash_h,4108.600,4028.600,1.000
profile,encaps,p10,RNG,432.000,352.000,1.000
profile,encaps,p10,cleanup,615.000,215.000,5.000
profile,encaps,p10,Forward,6944.000,6784.000,2.000
profile,encaps,p10,BaseMulAdd,2258.000,2178.000,1.000
profile,encaps,p10,ToBytes_full,1597.000,1517.000,1.000
profile,encaps,p10,ToBytes_small,1268.000,1188.000,1.000
profile,encaps,p10,FromBytes_checked,802.500,722.500,1.000
profile,encaps,p10,CBD,467.000,387.000,1.000
profile,encaps,p10,SOTP_encode,478.000,398.000,1.000
profile,encaps,p10,hash_f,13303.400,13223.400,1.000
profile,encaps,p10,hash_g,14567.300,14487.300,1.000
profile,encaps,p10,hash_h,4114.500,4034.500,1.000
profile,encaps,p10,RNG,432.000,352.000,1.000
profile,encaps,p10,cleanup,615.000,215.000,5.000
profile,encaps,p10,Forward,6944.000,6784.000,2.000
profile,encaps,p10,BaseMulAdd,2258.000,2178.000,1.000
profile,encaps,p10,ToBytes_full,1597.000,1517.000,1.000
profile,encaps,p10,ToBytes_small,1268.000,1188.000,1.000
profile,encaps,p10,FromBytes_checked,802.500,722.500,1.000
profile,encaps,p10,CBD,467.000,387.000,1.000
profile,encaps,p10,SOTP_encode,478.000,398.000,1.000
profile,encaps,p10,hash_f,13292.200,13212.200,1.000
profile,encaps,p10,hash_g,14562.200,14482.200,1.000
profile,encaps,p10,hash_h,4115.250,4035.250,1.000
profile,encaps,p10,RNG,432.000,352.000,1.000
profile,encaps,p10,cleanup,615.000,215.000,5.000
profile,encaps,p10,Forward,6948.850,6788.850,2.000
profile,encaps,p10,BaseMulAdd,2258.200,2178.200,1.000
profile,encaps,p10,ToBytes_full,1597.150,1517.150,1.000
profile,encaps,p10,ToBytes_small,1269.150,1189.150,1.000
profile,encaps,p10,FromBytes_checked,803.600,723.600,1.000
profile,encaps,p10,CBD,466.900,386.900,1.000
profile,encaps,p10,SOTP_encode,478.000,398.000,1.000
profile,encaps,p10,hash_f,13314.700,13234.700,1.000
profile,encaps,p10,hash_g,14567.400,14487.400,1.000
profile,encaps,p10,hash_h,4115.400,4035.400,1.000
profile,encaps,p10,RNG,432.000,352.000,1.000
profile,encaps,p10,cleanup,617.050,217.050,5.000
profile,encaps,p10,Forward,6944.300,6784.300,2.000
profile,encaps,p10,BaseMulAdd,2258.000,2178.000,1.000
profile,encaps,p10,ToBytes_full,1597.700,1517.700,1.000
profile,encaps,p10,ToBytes_small,1268.000,1188.000,1.000
profile,encaps,p10,FromBytes_checked,802.500,722.500,1.000
profile,encaps,p10,CBD,466.200,386.200,1.000
profile,encaps,p10,SOTP_encode,478.000,398.000,1.000
profile,encaps,p10,hash_f,13304.550,13224.550,1.000
profile,encaps,p10,hash_g,14559.050,14479.050,1.000
profile,encaps,p10,hash_h,4114.100,4034.100,1.000
profile,encaps,p10,RNG,432.000,352.000,1.000
profile,encaps,p10,cleanup,615.000,215.000,5.000
profile,encaps,p10,Forward,6944.000,6784.000,2.000
profile,encaps,p10,BaseMulAdd,2258.000,2178.000,1.000
profile,encaps,p10,ToBytes_full,1597.000,1517.000,1.000
profile,encaps,p10,ToBytes_small,1268.000,1188.000,1.000
profile,encaps,p10,FromBytes_checked,802.500,722.500,1.000
profile,encaps,p10,CBD,466.850,386.850,1.000
profile,encaps,p10,SOTP_encode,478.000,398.000,1.000
profile,encaps,p10,hash_f,13306.250,13226.250,1.000
profile,encaps,p10,hash_g,14556.800,14476.800,1.000
profile,encaps,p10,hash_h,4110.550,4030.550,1.000
profile,encaps,p10,RNG,432.000,352.000,1.000
profile,encaps,p10,cleanup,615.000,215.000,5.000
profile,decaps,p10,Forward,6945.150,6785.150,2.000
profile,decaps,p10,BaseMul_R0,2254.900,2174.900,1.000
profile,decaps,p10,BaseMul_Rinv,1846.850,1766.850,1.000
profile,decaps,p10,ToBytes_full,1595.150,1515.150,1.000
profile,decaps,p10,ToBytes_small,1266.350,1186.350,1.000
profile,decaps,p10,FromBytes_checked,2405.100,2165.100,3.000
profile,decaps,p10,CBD,454.000,374.000,1.000
profile,decaps,p10,SOTP_decode,463.000,383.000,1.000
profile,decaps,p10,Sub,285.100,205.100,1.000
profile,decaps,p10,hash_g,14591.700,14511.700,1.000
profile,decaps,p10,hash_h,4129.700,4049.700,1.000
profile,decaps,p10,cleanup,1091.550,451.550,8.000
profile,decaps,p10,Inverse_to_ternary,5518.500,5438.500,1.000
profile,decaps,p10,Forward,6926.900,6766.900,2.000
profile,decaps,p10,BaseMul_R0,2255.800,2175.800,1.000
profile,decaps,p10,BaseMul_Rinv,1842.200,1762.200,1.000
profile,decaps,p10,ToBytes_full,1595.000,1515.000,1.000
profile,decaps,p10,ToBytes_small,1267.000,1187.000,1.000
profile,decaps,p10,FromBytes_checked,2402.600,2162.600,3.000
profile,decaps,p10,CBD,453.000,373.000,1.000
profile,decaps,p10,SOTP_decode,463.250,383.250,1.000
profile,decaps,p10,Sub,284.000,204.000,1.000
profile,decaps,p10,hash_g,14573.850,14493.850,1.000
profile,decaps,p10,hash_h,4118.950,4038.950,1.000
profile,decaps,p10,cleanup,1091.000,451.000,8.000
profile,decaps,p10,Inverse_to_ternary,5515.050,5435.050,1.000
profile,decaps,p10,Forward,6926.450,6766.450,2.000
profile,decaps,p10,BaseMul_R0,2256.000,2176.000,1.000
profile,decaps,p10,BaseMul_Rinv,1842.200,1762.200,1.000
profile,decaps,p10,ToBytes_full,1595.000,1515.000,1.000
profile,decaps,p10,ToBytes_small,1267.000,1187.000,1.000
profile,decaps,p10,FromBytes_checked,2401.500,2161.500,3.000
profile,decaps,p10,CBD,454.000,374.000,1.000
profile,decaps,p10,SOTP_decode,463.250,383.250,1.000
profile,decaps,p10,Sub,284.000,204.000,1.000
profile,decaps,p10,hash_g,14611.500,14531.500,1.000
profile,decaps,p10,hash_h,4125.550,4045.550,1.000
profile,decaps,p10,cleanup,1091.000,451.000,8.000
profile,decaps,p10,Inverse_to_ternary,5514.550,5434.550,1.000
profile,decaps,p10,Forward,6926.200,6766.200,2.000
profile,decaps,p10,BaseMul_R0,2254.000,2174.000,1.000
profile,decaps,p10,BaseMul_Rinv,1842.200,1762.200,1.000
profile,decaps,p10,ToBytes_full,1596.150,1516.150,1.000
profile,decaps,p10,ToBytes_small,1267.000,1187.000,1.000
profile,decaps,p10,FromBytes_checked,2402.850,2162.850,3.000
profile,decaps,p10,CBD,453.000,373.000,1.000
profile,decaps,p10,SOTP_decode,463.250,383.250,1.000
profile,decaps,p10,Sub,284.000,204.000,1.000
profile,decaps,p10,hash_g,14593.350,14513.350,1.000
profile,decaps,p10,hash_h,4127.750,4047.750,1.000
profile,decaps,p10,cleanup,1091.750,451.750,8.000
profile,decaps,p10,Inverse_to_ternary,5517.550,5437.550,1.000
profile,decaps,p10,Forward,6930.800,6770.800,2.000
profile,decaps,p10,BaseMul_R0,2258.000,2178.000,1.000
profile,decaps,p10,BaseMul_Rinv,1842.200,1762.200,1.000
profile,decaps,p10,ToBytes_full,1602.500,1522.500,1.000
profile,decaps,p10,ToBytes_small,1267.000,1187.000,1.000
profile,decaps,p10,FromBytes_checked,2409.100,2169.100,3.000
profile,decaps,p10,CBD,458.000,378.000,1.000
profile,decaps,p10,SOTP_decode,463.250,383.250,1.000
profile,decaps,p10,Sub,284.000,204.000,1.000
profile,decaps,p10,hash_g,14588.200,14508.200,1.000
profile,decaps,p10,hash_h,4124.000,4044.000,1.000
profile,decaps,p10,cleanup,1092.600,452.600,8.000
profile,decaps,p10,Inverse_to_ternary,5510.500,5430.500,1.000
profile,decaps,p10,Forward,6929.850,6769.850,2.000
profile,decaps,p10,BaseMul_R0,2254.150,2174.150,1.000
profile,decaps,p10,BaseMul_Rinv,1843.650,1763.650,1.000
profile,decaps,p10,ToBytes_full,1595.000,1515.000,1.000
profile,decaps,p10,ToBytes_small,1267.650,1187.650,1.000
profile,decaps,p10,FromBytes_checked,2407.650,2167.650,3.000
profile,decaps,p10,CBD,455.000,375.000,1.000
profile,decaps,p10,SOTP_decode,463.250,383.250,1.000
profile,decaps,p10,Sub,284.000,204.000,1.000
profile,decaps,p10,hash_g,14581.450,14501.450,1.000
profile,decaps,p10,hash_h,4122.400,4042.400,1.000
profile,decaps,p10,cleanup,1092.800,452.800,8.000
profile,decaps,p10,Inverse_to_ternary,5514.950,5434.950,1.000
profile,decaps,p10,Forward,6923.100,6763.100,2.000
profile,decaps,p10,BaseMul_R0,2255.800,2175.800,1.000
profile,decaps,p10,BaseMul_Rinv,1839.250,1759.250,1.000
profile,decaps,p10,ToBytes_full,1595.000,1515.000,1.000
profile,decaps,p10,ToBytes_small,1266.000,1186.000,1.000
profile,decaps,p10,FromBytes_checked,2403.950,2163.950,3.000
profile,decaps,p10,CBD,453.000,373.000,1.000
profile,decaps,p10,SOTP_decode,463.250,383.250,1.000
profile,decaps,p10,Sub,284.000,204.000,1.000
profile,decaps,p10,hash_g,14581.850,14501.850,1.000
profile,decaps,p10,hash_h,4121.250,4041.250,1.000
profile,decaps,p10,cleanup,1092.800,452.800,8.000
profile,decaps,p10,Inverse_to_ternary,5514.650,5434.650,1.000
profile,decaps,p10,Forward,6923.000,6763.000,2.000
profile,decaps,p10,BaseMul_R0,2256.000,2176.000,1.000
profile,decaps,p10,BaseMul_Rinv,1842.000,1762.000,1.000
profile,decaps,p10,ToBytes_full,1595.000,1515.000,1.000
profile,decaps,p10,ToBytes_small,1267.000,1187.000,1.000
profile,decaps,p10,FromBytes_checked,2404.350,2164.350,3.000
profile,decaps,p10,CBD,453.000,373.000,1.000
profile,decaps,p10,SOTP_decode,467.250,387.250,1.000
profile,decaps,p10,Sub,284.000,204.000,1.000
profile,decaps,p10,hash_g,14566.150,14486.150,1.000
profile,decaps,p10,hash_h,4124.800,4044.800,1.000
profile,decaps,p10,cleanup,1092.600,452.600,8.000
profile,decaps,p10,Inverse_to_ternary,5514.550,5434.550,1.000
profile,decaps,p10,Forward,6923.000,6763.000,2.000
profile,decaps,p10,BaseMul_R0,2256.000,2176.000,1.000
profile,decaps,p10,BaseMul_Rinv,1842.000,1762.000,1.000
profile,decaps,p10,ToBytes_full,1595.000,1515.000,1.000
profile,decaps,p10,ToBytes_small,1267.000,1187.000,1.000
profile,decaps,p10,FromBytes_checked,2402.850,2162.850,3.000
profile,decaps,p10,CBD,454.000,374.000,1.000
profile,decaps,p10,SOTP_decode,467.250,387.250,1.000
profile,decaps,p10,Sub,284.000,204.000,1.000
profile,decaps,p10,hash_g,14580.350,14500.350,1.000
profile,decaps,p10,hash_h,4121.150,4041.150,1.000
profile,decaps,p10,cleanup,1091.000,451.000,8.000
profile,decaps,p10,Inverse_to_ternary,5513.450,5433.450,1.000
profile,decaps,p10,Forward,6923.000,6763.000,2.000
profile,decaps,p10,BaseMul_R0,2255.800,2175.800,1.000
profile,decaps,p10,BaseMul_Rinv,1842.000,1762.000,1.000
profile,decaps,p10,ToBytes_full,1595.000,1515.000,1.000
profile,decaps,p10,ToBytes_small,1267.000,1187.000,1.000
profile,decaps,p10,FromBytes_checked,2404.400,2164.400,3.000
profile,decaps,p10,CBD,453.000,373.000,1.000
profile,decaps,p10,SOTP_decode,467.250,387.250,1.000
profile,decaps,p10,Sub,284.000,204.000,1.000
profile,decaps,p10,hash_g,14591.750,14511.750,1.000
profile,decaps,p10,hash_h,4126.950,4046.950,1.000
profile,decaps,p10,cleanup,1091.000,451.000,8.000
profile,decaps,p10,Inverse_to_ternary,5514.500,5434.500,1.000
profile,decaps,p10,Forward,6923.950,6763.950,2.000
profile,decaps,p10,BaseMul_R0,2256.000,2176.000,1.000
profile,decaps,p10,BaseMul_Rinv,1842.000,1762.000,1.000
profile,decaps,p10,ToBytes_full,1595.000,1515.000,1.000
profile,decaps,p10,ToBytes_small,1267.000,1187.000,1.000
profile,decaps,p10,FromBytes_checked,2402.800,2162.800,3.000
profile,decaps,p10,CBD,455.500,375.500,1.000
profile,decaps,p10,SOTP_decode,467.250,387.250,1.000
profile,decaps,p10,Sub,284.000,204.000,1.000
profile,decaps,p10,hash_g,14587.550,14507.550,1.000
profile,decaps,p10,hash_h,4122.950,4042.950,1.000
profile,decaps,p10,cleanup,1091.000,451.000,8.000
profile,decaps,p10,Inverse_to_ternary,5512.850,5432.850,1.000
profile,decaps,p10,Forward,6938.550,6778.550,2.000
profile,decaps,p10,BaseMul_R0,2255.800,2175.800,1.000
profile,decaps,p10,BaseMul_Rinv,1842.500,1762.500,1.000
profile,decaps,p10,ToBytes_full,1595.000,1515.000,1.000
profile,decaps,p10,ToBytes_small,1267.000,1187.000,1.000
profile,decaps,p10,FromBytes_checked,2403.000,2163.000,3.000
profile,decaps,p10,CBD,454.000,374.000,1.000
profile,decaps,p10,SOTP_decode,467.250,387.250,1.000
profile,decaps,p10,Sub,284.000,204.000,1.000
profile,decaps,p10,hash_g,14567.650,14487.650,1.000
profile,decaps,p10,hash_h,4121.650,4041.650,1.000
profile,decaps,p10,cleanup,1091.000,451.000,8.000
profile,decaps,p10,Inverse_to_ternary,5513.350,5433.350,1.000
profile,decaps,p10,Forward,6934.800,6774.800,2.000
profile,decaps,p10,BaseMul_R0,2256.000,2176.000,1.000
profile,decaps,p10,BaseMul_Rinv,1842.200,1762.200,1.000
profile,decaps,p10,ToBytes_full,1595.000,1515.000,1.000
profile,decaps,p10,ToBytes_small,1267.000,1187.000,1.000
profile,decaps,p10,FromBytes_checked,2402.450,2162.450,3.000
profile,decaps,p10,CBD,453.000,373.000,1.000
profile,decaps,p10,SOTP_decode,467.500,387.500,1.000
profile,decaps,p10,Sub,284.000,204.000,1.000
profile,decaps,p10,hash_g,14590.100,14510.100,1.000
profile,decaps,p10,hash_h,4118.950,4038.950,1.000
profile,decaps,p10,cleanup,1091.150,451.150,8.000
profile,decaps,p10,Inverse_to_ternary,5516.100,5436.100,1.000
profile,decaps,p10,Forward,6935.000,6775.000,2.000
profile,decaps,p10,BaseMul_R0,2255.800,2175.800,1.000
profile,decaps,p10,BaseMul_Rinv,1842.000,1762.000,1.000
profile,decaps,p10,ToBytes_full,1595.000,1515.000,1.000
profile,decaps,p10,ToBytes_small,1267.000,1187.000,1.000
profile,decaps,p10,FromBytes_checked,2405.350,2165.350,3.000
profile,decaps,p10,CBD,453.000,373.000,1.000
profile,decaps,p10,SOTP_decode,467.250,387.250,1.000
profile,decaps,p10,Sub,284.000,204.000,1.000
profile,decaps,p10,hash_g,14555.650,14475.650,1.000
profile,decaps,p10,hash_h,4118.150,4038.150,1.000
profile,decaps,p10,cleanup,1091.000,451.000,8.000
profile,decaps,p10,Inverse_to_ternary,5515.150,5435.150,1.000
profile,decaps,p10,Forward,6934.800,6774.800,2.000
profile,decaps,p10,BaseMul_R0,2256.000,2176.000,1.000
profile,decaps,p10,BaseMul_Rinv,1842.000,1762.000,1.000
profile,decaps,p10,ToBytes_full,1595.000,1515.000,1.000
profile,decaps,p10,ToBytes_small,1267.000,1187.000,1.000
profile,decaps,p10,FromBytes_checked,2401.200,2161.200,3.000
profile,decaps,p10,CBD,453.000,373.000,1.000
profile,decaps,p10,SOTP_decode,467.250,387.250,1.000
profile,decaps,p10,Sub,284.000,204.000,1.000
profile,decaps,p10,hash_g,14586.100,14506.100,1.000
profile,decaps,p10,hash_h,4130.550,4050.550,1.000
profile,decaps,p10,cleanup,1091.000,451.000,8.000
profile,decaps,p10,Inverse_to_ternary,5514.250,5434.250,1.000
profile,decaps,p10,Forward,6935.350,6775.350,2.000
profile,decaps,p10,BaseMul_R0,2254.000,2174.000,1.000
profile,decaps,p10,BaseMul_Rinv,1842.000,1762.000,1.000
profile,decaps,p10,ToBytes_full,1595.000,1515.000,1.000
profile,decaps,p10,ToBytes_small,1267.000,1187.000,1.000
profile,decaps,p10,FromBytes_checked,2404.900,2164.900,3.000
profile,decaps,p10,CBD,453.000,373.000,1.000
profile,decaps,p10,SOTP_decode,467.500,387.500,1.000
profile,decaps,p10,Sub,284.000,204.000,1.000
profile,decaps,p10,hash_g,14581.550,14501.550,1.000
profile,decaps,p10,hash_h,4124.700,4044.700,1.000
profile,decaps,p10,cleanup,1091.000,451.000,8.000
profile,decaps,p10,Inverse_to_ternary,5517.500,5437.500,1.000
profile,decaps,p10,Forward,6942.450,6782.450,2.000
profile,decaps,p10,BaseMul_R0,2235.650,2155.650,1.000
profile,decaps,p10,BaseMul_Rinv,1842.200,1762.200,1.000
profile,decaps,p10,ToBytes_full,1595.750,1515.750,1.000
profile,decaps,p10,ToBytes_small,1274.150,1194.150,1.000
profile,decaps,p10,FromBytes_checked,2406.200,2166.200,3.000
profile,decaps,p10,CBD,456.500,376.500,1.000
profile,decaps,p10,SOTP_decode,467.000,387.000,1.000
profile,decaps,p10,Sub,284.500,204.500,1.000
profile,decaps,p10,hash_g,14570.500,14490.500,1.000
profile,decaps,p10,hash_h,4122.800,4042.800,1.000
profile,decaps,p10,cleanup,1091.300,451.300,8.000
profile,decaps,p10,Inverse_to_ternary,5515.100,5435.100,1.000
profile,decaps,p10,Forward,6933.250,6773.250,2.000
profile,decaps,p10,BaseMul_R0,2255.800,2175.800,1.000
profile,decaps,p10,BaseMul_Rinv,1842.000,1762.000,1.000
profile,decaps,p10,ToBytes_full,1595.000,1515.000,1.000
profile,decaps,p10,ToBytes_small,1267.000,1187.000,1.000
profile,decaps,p10,FromBytes_checked,2404.850,2164.850,3.000
profile,decaps,p10,CBD,453.500,373.500,1.000
profile,decaps,p10,SOTP_decode,467.250,387.250,1.000
profile,decaps,p10,Sub,284.000,204.000,1.000
profile,decaps,p10,hash_g,14588.000,14508.000,1.000
profile,decaps,p10,hash_h,4125.050,4045.050,1.000
profile,decaps,p10,cleanup,1091.000,451.000,8.000
profile,decaps,p10,Inverse_to_ternary,5513.650,5433.650,1.000
profile,decaps,p10,Forward,6927.000,6767.000,2.000
profile,decaps,p10,BaseMul_R0,2254.200,2174.200,1.000
profile,decaps,p10,BaseMul_Rinv,1842.500,1762.500,1.000
profile,decaps,p10,ToBytes_full,1595.000,1515.000,1.000
profile,decaps,p10,ToBytes_small,1267.000,1187.000,1.000
profile,decaps,p10,FromBytes_checked,2404.900,2164.900,3.000
profile,decaps,p10,CBD,453.000,373.000,1.000
profile,decaps,p10,SOTP_decode,467.000,387.000,1.000
profile,decaps,p10,Sub,284.000,204.000,1.000
profile,decaps,p10,hash_g,14588.700,14508.700,1.000
profile,decaps,p10,hash_h,4124.000,4044.000,1.000
profile,decaps,p10,cleanup,1091.150,451.150,8.000
profile,decaps,p10,Inverse_to_ternary,5518.550,5438.550,1.000
profile,decaps,p10,Forward,6926.500,6766.500,2.000
profile,decaps,p10,BaseMul_R0,2255.800,2175.800,1.000
profile,decaps,p10,BaseMul_Rinv,1842.300,1762.300,1.000
profile,decaps,p10,ToBytes_full,1595.000,1515.000,1.000
profile,decaps,p10,ToBytes_small,1267.000,1187.000,1.000
profile,decaps,p10,FromBytes_checked,2404.100,2164.100,3.000
profile,decaps,p10,CBD,453.000,373.000,1.000
profile,decaps,p10,SOTP_decode,467.500,387.500,1.000
profile,decaps,p10,Sub,284.000,204.000,1.000
profile,decaps,p10,hash_g,14568.600,14488.600,1.000
profile,decaps,p10,hash_h,4125.800,4045.800,1.000
profile,decaps,p10,cleanup,1091.000,451.000,8.000
profile,decaps,p10,Inverse_to_ternary,5514.800,5434.800,1.000
profile,decaps,p10,Forward,6926.200,6766.200,2.000
profile,decaps,p10,BaseMul_R0,2256.000,2176.000,1.000
profile,decaps,p10,BaseMul_Rinv,1842.300,1762.300,1.000
profile,decaps,p10,ToBytes_full,1595.000,1515.000,1.000
profile,decaps,p10,ToBytes_small,1267.000,1187.000,1.000
profile,decaps,p10,FromBytes_checked,2403.900,2163.900,3.000
profile,decaps,p10,CBD,453.000,373.000,1.000
profile,decaps,p10,SOTP_decode,467.500,387.500,1.000
profile,decaps,p10,Sub,284.000,204.000,1.000
profile,decaps,p10,hash_g,14600.350,14520.350,1.000
profile,decaps,p10,hash_h,4123.800,4043.800,1.000
profile,decaps,p10,cleanup,1091.000,451.000,8.000
profile,decaps,p10,Inverse_to_ternary,5514.550,5434.550,1.000
